{"type": "FeatureCollection", "features": [{"type": "Feature", "id": "L7173.PTAMC18_334", "geometry": {"type": "LineString", "coordinates": [[9.850497, 44.023504, 0], [9.850528, 44.023456, 0], [9.850577, 44.023452, 0], [9.850627, 44.023437, 0], [9.850639, 44.023406, 0], [9.850665, 44.023379, 0], [9.850746, 44.02336, 0], [9.850838, 44.023358, 0], [9.850894, 44.023356, 0], [9.850927, 44.023344, 0], [9.850975, 44.023321, 0], [9.850988, 44.023297, 0], [9.851029, 44.02328, 0], [9.851146, 44.023284, 0], [9.851251, 44.023274, 0], [9.851321, 44.023287, 0], [9.85138, 44.023281, 0], [9.851423, 44.023297, 0], [9.851445, 44.023336, 0], [9.851413, 44.023455, 0], [9.851404, 44.023572, 0], [9.851367, 44.023638, 0], [9.851386, 44.023683, 0], [9.851407, 44.023746, 0], [9.851426, 44.023807, 0], [9.851428, 44.023976, 0], [9.851437, 44.02403, 0], [9.851414, 44.024052, 0], [9.851382, 44.024074, 0], [9.851341, 44.024085, 0], [9.851329, 44.024108, 0], [9.851328, 44.024139, 0], [9.851341, 44.0242, 0], [9.851364, 44.024242, 0], [9.851406, 44.024247, 0], [9.851396, 44.024296, 0], [9.851377, 44.024325, 0], [9.851351, 44.024348, 0], [9.851342, 44.024395, 0], [9.851319, 44.024427, 0], [9.851281, 44.024448, 0], [9.851234, 44.024443, 0], [9.851197, 44.02443, 0], [9.851172, 44.024421, 0], [9.851178, 44.024391, 0], [9.851208, 44.024361, 0], [9.851224, 44.024336, 0], [9.851243, 44.02431, 0], [9.851246, 44.024285, 0], [9.851251, 44.024251, 0], [9.851244, 44.024225, 0], [9.851222, 44.024202, 0], [9.851231, 44.024172, 0], [9.851244, 44.024144, 0], [9.851237, 44.024116, 0], [9.851214, 44.024097, 0], [9.851166, 44.024094, 0], [9.851085, 44.024097, 0], [9.851031, 44.024107, 0], [9.850916, 44.024083, 0], [9.850904, 44.024051, 0], [9.850874, 44.024014, 0], [9.850831, 44.023984, 0], [9.850808, 44.023974, 0], [9.850807, 44.023932, 0], [9.85082, 44.023914, 0], [9.850866, 44.023898, 0], [9.850897, 44.023875, 0], [9.850903, 44.023849, 0], [9.85087, 44.023819, 0], [9.850817, 44.023817, 0], [9.850777, 44.023794, 0], [9.850737, 44.023754, 0], [9.850723, 44.023744, 0], [9.850688, 44.023718, 0], [9.850701, 44.023697, 0], [9.850684, 44.023667, 0], [9.850654, 44.023639, 0], [9.850588, 44.023632, 0], [9.850509, 44.023633, 0], [9.850476, 44.023628, 0], [9.850464, 44.023602, 0], [9.850472, 44.023554, 0], [9.850497, 44.023504, 0]]}, "geometry_name": "GEOMETRY", "properties": {"ID_LINEA": "PTAMC18_334", "AMBITO": "18", "COD_UF": "30", "NOME_UF": "Golfo della Spezia", "COD_PAR": "1", "NOME_PAR": "Pozzale", "LIM_PAR_W": "Capo dell'Isola", "LIM_PAR_E": "Punta della Scuola", "LUNGH": 395, "TIPO_LINEA": "costa alta", "CAT_LINEA": "1740", "FASE_ITER": "approvazione", "DATA_ITER": "D.C.R. n.2 del 21/02/2023", "DATA_DIGIT": 20191025}, "bbox": [9.850464, 44.023274, 9.851445, 44.024448]}, {"type": "Feature", "id": "L7173.PTAMC18_333", "geometry": {"type": "LineString", "coordinates": [[9.851852, 44.024152, 0], [9.8519, 44.024216, 0], [9.85199, 44.024242, 0], [9.852053, 44.024234, 0], [9.852078, 44.024158, 0], [9.852066, 44.02406, 0], [9.852028, 44.023992, 0], [9.851877, 44.024099, 0], [9.851852, 44.024152, 0]]}, "geometry_name": "GEOMETRY", "properties": {"ID_LINEA": "PTAMC18_333", "AMBITO": "18", "COD_UF": "30", "NOME_UF": "Golfo della Spezia", "COD_PAR": "1", "NOME_PAR": "Pozzale", "LIM_PAR_W": "Capo dell'Isola", "LIM_PAR_E": "Punta della Scuola", "LUNGH": 72, "TIPO_LINEA": "costa alta", "CAT_LINEA": "1739", "FASE_ITER": "approvazione", "DATA_ITER": "D.C.R. n.2 del 21/02/2023", "DATA_DIGIT": 20191025}, "bbox": [9.851852, 44.023992, 9.852078, 44.024242]}, {"type": "Feature", "id": "L7173.PTAMC18_142", "geometry": {"type": "LineString", "coordinates": [[9.853573, 44.026961, 0], [9.853661, 44.026881, 0], [9.853693, 44.026819, 0], [9.85371, 44.026731, 0], [9.853776, 44.026656, 0], [9.853766, 44.026591, 0], [9.853734, 44.02659, 0], [9.853695, 44.026599, 0], [9.853678, 44.026581, 0], [9.853712, 44.026542, 0], [9.853744, 44.026491, 0], [9.853773, 44.026431, 0], [9.853819, 44.026387, 0], [9.853835, 44.026345, 0], [9.853811, 44.02631, 0], [9.853831, 44.026236, 0], [9.853851, 44.026091, 0], [9.853865, 44.026027, 0], [9.853874, 44.025965, 0], [9.853806, 44.025961, 0], [9.853771, 44.025953, 0], [9.853764, 44.025928, 0], [9.853763, 44.025823, 0], [9.853742, 44.025761, 0], [9.853712, 44.025717, 0], [9.853726, 44.025679, 0], [9.853727, 44.025612, 0], [9.853706, 44.025574, 0], [9.853683, 44.025559, 0], [9.85352, 44.025556, 0], [9.853481, 44.02557, 0], [9.853416, 44.025581, 0], [9.853345, 44.025581, 0], [9.853239, 44.025562, 0], [9.853125, 44.025529, 0], [9.853069, 44.025513, 0], [9.853006, 44.025498, 0], [9.85296, 44.025493, 0], [9.852916, 44.025467, 0], [9.852888, 44.025423, 0], [9.85288, 44.025372, 0], [9.852886, 44.025339, 0], [9.852864, 44.025306, 0], [9.852867, 44.02524, 0], [9.852827, 44.025192, 0], [9.852775, 44.025172, 0], [9.85274, 44.025114, 0], [9.852721, 44.025029, 0], [9.852693, 44.024941, 0], [9.852676, 44.024918, 0], [9.852567, 44.024904, 0], [9.852491, 44.024896, 0], [9.852443, 44.024887, 0], [9.852404, 44.024922, 0], [9.852389, 44.024944, 0], [9.852383, 44.024973, 0], [9.852391, 44.02499, 0], [9.852386, 44.025063, 0], [9.852319, 44.025161, 0], [9.852281, 44.025191, 0], [9.852215, 44.025208, 0], [9.852161, 44.02523, 0], [9.852109, 44.025288, 0], [9.852087, 44.025357, 0], [9.852002, 44.025434, 0], [9.851844, 44.025579, 0], [9.851732, 44.025686, 0], [9.851715, 44.025741, 0], [9.851666, 44.02578, 0], [9.851583, 44.02582, 0], [9.851548, 44.025833, 0], [9.85149, 44.02583, 0], [9.851398, 44.025821, 0], [9.851029, 44.025843, 0], [9.850951, 44.025853, 0], [9.850912, 44.025856, 0], [9.850827, 44.025829, 0], [9.850789, 44.025815, 0], [9.850759, 44.02579, 0], [9.850751, 44.025733, 0], [9.850717, 44.025724, 0], [9.850705, 44.025689, 0], [9.850692, 44.025648, 0], [9.850671, 44.025635, 0], [9.850626, 44.025635, 0], [9.850525, 44.025623, 0], [9.850433, 44.025632, 0], [9.850423, 44.025653, 0], [9.850384, 44.025663, 0], [9.850241, 44.025684, 0], [9.849877, 44.025663, 0], [9.849734, 44.025655, 0], [9.84956, 44.025682, 0], [9.849406, 44.025699, 0], [9.849273, 44.025714, 0], [9.849202, 44.025747, 0], [9.849026, 44.025848, 0], [9.84897, 44.025979, 0], [9.84898, 44.026054, 0], [9.848951, 44.026129, 0], [9.848901, 44.026174, 0], [9.848832, 44.026212, 0], [9.848791, 44.026214, 0], [9.848736, 44.026222, 0], [9.848672, 44.026216, 0], [9.848612, 44.026207, 0], [9.848509, 44.026261, 0], [9.848352, 44.026394, 0], [9.848346, 44.026428, 0], [9.848338, 44.02652, 0], [9.848347, 44.026552, 0], [9.848362, 44.026589, 0], [9.848365, 44.026646, 0], [9.84835, 44.026668, 0], [9.848311, 44.026707, 0], [9.848214, 44.026879, 0], [9.848118, 44.027075, 0], [9.848074, 44.027183, 0], [9.848048, 44.027235, 0], [9.848089, 44.027318, 0], [9.848126, 44.02737, 0], [9.848051, 44.027473, 0], [9.847924, 44.027598, 0], [9.847912, 44.027675, 0], [9.847923, 44.027751, 0], [9.847931, 44.027851, 0], [9.847926, 44.027952, 0], [9.847874, 44.027988, 0], [9.847801, 44.028008, 0], [9.847749, 44.028044, 0], [9.84778, 44.028103, 0], [9.847803, 44.028139, 0], [9.847781, 44.028232, 0], [9.847746, 44.028318, 0], [9.847757, 44.028363, 0], [9.847748, 44.028415, 0], [9.847692, 44.028456, 0], [9.847627, 44.028509, 0], [9.847595, 44.0286, 0], [9.84759, 44.028667, 0], [9.847537, 44.028708, 0], [9.847518, 44.028774, 0], [9.847529, 44.02882, 0], [9.847503, 44.028858, 0], [9.847468, 44.028932, 0], [9.847505, 44.028967, 0], [9.847545, 44.028991, 0], [9.847578, 44.028981, 0], [9.847631, 44.029024, 0], [9.847671, 44.029054, 0], [9.847757, 44.029058, 0], [9.847949, 44.029078, 0], [9.848067, 44.029073, 0], [9.848242, 44.02905, 0], [9.848321, 44.028995, 0], [9.848376, 44.028913, 0], [9.848378, 44.028868, 0]]}, "geometry_name": "GEOMETRY", "properties": {"ID_LINEA": "PTAMC18_142", "AMBITO": "18", "COD_UF": "30", "NOME_UF": "Golfo della Spezia", "COD_PAR": "1", "NOME_PAR": "Pozzale", "LIM_PAR_W": "Capo dell'Isola", "LIM_PAR_E": "Punta della Scuola", "LUNGH": 1186, "TIPO_LINEA": "costa alta", "CAT_LINEA": "142", "FASE_ITER": "approvazione", "DATA_ITER": "D.C.R. n.2 del 21/02/2023", "DATA_DIGIT": 20191025}, "bbox": [9.847468, 44.024887, 9.853874, 44.029078]}, {"type": "Feature", "id": "L7173.PTAMC18_141", "geometry": {"type": "LineString", "coordinates": [[9.853322, 44.027044, 0], [9.853438, 44.027072, 0], [9.853573, 44.026961, 0]]}, "geometry_name": "GEOMETRY", "properties": {"ID_LINEA": "PTAMC18_141", "AMBITO": "18", "COD_UF": "30", "NOME_UF": "Golfo della Spezia", "COD_PAR": "1", "NOME_PAR": "Pozzale", "LIM_PAR_W": "Capo dell'Isola", "LIM_PAR_E": "Punta della Scuola", "LUNGH": 26, "TIPO_LINEA": "artificiale", "CAT_LINEA": "141", "FASE_ITER": "approvazione", "DATA_ITER": "D.C.R. n.2 del 21/02/2023", "DATA_DIGIT": 20191025}, "bbox": [9.853322, 44.026961, 9.853573, 44.027072]}, {"type": "Feature", "id": "L7173.PTAMC18_140", "geometry": {"type": "LineString", "coordinates": [[9.852926, 44.027155, 0], [9.852933, 44.027126, 0], [9.852999, 44.02712, 0], [9.853064, 44.027115, 0], [9.85312, 44.027115, 0], [9.853159, 44.027111, 0], [9.853227, 44.027086, 0], [9.853322, 44.027044, 0]]}, "geometry_name": "GEOMETRY", "properties": {"ID_LINEA": "PTAMC18_140", "AMBITO": "18", "COD_UF": "30", "NOME_UF": "Golfo della Spezia", "COD_PAR": "1", "NOME_PAR": "Pozzale", "LIM_PAR_W": "Capo dell'Isola", "LIM_PAR_E": "Punta della Scuola", "LUNGH": 37, "TIPO_LINEA": "spiaggia", "CAT_LINEA": "140", "FASE_ITER": "approvazione", "DATA_ITER": "D.C.R. n.2 del 21/02/2023", "DATA_DIGIT": 20191025}, "bbox": [9.852926, 44.027044, 9.853322, 44.027155]}, {"type": "Feature", "id": "L7173.PTAMC18_139", "geometry": {"type": "LineString", "coordinates": [[9.850873, 44.028152, 0], [9.850987, 44.02813, 0], [9.851077, 44.028116, 0], [9.851156, 44.028116, 0], [9.851239, 44.028124, 0], [9.851329, 44.028145, 0], [9.851347, 44.028164, 0], [9.851392, 44.02817, 0], [9.851491, 44.028172, 0], [9.851545, 44.028176, 0], [9.851603, 44.02818, 0], [9.851611, 44.028163, 0], [9.851622, 44.02814, 0], [9.851734, 44.028103, 0], [9.851776, 44.028159, 0], [9.851788, 44.028161, 0], [9.851807, 44.028152, 0], [9.85182, 44.028079, 0], [9.851855, 44.027753, 0], [9.851907, 44.027733, 0], [9.852047, 44.027692, 0], [9.852157, 44.027662, 0], [9.852297, 44.027612, 0], [9.85237, 44.027594, 0], [9.852411, 44.027588, 0], [9.852474, 44.027586, 0], [9.852518, 44.027577, 0], [9.852523, 44.027554, 0], [9.852529, 44.027504, 0], [9.852541, 44.027458, 0], [9.852549, 44.027431, 0], [9.852579, 44.027434, 0], [9.85261, 44.027444, 0], [9.852645, 44.027441, 0], [9.852704, 44.027416, 0], [9.852767, 44.027404, 0], [9.852834, 44.027387, 0], [9.852901, 44.027355, 0], [9.852952, 44.027339, 0], [9.852976, 44.027308, 0], [9.852998, 44.027259, 0], [9.852999, 44.027229, 0], [9.852967, 44.027201, 0], [9.852926, 44.027155, 0]]}, "geometry_name": "GEOMETRY", "properties": {"ID_LINEA": "PTAMC18_139", "AMBITO": "18", "COD_UF": "30", "NOME_UF": "Golfo della Spezia", "COD_PAR": "1", "NOME_PAR": "Pozzale", "LIM_PAR_W": "Capo dell'Isola", "LIM_PAR_E": "Punta della Scuola", "LUNGH": 261, "TIPO_LINEA": "costa alta", "CAT_LINEA": "139", "FASE_ITER": "approvazione", "DATA_ITER": "D.C.R. n.2 del 21/02/2023", "DATA_DIGIT": 20191025}, "bbox": [9.850873, 44.027155, 9.852999, 44.02818]}, {"type": "Feature", "id": "L7173.PTAMC18_138", "geometry": {"type": "LineString", "coordinates": [[9.849768, 44.028425, 0], [9.849868, 44.02841, 0], [9.849942, 44.028412, 0], [9.850025, 44.028433, 0], [9.850107, 44.028459, 0], [9.850141, 44.028454, 0], [9.850176, 44.028439, 0], [9.850246, 44.028431, 0], [9.850319, 44.028424, 0], [9.850372, 44.028439, 0], [9.850415, 44.028459, 0], [9.850457, 44.028471, 0], [9.850549, 44.028476, 0], [9.850622, 44.028476, 0], [9.850643, 44.028458, 0], [9.850692, 44.028388, 0], [9.850724, 44.028316, 0], [9.850728, 44.028256, 0], [9.850731, 44.02822, 0], [9.850796, 44.028178, 0], [9.850873, 44.028152, 0]]}, "geometry_name": "GEOMETRY", "properties": {"ID_LINEA": "PTAMC18_138", "AMBITO": "18", "COD_UF": "30", "NOME_UF": "Golfo della Spezia", "COD_PAR": "1", "NOME_PAR": "Pozzale", "LIM_PAR_W": "Capo dell'Isola", "LIM_PAR_E": "Punta della Scuola", "LUNGH": 116, "TIPO_LINEA": "artificiale", "CAT_LINEA": "138", "FASE_ITER": "approvazione", "DATA_ITER": "D.C.R. n.2 del 21/02/2023", "DATA_DIGIT": 20191025}, "bbox": [9.849768, 44.028152, 9.850873, 44.028476]}, {"type": "Feature", "id": "L7173.PTAMC18_137", "geometry": {"type": "LineString", "coordinates": [[9.848357, 44.028779, 0], [9.848378, 44.028738, 0], [9.848402, 44.028696, 0], [9.848403, 44.028668, 0], [9.848421, 44.028634, 0], [9.848447, 44.028598, 0], [9.848461, 44.028573, 0], [9.848508, 44.0285, 0], [9.848551, 44.028477, 0], [9.848612, 44.028469, 0], [9.848665, 44.028472, 0], [9.848691, 44.028477, 0], [9.848742, 44.028475, 0], [9.84878, 44.028461, 0], [9.848805, 44.028447, 0], [9.848846, 44.028432, 0], [9.848879, 44.028421, 0], [9.848961, 44.02841, 0], [9.849085, 44.028398, 0], [9.849152, 44.028392, 0], [9.849256, 44.028408, 0], [9.849318, 44.028422, 0], [9.849355, 44.028403, 0], [9.849398, 44.028407, 0], [9.849604, 44.028427, 0], [9.849645, 44.028413, 0], [9.849698, 44.028402, 0], [9.849768, 44.028425, 0]]}, "geometry_name": "GEOMETRY", "properties": {"ID_LINEA": "PTAMC18_137", "AMBITO": "18", "COD_UF": "30", "NOME_UF": "Golfo della Spezia", "COD_PAR": "1", "NOME_PAR": "Pozzale", "LIM_PAR_W": "Capo dell'Isola", "LIM_PAR_E": "Punta della Scuola", "LUNGH": 140, "TIPO_LINEA": "costa alta", "CAT_LINEA": "137", "FASE_ITER": "approvazione", "DATA_ITER": "D.C.R. n.2 del 21/02/2023", "DATA_DIGIT": 20191025}, "bbox": [9.848357, 44.028392, 9.849768, 44.028779]}, {"type": "Feature", "id": "L7173.PTAMC18_136", "geometry": {"type": "LineString", "coordinates": [[9.848378, 44.028868, 0], [9.848357, 44.028779, 0]]}, "geometry_name": "GEOMETRY", "properties": {"ID_LINEA": "PTAMC18_136", "AMBITO": "18", "COD_UF": "30", "NOME_UF": "Golfo della Spezia", "COD_PAR": "1", "NOME_PAR": "Pozzale", "LIM_PAR_W": "Capo dell'Isola", "LIM_PAR_E": "Punta della Scuola", "LUNGH": 10, "TIPO_LINEA": "artificiale", "CAT_LINEA": "136", "FASE_ITER": "approvazione", "DATA_ITER": "D.C.R. n.2 del 21/02/2023", "DATA_DIGIT": 20191025}, "bbox": [9.848357, 44.028779, 9.848378, 44.028868]}, {"type": "Feature", "id": "L7173.PTAMC18_381", "geometry": {"type": "LineString", "coordinates": [[9.847252, 44.033967, 0], [9.847252, 44.033935, 0], [9.847232, 44.033914, 0], [9.847222, 44.033898, 0], [9.847252, 44.033852, 0], [9.847273, 44.033777, 0], [9.847284, 44.033728, 0], [9.847285, 44.033697, 0], [9.84725, 44.033681, 0], [9.847269, 44.033648, 0], [9.847275, 44.03362, 0], [9.847246, 44.033614, 0], [9.847194, 44.033609, 0], [9.847184, 44.033584, 0], [9.847177, 44.033563, 0], [9.847152, 44.033557, 0], [9.847127, 44.033495, 0], [9.84712, 44.033444, 0], [9.847109, 44.033413, 0], [9.847083, 44.033375, 0], [9.847044, 44.03336, 0], [9.847001, 44.033362, 0]]}, "geometry_name": "GEOMETRY", "properties": {"ID_LINEA": "PTAMC18_381", "AMBITO": "18", "COD_UF": "30", "NOME_UF": "Golfo della Spezia", "COD_PAR": "1", "NOME_PAR": "Pozzale", "LIM_PAR_W": "Capo dell'Isola", "LIM_PAR_E": "Punta della Scuola", "LUNGH": 84, "TIPO_LINEA": "costa alta", "CAT_LINEA": "1924", "FASE_ITER": "approvazione", "DATA_ITER": "D.C.R. n.2 del 21/02/2023", "DATA_DIGIT": 20191025}, "bbox": [9.847001, 44.03336, 9.847285, 44.033967]}, {"type": "Feature", "id": "L7173.PTAMC17_337", "geometry": {"type": "LineString", "coordinates": [[9.847001, 44.033362, 0], [9.846972, 44.03338, 0], [9.846987, 44.033404, 0], [9.847027, 44.033438, 0], [9.847066, 44.033483, 0], [9.84705, 44.033496, 0], [9.846998, 44.033484, 0], [9.84694, 44.033481, 0], [9.846901, 44.033478, 0], [9.846859, 44.033472, 0], [9.846811, 44.033448, 0], [9.846772, 44.033456, 0], [9.846722, 44.033479, 0], [9.846683, 44.033522, 0], [9.84661, 44.033603, 0], [9.846593, 44.033644, 0], [9.846572, 44.033661, 0], [9.846442, 44.033688, 0], [9.846348, 44.03369, 0], [9.84615, 44.033682, 0], [9.846031, 44.03368, 0], [9.845851, 44.033698, 0], [9.845635, 44.033707, 0], [9.845498, 44.033704, 0], [9.845453, 44.033699, 0], [9.845379, 44.033691, 0], [9.845257, 44.033666, 0], [9.845175, 44.033694, 0], [9.845095, 44.033707, 0], [9.844997, 44.03371, 0], [9.844933, 44.033736, 0], [9.844834, 44.033811, 0], [9.844658, 44.034021, 0], [9.844587, 44.034116, 0], [9.844546, 44.03426, 0], [9.844531, 44.034357, 0], [9.844524, 44.03446, 0], [9.84454, 44.034525, 0], [9.844571, 44.034594, 0], [9.844629, 44.034621, 0], [9.844654, 44.034653, 0], [9.844675, 44.034707, 0], [9.844662, 44.03475, 0], [9.844659, 44.034789, 0], [9.844692, 44.034864, 0], [9.844714, 44.034903, 0], [9.844717, 44.034929, 0], [9.844703, 44.034948, 0], [9.844685, 44.034967, 0], [9.844682, 44.034996, 0], [9.844691, 44.035059, 0], [9.844724, 44.035129, 0], [9.844785, 44.035156, 0], [9.84473, 44.035215, 0], [9.844633, 44.035234, 0], [9.844544, 44.035266, 0], [9.844112, 44.035485, 0], [9.843858, 44.03572, 0], [9.843814, 44.035878, 0], [9.843783, 44.036035, 0], [9.843739, 44.03614, 0], [9.843667, 44.036198, 0], [9.843601, 44.036203, 0], [9.843476, 44.036261, 0], [9.843411, 44.036293, 0], [9.843411, 44.036357, 0], [9.843452, 44.036404, 0], [9.843479, 44.036473, 0], [9.8435, 44.036552, 0], [9.843538, 44.036635, 0], [9.843611, 44.03667, 0], [9.84369, 44.036653, 0], [9.843779, 44.036655, 0], [9.843829, 44.036683, 0], [9.843839, 44.036718, 0], [9.843893, 44.036751, 0], [9.843992, 44.036755, 0], [9.844088, 44.036769, 0], [9.844198, 44.036849, 0], [9.844264, 44.036884, 0], [9.844354, 44.036904, 0], [9.84445, 44.036906, 0], [9.844532, 44.036915, 0], [9.844562, 44.03695, 0], [9.84456, 44.037017, 0], [9.8446, 44.037059, 0], [9.844607, 44.037088, 0], [9.844608, 44.037131, 0], [9.844579, 44.037188, 0], [9.84454, 44.037203, 0], [9.8445, 44.037203, 0], [9.844441, 44.03723, 0], [9.844395, 44.037249, 0], [9.844352, 44.037278, 0], [9.844225, 44.037348, 0], [9.844198, 44.037365, 0], [9.844162, 44.037358, 0], [9.844102, 44.037325, 0], [9.844069, 44.037318, 0], [9.844035, 44.037283, 0], [9.844015, 44.037259, 0], [9.843956, 44.037257, 0], [9.843631, 44.037424, 0], [9.843549, 44.037465, 0], [9.843454, 44.037501, 0], [9.843385, 44.037538, 0], [9.84335, 44.037595, 0], [9.843347, 44.037631, 0], [9.843364, 44.037662, 0], [9.843322, 44.037702, 0], [9.843262, 44.037715, 0], [9.843183, 44.037718, 0], [9.843051, 44.037704, 0], [9.843001, 44.037671, 0], [9.842964, 44.03766, 0], [9.842922, 44.03767, 0], [9.842876, 44.037684, 0], [9.842822, 44.037663, 0], [9.842749, 44.037638, 0], [9.842697, 44.037645, 0], [9.842638, 44.037672, 0], [9.842461, 44.037746, 0], [9.84234, 44.037851, 0], [9.842269, 44.037945, 0], [9.842198, 44.038043, 0], [9.842107, 44.038129, 0], [9.842211, 44.038236, 0], [9.842267, 44.038283, 0], [9.84239, 44.038318, 0], [9.842605, 44.038345, 0], [9.842761, 44.038363, 0], [9.842939, 44.038371, 0], [9.843034, 44.038356, 0], [9.84312, 44.038346, 0], [9.843176, 44.038348, 0], [9.84322, 44.038395, 0], [9.843221, 44.038443, 0], [9.843182, 44.038493, 0], [9.843119, 44.038513, 0], [9.843047, 44.038556, 0], [9.843025, 44.038616, 0], [9.843023, 44.038697, 0], [9.843057, 44.038751, 0], [9.843116, 44.038779, 0], [9.84316, 44.038827, 0], [9.84323, 44.038863, 0], [9.843323, 44.038913, 0], [9.843324, 44.039001, 0], [9.843296, 44.039096, 0], [9.843264, 44.039146, 0], [9.843188, 44.039178, 0], [9.843099, 44.039174, 0], [9.842997, 44.039222, 0], [9.842852, 44.039247, 0], [9.842718, 44.039317, 0], [9.842649, 44.039356, 0], [9.842521, 44.039428, 0], [9.842466, 44.039462, 0], [9.842399, 44.039443, 0], [9.842357, 44.039468, 0], [9.842216, 44.039557, 0], [9.84216, 44.039557, 0], [9.842087, 44.039543, 0], [9.84205, 44.03951, 0], [9.84204, 44.039467, 0], [9.842019, 44.039413, 0], [9.841995, 44.039351, 0], [9.841975, 44.039313, 0], [9.841931, 44.039273, 0], [9.841878, 44.039264, 0], [9.841809, 44.039271, 0], [9.841663, 44.039244, 0], [9.841597, 44.039235, 0], [9.841521, 44.039193, 0], [9.84148, 44.039145, 0], [9.841493, 44.039081, 0], [9.84141, 44.039067, 0], [9.841354, 44.039077, 0], [9.841321, 44.039094, 0], [9.841298, 44.039097, 0], [9.841275, 44.039068, 0], [9.841241, 44.039054, 0], [9.841162, 44.039067, 0], [9.84113, 44.039093, 0], [9.84111, 44.039131, 0], [9.841035, 44.039149, 0], [9.840732, 44.039194, 0], [9.840697, 44.039234, 0], [9.840655, 44.039328, 0], [9.84064, 44.039421, 0], [9.840505, 44.039481, 0], [9.840337, 44.039506, 0], [9.840162, 44.039519, 0], [9.84005, 44.039499, 0], [9.839967, 44.039456, 0], [9.839793, 44.039346, 0], [9.839697, 44.039318, 0], [9.839627, 44.039283, 0], [9.839594, 44.039223, 0], [9.839491, 44.039184, 0], [9.839384, 44.039151, 0], [9.839345, 44.039161, 0], [9.839369, 44.039201, 0], [9.839386, 44.03927, 0], [9.83931, 44.03948, 0], [9.839199, 44.039697, 0], [9.839039, 44.039827, 0], [9.838846, 44.039949, 0], [9.838642, 44.040032, 0], [9.838498, 44.040109, 0], [9.838486, 44.040188, 0], [9.838504, 44.040262, 0], [9.838567, 44.040306, 0], [9.838531, 44.040342, 0], [9.838503, 44.040438, 0], [9.838514, 44.040509, 0], [9.838652, 44.0407, 0], [9.83869, 44.040833, 0], [9.838741, 44.040916, 0], [9.838752, 44.041021, 0], [9.838789, 44.041064, 0], [9.83877, 44.041107, 0], [9.838606, 44.041186, 0], [9.838438, 44.041228, 0], [9.838319, 44.041238, 0], [9.83825, 44.041282, 0], [9.837988, 44.04137, 0], [9.837948, 44.041406, 0], [9.837889, 44.041635, 0], [9.837844, 44.041733, 0], [9.837755, 44.041762, 0], [9.837564, 44.041785, 0], [9.837495, 44.041835, 0], [9.837427, 44.041867, 0], [9.837338, 44.041877, 0], [9.837206, 44.041921, 0], [9.837095, 44.041991, 0], [9.836949, 44.042163, 0], [9.836899, 44.042368, 0], [9.836875, 44.042507, 0], [9.836778, 44.042679, 0], [9.836517, 44.042891, 0], [9.836386, 44.042977, 0], [9.836268, 44.043016, 0], [9.836188, 44.042969, 0], [9.836062, 44.042965, 0], [9.835925, 44.043062, 0], [9.835946, 44.043142, 0], [9.835854, 44.043191, 0], [9.835795, 44.043225, 0], [9.835677, 44.043302, 0], [9.835672, 44.043397, 0], [9.835706, 44.043482, 0], [9.835728, 44.043573, 0], [9.835716, 44.043687, 0], [9.835728, 44.043851, 0], [9.835803, 44.043984, 0], [9.83581, 44.044065, 0], [9.835602, 44.0443, 0], [9.835426, 44.044421, 0], [9.835288, 44.044517, 0], [9.83525, 44.044627, 0], [9.835159, 44.044742, 0], [9.835035, 44.044833, 0], [9.834891, 44.044896, 0], [9.834773, 44.044973, 0], [9.834564, 44.045146, 0], [9.834407, 44.045252, 0], [9.834395, 44.045371, 0], [9.83445, 44.045523, 0], [9.834419, 44.045629, 0], [9.83446, 44.045752, 0], [9.834375, 44.045829, 0], [9.834062, 44.045981, 0], [9.833853, 44.046102, 0], [9.833781, 44.046174, 0], [9.83371, 44.046265, 0], [9.83369, 44.046303, 0], [9.833638, 44.046351, 0], [9.833572, 44.046371, 0], [9.833474, 44.046457, 0], [9.83341, 44.046582, 0], [9.833346, 44.046692, 0], [9.83334, 44.046768, 0], [9.833282, 44.046845, 0], [9.833285, 44.04687, 0], [9.833291, 44.046923, 0]]}, "geometry_name": "GEOMETRY", "properties": {"ID_LINEA": "PTAMC17_337", "AMBITO": "17", "COD_UF": "29", "NOME_UF": "Muzzerone", "COD_PAR": "5", "NOME_PAR": "Cala Grande", "LIM_PAR_W": "Befettuccio", "LIM_PAR_E": "Capo dell'Isola", "LUNGH": 2734, "TIPO_LINEA": "costa alta", "CAT_LINEA": "1744", "FASE_ITER": "approvazione", "DATA_ITER": "D.C.R. n.2 del 21/02/2023", "DATA_DIGIT": 20191025}, "bbox": [9.833282, 44.033362, 9.847066, 44.046923]}, {"type": "Feature", "id": "L7173.PTAMC18_135", "geometry": {"type": "LineString", "coordinates": [[9.847583, 44.035924, 0], [9.847655, 44.035887, 0], [9.847679, 44.035848, 0], [9.847666, 44.035786, 0], [9.847644, 44.035742, 0], [9.847597, 44.035696, 0], [9.84756, 44.035657, 0], [9.847503, 44.035573, 0], [9.847461, 44.035523, 0], [9.847394, 44.035465, 0], [9.847357, 44.035412, 0], [9.847337, 44.035357, 0], [9.847333, 44.035334, 0], [9.847296, 44.035286, 0], [9.847262, 44.035255, 0], [9.847242, 44.035227, 0], [9.84723, 44.035159, 0], [9.847233, 44.035132, 0], [9.847252, 44.03511, 0], [9.84727, 44.035085, 0], [9.847266, 44.035027, 0], [9.847239, 44.035017, 0], [9.847194, 44.035002, 0], [9.847176, 44.034994, 0], [9.847166, 44.034961, 0], [9.84719, 44.034919, 0], [9.847191, 44.03489, 0], [9.847181, 44.034842, 0], [9.847169, 44.034806, 0], [9.84717, 44.034785, 0], [9.847201, 44.034769, 0], [9.847241, 44.034762, 0], [9.847292, 44.034772, 0], [9.847328, 44.03476, 0], [9.847321, 44.03473, 0], [9.847295, 44.034727, 0], [9.847276, 44.034698, 0], [9.847257, 44.034651, 0], [9.847247, 44.034609, 0], [9.847246, 44.034577, 0], [9.847222, 44.034534, 0], [9.847194, 44.034509, 0], [9.84715, 44.034431, 0], [9.847133, 44.034405, 0], [9.847101, 44.034366, 0], [9.847096, 44.034345, 0], [9.84713, 44.034308, 0], [9.847169, 44.034248, 0], [9.847195, 44.034213, 0], [9.847178, 44.034198, 0], [9.847157, 44.034211, 0], [9.847142, 44.034195, 0], [9.847185, 44.034126, 0], [9.847227, 44.034056, 0], [9.847235, 44.034034, 0], [9.847268, 44.034028, 0], [9.847279, 44.033977, 0], [9.847252, 44.033967, 0]]}, "geometry_name": "GEOMETRY", "properties": {"ID_LINEA": "PTAMC18_135", "AMBITO": "18", "COD_UF": "30", "NOME_UF": "Golfo della Spezia", "COD_PAR": "1", "NOME_PAR": "Pozzale", "LIM_PAR_W": "Capo dell'Isola", "LIM_PAR_E": "Punta della Scuola", "LUNGH": 264, "TIPO_LINEA": "artificiale", "CAT_LINEA": "135", "FASE_ITER": "approvazione", "DATA_ITER": "D.C.R. n.2 del 21/02/2023", "DATA_DIGIT": 20191025}, "bbox": [9.847096, 44.033967, 9.847679, 44.035924]}, {"type": "Feature", "id": "L7173.PTAMC18_134", "geometry": {"type": "LineString", "coordinates": [[9.848755, 44.037212, 0], [9.848659, 44.037175, 0], [9.848566, 44.037138, 0], [9.848458, 44.037077, 0], [9.848301, 44.036965, 0], [9.84822, 44.0369, 0], [9.848109, 44.036777, 0], [9.848025, 44.036686, 0], [9.847973, 44.036616, 0], [9.847949, 44.036558, 0], [9.847904, 44.036518, 0], [9.847792, 44.036422, 0], [9.8477, 44.03636, 0], [9.84765, 44.036316, 0], [9.847596, 44.036249, 0], [9.847567, 44.036203, 0], [9.847565, 44.036155, 0], [9.847578, 44.036107, 0], [9.847569, 44.036082, 0], [9.847555, 44.036052, 0], [9.84755, 44.036015, 0], [9.847553, 44.035982, 0], [9.84756, 44.035951, 0], [9.847583, 44.035924, 0]]}, "geometry_name": "GEOMETRY", "properties": {"ID_LINEA": "PTAMC18_134", "AMBITO": "18", "COD_UF": "30", "NOME_UF": "Golfo della Spezia", "COD_PAR": "1", "NOME_PAR": "Pozzale", "LIM_PAR_W": "Capo dell'Isola", "LIM_PAR_E": "Punta della Scuola", "LUNGH": 182, "TIPO_LINEA": "spiaggia", "CAT_LINEA": "134", "FASE_ITER": "approvazione", "DATA_ITER": "D.C.R. n.2 del 21/02/2023", "DATA_DIGIT": 20191025}, "bbox": [9.84755, 44.035924, 9.848755, 44.037212]}, {"type": "Feature", "id": "L7173.PTAMC18_133", "geometry": {"type": "LineString", "coordinates": [[9.849194, 44.037415, 0], [9.849161, 44.037349, 0], [9.849119, 44.037292, 0], [9.849061, 44.037263, 0], [9.848988, 44.037246, 0], [9.848847, 44.037224, 0], [9.848755, 44.037212, 0]]}, "geometry_name": "GEOMETRY", "properties": {"ID_LINEA": "PTAMC18_133", "AMBITO": "18", "COD_UF": "30", "NOME_UF": "Golfo della Spezia", "COD_PAR": "1", "NOME_PAR": "Pozzale", "LIM_PAR_W": "Capo dell'Isola", "LIM_PAR_E": "Punta della Scuola", "LUNGH": 46, "TIPO_LINEA": "artificiale", "CAT_LINEA": "133", "FASE_ITER": "approvazione", "DATA_ITER": "D.C.R. n.2 del 21/02/2023", "DATA_DIGIT": 20191025}, "bbox": [9.848755, 44.037212, 9.849194, 44.037415]}, {"type": "Feature", "id": "L7173.PTAMC18_132", "geometry": {"type": "LineString", "coordinates": [[9.849154, 44.037778, 0], [9.849191, 44.03772, 0], [9.849219, 44.037691, 0], [9.849219, 44.037671, 0], [9.849205, 44.037646, 0], [9.8492, 44.0376, 0], [9.849205, 44.037545, 0], [9.849202, 44.037515, 0], [9.849199, 44.037468, 0], [9.849194, 44.037415, 0]]}, "geometry_name": "GEOMETRY", "properties": {"ID_LINEA": "PTAMC18_132", "AMBITO": "18", "COD_UF": "30", "NOME_UF": "Golfo della Spezia", "COD_PAR": "1", "NOME_PAR": "Pozzale", "LIM_PAR_W": "Capo dell'Isola", "LIM_PAR_E": "Punta della Scuola", "LUNGH": 42, "TIPO_LINEA": "costa alta", "CAT_LINEA": "132", "FASE_ITER": "approvazione", "DATA_ITER": "D.C.R. n.2 del 21/02/2023", "DATA_DIGIT": 20191025}, "bbox": [9.849154, 44.037415, 9.849219, 44.037778]}, {"type": "Feature", "id": "L7173.PTAMC18_131", "geometry": {"type": "LineString", "coordinates": [[9.849035, 44.038199, 0], [9.849126, 44.038205, 0], [9.849165, 44.038184, 0], [9.849183, 44.038156, 0], [9.849182, 44.038112, 0], [9.849183, 44.037993, 0], [9.849183, 44.037869, 0], [9.849154, 44.037778, 0]]}, "geometry_name": "GEOMETRY", "properties": {"ID_LINEA": "PTAMC18_131", "AMBITO": "18", "COD_UF": "30", "NOME_UF": "Golfo della Spezia", "COD_PAR": "1", "NOME_PAR": "Pozzale", "LIM_PAR_W": "Capo dell'Isola", "LIM_PAR_E": "Punta della Scuola", "LUNGH": 57, "TIPO_LINEA": "artificiale", "CAT_LINEA": "131", "FASE_ITER": "approvazione", "DATA_ITER": "D.C.R. n.2 del 21/02/2023", "DATA_DIGIT": 20191025}, "bbox": [9.849035, 44.037778, 9.849183, 44.038205]}, {"type": "Feature", "id": "L7173.PTAMC18_130", "geometry": {"type": "LineString", "coordinates": [[9.848915, 44.038343, 0], [9.848963, 44.038276, 0], [9.849012, 44.038228, 0], [9.849035, 44.038199, 0]]}, "geometry_name": "GEOMETRY", "properties": {"ID_LINEA": "PTAMC18_130", "AMBITO": "18", "COD_UF": "30", "NOME_UF": "Golfo della Spezia", "COD_PAR": "1", "NOME_PAR": "Pozzale", "LIM_PAR_W": "Capo dell'Isola", "LIM_PAR_E": "Punta della Scuola", "LUNGH": 19, "TIPO_LINEA": "spiaggia", "CAT_LINEA": "130", "FASE_ITER": "approvazione", "DATA_ITER": "D.C.R. n.2 del 21/02/2023", "DATA_DIGIT": 20191025}, "bbox": [9.848915, 44.038199, 9.849035, 44.038343]}, {"type": "Feature", "id": "L7173.PTAMC18_129", "geometry": {"type": "LineString", "coordinates": [[9.848917, 44.038603, 0], [9.848902, 44.03852, 0], [9.848905, 44.038457, 0], [9.848907, 44.03839, 0], [9.848915, 44.038343, 0]]}, "geometry_name": "GEOMETRY", "properties": {"ID_LINEA": "PTAMC18_129", "AMBITO": "18", "COD_UF": "30", "NOME_UF": "Golfo della Spezia", "COD_PAR": "1", "NOME_PAR": "Pozzale", "LIM_PAR_W": "Capo dell'Isola", "LIM_PAR_E": "Punta della Scuola", "LUNGH": 29, "TIPO_LINEA": "artificiale", "CAT_LINEA": "129", "FASE_ITER": "approvazione", "DATA_ITER": "D.C.R. n.2 del 21/02/2023", "DATA_DIGIT": 20191025}, "bbox": [9.848902, 44.038343, 9.848917, 44.038603]}, {"type": "Feature", "id": "L7173.PTAMC18_128", "geometry": {"type": "LineString", "coordinates": [[9.849315, 44.03907, 0], [9.849281, 44.039044, 0], [9.849242, 44.038997, 0], [9.849182, 44.03892, 0], [9.849157, 44.03888, 0], [9.849115, 44.038833, 0], [9.849083, 44.038802, 0], [9.849003, 44.038708, 0], [9.848952, 44.03865, 0], [9.848917, 44.038603, 0]]}, "geometry_name": "GEOMETRY", "properties": {"ID_LINEA": "PTAMC18_128", "AMBITO": "18", "COD_UF": "30", "NOME_UF": "Golfo della Spezia", "COD_PAR": "1", "NOME_PAR": "Pozzale", "LIM_PAR_W": "Capo dell'Isola", "LIM_PAR_E": "Punta della Scuola", "LUNGH": 61, "TIPO_LINEA": "spiaggia", "CAT_LINEA": "128", "FASE_ITER": "approvazione", "DATA_ITER": "D.C.R. n.2 del 21/02/2023", "DATA_DIGIT": 20191025}, "bbox": [9.848917, 44.038603, 9.849315, 44.03907]}, {"type": "Feature", "id": "L7173.PTAMC18_127", "geometry": {"type": "LineString", "coordinates": [[9.849272, 44.039249, 0], [9.849321, 44.039235, 0], [9.849347, 44.03922, 0], [9.84938, 44.039193, 0], [9.849409, 44.039165, 0], [9.849412, 44.039146, 0], [9.84939, 44.039113, 0], [9.849315, 44.03907, 0]]}, "geometry_name": "GEOMETRY", "properties": {"ID_LINEA": "PTAMC18_127", "AMBITO": "18", "COD_UF": "30", "NOME_UF": "Golfo della Spezia", "COD_PAR": "1", "NOME_PAR": "Pozzale", "LIM_PAR_W": "Capo dell'Isola", "LIM_PAR_E": "Punta della Scuola", "LUNGH": 29, "TIPO_LINEA": "artificiale", "CAT_LINEA": "127", "FASE_ITER": "approvazione", "DATA_ITER": "D.C.R. n.2 del 21/02/2023", "DATA_DIGIT": 20191025}, "bbox": [9.849272, 44.03907, 9.849412, 44.039249]}, {"type": "Feature", "id": "L7173.PTAMC18_126", "geometry": {"type": "LineString", "coordinates": [[9.849378, 44.039634, 0], [9.849344, 44.039559, 0], [9.849316, 44.039495, 0], [9.849282, 44.039391, 0], [9.849265, 44.039334, 0], [9.849264, 44.03928, 0], [9.849272, 44.039249, 0]]}, "geometry_name": "GEOMETRY", "properties": {"ID_LINEA": "PTAMC18_126", "AMBITO": "18", "COD_UF": "30", "NOME_UF": "Golfo della Spezia", "COD_PAR": "1", "NOME_PAR": "Pozzale", "LIM_PAR_W": "Capo dell'Isola", "LIM_PAR_E": "Punta della Scuola", "LUNGH": 44, "TIPO_LINEA": "spiaggia", "CAT_LINEA": "126", "FASE_ITER": "approvazione", "DATA_ITER": "D.C.R. n.2 del 21/02/2023", "DATA_DIGIT": 20191025}, "bbox": [9.849264, 44.039249, 9.849378, 44.039634]}, {"type": "Feature", "id": "L7173.PTAMC18_125", "geometry": {"type": "LineString", "coordinates": [[9.849471, 44.040053, 0], [9.849497, 44.040001, 0], [9.84952, 44.039966, 0], [9.849512, 44.039914, 0], [9.849481, 44.039815, 0], [9.849418, 44.039697, 0], [9.849378, 44.039634, 0]]}, "geometry_name": "GEOMETRY", "properties": {"ID_LINEA": "PTAMC18_125", "AMBITO": "18", "COD_UF": "30", "NOME_UF": "Golfo della Spezia", "COD_PAR": "1", "NOME_PAR": "Pozzale", "LIM_PAR_W": "Capo dell'Isola", "LIM_PAR_E": "Punta della Scuola", "LUNGH": 49, "TIPO_LINEA": "artificiale", "CAT_LINEA": "125", "FASE_ITER": "approvazione", "DATA_ITER": "D.C.R. n.2 del 21/02/2023", "DATA_DIGIT": 20191025}, "bbox": [9.849378, 44.039634, 9.84952, 44.040053]}, {"type": "Feature", "id": "L7173.PTAMC18_124", "geometry": {"type": "LineString", "coordinates": [[9.849965, 44.040751, 0], [9.849902, 44.040675, 0], [9.849867, 44.040644, 0], [9.849825, 44.040604, 0], [9.849779, 44.040565, 0], [9.849727, 44.040515, 0], [9.849698, 44.040473, 0], [9.849686, 44.040437, 0], [9.849666, 44.040407, 0], [9.849643, 44.040306, 0], [9.849624, 44.040286, 0], [9.849581, 44.040225, 0], [9.849528, 44.040191, 0], [9.849501, 44.040158, 0], [9.849477, 44.040122, 0], [9.849473, 44.040085, 0], [9.849471, 44.040053, 0]]}, "geometry_name": "GEOMETRY", "properties": {"ID_LINEA": "PTAMC18_124", "AMBITO": "18", "COD_UF": "30", "NOME_UF": "Golfo della Spezia", "COD_PAR": "1", "NOME_PAR": "Pozzale", "LIM_PAR_W": "Capo dell'Isola", "LIM_PAR_E": "Punta della Scuola", "LUNGH": 89, "TIPO_LINEA": "costa alta", "CAT_LINEA": "124", "FASE_ITER": "approvazione", "DATA_ITER": "D.C.R. n.2 del 21/02/2023", "DATA_DIGIT": 20191025}, "bbox": [9.849471, 44.040053, 9.849965, 44.040751]}, {"type": "Feature", "id": "L7173.PTAMC18_123", "geometry": {"type": "LineString", "coordinates": [[9.851372, 44.041387, 0], [9.851323, 44.041379, 0], [9.851249, 44.041356, 0], [9.851104, 44.041309, 0], [9.850951, 44.041267, 0], [9.850882, 44.041246, 0], [9.850748, 44.041191, 0], [9.850633, 44.041134, 0], [9.850471, 44.041052, 0], [9.850238, 44.040926, 0], [9.850106, 44.040849, 0], [9.850035, 44.040807, 0], [9.849981, 44.040768, 0], [9.849965, 44.040751, 0]]}, "geometry_name": "GEOMETRY", "properties": {"ID_LINEA": "PTAMC18_123", "AMBITO": "18", "COD_UF": "30", "NOME_UF": "Golfo della Spezia", "COD_PAR": "1", "NOME_PAR": "Pozzale", "LIM_PAR_W": "Capo dell'Isola", "LIM_PAR_E": "Punta della Scuola", "LUNGH": 134, "TIPO_LINEA": "spiaggia", "CAT_LINEA": "123", "FASE_ITER": "approvazione", "DATA_ITER": "D.C.R. n.2 del 21/02/2023", "DATA_DIGIT": 20191025}, "bbox": [9.849965, 44.040751, 9.851372, 44.041387]}, {"type": "Feature", "id": "L7173.PTAMC18_122", "geometry": {"type": "LineString", "coordinates": [[9.853822, 44.04407, 0], [9.85388, 44.043994, 0], [9.85397, 44.043907, 0], [9.854037, 44.043856, 0], [9.854129, 44.043806, 0], [9.854229, 44.043763, 0], [9.854327, 44.043737, 0], [9.854438, 44.043703, 0], [9.854513, 44.04365, 0], [9.854567, 44.043632, 0], [9.854599, 44.043647, 0], [9.854642, 44.043665, 0], [9.854683, 44.043653, 0], [9.854747, 44.04361, 0], [9.854794, 44.043561, 0], [9.854858, 44.043527, 0], [9.854908, 44.043457, 0], [9.854924, 44.043404, 0], [9.854908, 44.043376, 0], [9.854872, 44.043365, 0], [9.854849, 44.043376, 0], [9.854826, 44.043391, 0], [9.854805, 44.043399, 0], [9.854762, 44.043385, 0], [9.854731, 44.043341, 0], [9.854774, 44.043307, 0], [9.854825, 44.043289, 0], [9.854864, 44.043272, 0], [9.854883, 44.04325, 0], [9.854885, 44.043231, 0], [9.854863, 44.043205, 0], [9.854843, 44.043197, 0], [9.854815, 44.043191, 0], [9.854772, 44.043217, 0], [9.854736, 44.04323, 0], [9.854683, 44.043228, 0], [9.854635, 44.043202, 0], [9.854562, 44.043171, 0], [9.854517, 44.043133, 0], [9.854482, 44.043109, 0], [9.854452, 44.043081, 0], [9.854398, 44.043036, 0], [9.854356, 44.042989, 0], [9.854344, 44.042965, 0], [9.854288, 44.042943, 0], [9.854232, 44.042954, 0], [9.854174, 44.042959, 0], [9.854141, 44.042971, 0], [9.854087, 44.042973, 0], [9.854019, 44.042966, 0], [9.853968, 44.042951, 0], [9.853934, 44.042936, 0], [9.853903, 44.042905, 0], [9.853881, 44.042883, 0], [9.853836, 44.042849, 0], [9.853781, 44.042821, 0], [9.853737, 44.042829, 0], [9.853677, 44.042837, 0], [9.853625, 44.042835, 0], [9.853578, 44.042829, 0], [9.853499, 44.042809, 0], [9.853434, 44.042785, 0], [9.853362, 44.042743, 0], [9.853278, 44.042697, 0], [9.853179, 44.042647, 0], [9.85311, 44.042617, 0], [9.853056, 44.042576, 0], [9.853021, 44.042575, 0], [9.852962, 44.042571, 0], [9.852826, 44.04255, 0], [9.852756, 44.042532, 0], [9.852702, 44.042515, 0], [9.852681, 44.042491, 0], [9.852709, 44.04247, 0], [9.852677, 44.042449, 0], [9.852635, 44.042458, 0], [9.852598, 44.042457, 0], [9.852549, 44.042448, 0], [9.852487, 44.042426, 0], [9.852426, 44.04239, 0], [9.852356, 44.04234, 0], [9.852337, 44.042308, 0], [9.852292, 44.042268, 0], [9.85226, 44.042252, 0], [9.852235, 44.042224, 0], [9.852193, 44.042157, 0], [9.852122, 44.042075, 0], [9.852119, 44.042048, 0], [9.852158, 44.04202, 0], [9.852171, 44.041988, 0], [9.852167, 44.041951, 0], [9.852123, 44.041926, 0], [9.852072, 44.041913, 0], [9.852001, 44.041906, 0], [9.851904, 44.041821, 0], [9.851797, 44.041724, 0], [9.851687, 44.041656, 0], [9.851614, 44.041609, 0], [9.851551, 44.041562, 0], [9.851497, 44.041517, 0], [9.851457, 44.041462, 0], [9.851429, 44.0414, 0], [9.851442, 44.041355, 0], [9.851461, 44.041319, 0], [9.851454, 44.041291, 0], [9.851438, 44.041279, 0], [9.851421, 44.041289, 0], [9.851372, 44.041387, 0]]}, "geometry_name": "GEOMETRY", "properties": {"ID_LINEA": "PTAMC18_122", "AMBITO": "18", "COD_UF": "30", "NOME_UF": "Golfo della Spezia", "COD_PAR": "1", "NOME_PAR": "Pozzale", "LIM_PAR_W": "Capo dell'Isola", "LIM_PAR_E": "Punta della Scuola", "LUNGH": 581, "TIPO_LINEA": "costa alta", "CAT_LINEA": "122", "FASE_ITER": "approvazione", "DATA_ITER": "D.C.R. n.2 del 21/02/2023", "DATA_DIGIT": 20191025}, "bbox": [9.851372, 44.041279, 9.854924, 44.04407]}, {"type": "Feature", "id": "L7173.PTAMC18_121", "geometry": {"type": "LineString", "coordinates": [[9.853238, 44.044527, 0], [9.853293, 44.044506, 0], [9.853387, 44.044477, 0], [9.853477, 44.044436, 0], [9.853561, 44.044382, 0], [9.853624, 44.044332, 0], [9.853678, 44.044283, 0], [9.853717, 44.044242, 0], [9.853762, 44.044179, 0], [9.853793, 44.044113, 0], [9.853822, 44.04407, 0]]}, "geometry_name": "GEOMETRY", "properties": {"ID_LINEA": "PTAMC18_121", "AMBITO": "18", "COD_UF": "30", "NOME_UF": "Golfo della Spezia", "COD_PAR": "1", "NOME_PAR": "Pozzale", "LIM_PAR_W": "Capo dell'Isola", "LIM_PAR_E": "Punta della Scuola", "LUNGH": 72, "TIPO_LINEA": "spiaggia", "CAT_LINEA": "121", "FASE_ITER": "approvazione", "DATA_ITER": "D.C.R. n.2 del 21/02/2023", "DATA_DIGIT": 20191025}, "bbox": [9.853238, 44.04407, 9.853822, 44.044527]}, {"type": "Feature", "id": "L7173.PTAMC18_120", "geometry": {"type": "LineString", "coordinates": [[9.852347, 44.048519, 0], [9.852299, 44.048474, 0], [9.852267, 44.048429, 0], [9.852242, 44.048398, 0], [9.852215, 44.048362, 0], [9.852176, 44.048318, 0], [9.852145, 44.048231, 0], [9.852121, 44.048162, 0], [9.852102, 44.048091, 0], [9.852111, 44.047933, 0], [9.8521, 44.047849, 0], [9.852081, 44.047753, 0], [9.852092, 44.04771, 0], [9.852082, 44.047644, 0], [9.852078, 44.047534, 0], [9.852101, 44.047452, 0], [9.852087, 44.047398, 0], [9.852064, 44.047394, 0], [9.852049, 44.047373, 0], [9.852045, 44.047314, 0], [9.852055, 44.047266, 0], [9.852081, 44.047231, 0], [9.852079, 44.047199, 0], [9.852056, 44.047165, 0], [9.852021, 44.047137, 0], [9.852036, 44.047063, 0], [9.852022, 44.047023, 0], [9.852008, 44.046974, 0], [9.851995, 44.046942, 0], [9.851976, 44.046924, 0], [9.851958, 44.046924, 0], [9.851925, 44.046925, 0], [9.8519, 44.046907, 0], [9.85187, 44.046883, 0], [9.851845, 44.046876, 0], [9.851783, 44.046819, 0], [9.851728, 44.046773, 0], [9.851696, 44.04675, 0], [9.851696, 44.046632, 0], [9.851714, 44.046571, 0], [9.851763, 44.046461, 0], [9.85177, 44.046384, 0], [9.851789, 44.046266, 0], [9.851819, 44.046192, 0], [9.851813, 44.04613, 0], [9.851811, 44.046025, 0], [9.851821, 44.045969, 0], [9.851792, 44.045934, 0], [9.851769, 44.045917, 0], [9.851766, 44.04588, 0], [9.851779, 44.045839, 0], [9.85179, 44.045812, 0], [9.85178, 44.045775, 0], [9.851776, 44.045756, 0], [9.851791, 44.045739, 0], [9.851814, 44.045709, 0], [9.851828, 44.045692, 0], [9.851836, 44.045677, 0], [9.851848, 44.045659, 0], [9.851847, 44.045621, 0], [9.851861, 44.045545, 0], [9.851861, 44.045474, 0], [9.851849, 44.045428, 0], [9.851866, 44.04537, 0], [9.851917, 44.045324, 0], [9.851984, 44.045294, 0], [9.852066, 44.045248, 0], [9.852242, 44.045171, 0], [9.852422, 44.045085, 0], [9.852707, 44.044918, 0], [9.852887, 44.044786, 0], [9.853075, 44.04464, 0], [9.853238, 44.044527, 0]]}, "geometry_name": "GEOMETRY", "properties": {"ID_LINEA": "PTAMC18_120", "AMBITO": "18", "COD_UF": "30", "NOME_UF": "Golfo della Spezia", "COD_PAR": "1", "NOME_PAR": "Pozzale", "LIM_PAR_W": "Capo dell'Isola", "LIM_PAR_E": "Punta della Scuola", "LUNGH": 522, "TIPO_LINEA": "costa alta", "CAT_LINEA": "120", "FASE_ITER": "approvazione", "DATA_ITER": "D.C.R. n.2 del 21/02/2023", "DATA_DIGIT": 20191025}, "bbox": [9.851696, 44.044527, 9.853238, 44.048519]}, {"type": "Feature", "id": "L7173.PTAMC18_115", "geometry": {"type": "LineString", "coordinates": [[9.844409, 44.046918, 0], [9.8444, 44.046899, 0], [9.84442, 44.046874, 0], [9.844471, 44.046838, 0], [9.844579, 44.046778, 0], [9.84468, 44.046727, 0], [9.84486, 44.046663, 0], [9.84499, 44.046634, 0], [9.845159, 44.046616, 0], [9.845237, 44.046603, 0], [9.845344, 44.046594, 0], [9.84545, 44.046587, 0], [9.845621, 44.04658, 0], [9.845734, 44.046582, 0], [9.845781, 44.046583, 0]]}, "geometry_name": "GEOMETRY", "properties": {"ID_LINEA": "PTAMC18_115", "AMBITO": "18", "COD_UF": "30", "NOME_UF": "Golfo della Spezia", "COD_PAR": "2", "NOME_PAR": "Terrizzo", "LIM_PAR_W": "Befettuccio", "LIM_PAR_E": "Punta della Scuola", "LUNGH": 123, "TIPO_LINEA": "spiaggia", "CAT_LINEA": "115", "FASE_ITER": "approvazione", "DATA_ITER": "D.C.R. n.2 del 21/02/2023", "DATA_DIGIT": 20191025}, "bbox": [9.8444, 44.04658, 9.845781, 44.046918]}, {"type": "Feature", "id": "L7173.PTAMC18_338", "geometry": {"type": "LineString", "coordinates": [[9.833291, 44.046923, 0], [9.833297, 44.046973, 0], [9.833331, 44.047073, 0], [9.833405, 44.047129, 0], [9.833575, 44.047256, 0], [9.833718, 44.047338, 0], [9.833857, 44.047377, 0], [9.834115, 44.047421, 0], [9.834359, 44.047395, 0], [9.834521, 44.047392, 0], [9.834762, 44.047397, 0], [9.834984, 44.047419, 0], [9.835123, 44.047471, 0], [9.835255, 44.047482, 0], [9.835298, 44.047484, 0], [9.835396, 44.047496, 0], [9.835609, 44.047613, 0], [9.835709, 44.0477, 0], [9.835896, 44.047799, 0], [9.836009, 44.047851, 0], [9.836099, 44.0479, 0], [9.836146, 44.047952, 0], [9.836183, 44.048, 0], [9.836226, 44.048044, 0], [9.836322, 44.048063, 0], [9.836481, 44.048093, 0], [9.8366, 44.048123, 0], [9.836796, 44.048188, 0], [9.836975, 44.048251, 0], [9.837071, 44.04828, 0], [9.83714, 44.048287, 0], [9.83719, 44.048286, 0], [9.837256, 44.0483, 0], [9.837379, 44.048325, 0], [9.837538, 44.048358, 0], [9.837733, 44.048378, 0], [9.837918, 44.048407, 0], [9.837991, 44.048423, 0]]}, "geometry_name": "GEOMETRY", "properties": {"ID_LINEA": "PTAMC18_338", "AMBITO": "18", "COD_UF": "30", "NOME_UF": "Golfo della Spezia", "COD_PAR": "2", "NOME_PAR": "Terrizzo", "LIM_PAR_W": "Befettuccio", "LIM_PAR_E": "Punta della Scuola", "LUNGH": 438, "TIPO_LINEA": "costa alta", "CAT_LINEA": "1745", "FASE_ITER": "approvazione", "DATA_ITER": "D.C.R. n.2 del 21/02/2023", "DATA_DIGIT": 20191025}, "bbox": [9.833291, 44.046923, 9.837991, 44.048423]}, {"type": "Feature", "id": "L7173.PTAMC18_114", "geometry": {"type": "LineString", "coordinates": [[9.842355, 44.048016, 0], [9.842488, 44.048073, 0], [9.843187, 44.047903, 0], [9.843544, 44.047763, 0], [9.843606, 44.047742, 0], [9.843862, 44.047536, 0], [9.844107, 44.047355, 0], [9.84445, 44.04696, 0], [9.844409, 44.046918, 0]]}, "geometry_name": "GEOMETRY", "properties": {"ID_LINEA": "PTAMC18_114", "AMBITO": "18", "COD_UF": "30", "NOME_UF": "Golfo della Spezia", "COD_PAR": "2", "NOME_PAR": "Terrizzo", "LIM_PAR_W": "Befettuccio", "LIM_PAR_E": "Punta della Scuola", "LUNGH": 226, "TIPO_LINEA": "artificiale", "CAT_LINEA": "114", "FASE_ITER": "approvazione", "DATA_ITER": "D.C.R. n.2 del 21/02/2023", "DATA_DIGIT": 20191025}, "bbox": [9.842355, 44.046918, 9.84445, 44.048073]}, {"type": "Feature", "id": "L7173.PTAMC18_112", "geometry": {"type": "LineString", "coordinates": [[9.840786, 44.047911, 0], [9.840941, 44.047829, 0], [9.841049, 44.04778, 0], [9.841092, 44.047769, 0], [9.841214, 44.047778, 0], [9.841371, 44.047783, 0], [9.841434, 44.0478, 0]]}, "geometry_name": "GEOMETRY", "properties": {"ID_LINEA": "PTAMC18_112", "AMBITO": "18", "COD_UF": "30", "NOME_UF": "Golfo della Spezia", "COD_PAR": "2", "NOME_PAR": "Terrizzo", "LIM_PAR_W": "Befettuccio", "LIM_PAR_E": "Punta della Scuola", "LUNGH": 57, "TIPO_LINEA": "artificiale", "CAT_LINEA": "112", "FASE_ITER": "approvazione", "DATA_ITER": "D.C.R. n.2 del 21/02/2023", "DATA_DIGIT": 20191025}, "bbox": [9.840786, 44.047769, 9.841434, 44.047911]}, {"type": "Feature", "id": "L7173.PTAMC18_113", "geometry": {"type": "LineString", "coordinates": [[9.841434, 44.0478, 0], [9.841528, 44.047799, 0], [9.841659, 44.047821, 0], [9.841817, 44.047883, 0], [9.841968, 44.047943, 0], [9.842021, 44.047956, 0], [9.842079, 44.047967, 0], [9.842355, 44.048016, 0]]}, "geometry_name": "GEOMETRY", "properties": {"ID_LINEA": "PTAMC18_113", "AMBITO": "18", "COD_UF": "30", "NOME_UF": "Golfo della Spezia", "COD_PAR": "2", "NOME_PAR": "Terrizzo", "LIM_PAR_W": "Befettuccio", "LIM_PAR_E": "Punta della Scuola", "LUNGH": 79, "TIPO_LINEA": "spiaggia", "CAT_LINEA": "113", "FASE_ITER": "approvazione", "DATA_ITER": "D.C.R. n.2 del 21/02/2023", "DATA_DIGIT": 20191025}, "bbox": [9.841434, 44.047799, 9.842355, 44.048016]}, {"type": "Feature", "id": "L7173.PTAMC18_111", "geometry": {"type": "LineString", "coordinates": [[9.840376, 44.048541, 0], [9.840349, 44.048441, 0], [9.840331, 44.048341, 0], [9.840349, 44.048255, 0], [9.840373, 44.048212, 0], [9.840482, 44.048119, 0], [9.840631, 44.048005, 0], [9.840786, 44.047911, 0]]}, "geometry_name": "GEOMETRY", "properties": {"ID_LINEA": "PTAMC18_111", "AMBITO": "18", "COD_UF": "30", "NOME_UF": "Golfo della Spezia", "COD_PAR": "2", "NOME_PAR": "Terrizzo", "LIM_PAR_W": "Befettuccio", "LIM_PAR_E": "Punta della Scuola", "LUNGH": 85, "TIPO_LINEA": "spiaggia", "CAT_LINEA": "111", "FASE_ITER": "approvazione", "DATA_ITER": "D.C.R. n.2 del 21/02/2023", "DATA_DIGIT": 20191025}, "bbox": [9.840331, 44.047911, 9.840786, 44.048541]}, {"type": "Feature", "id": "L7173.PTAMC18_363", "geometry": {"type": "LineString", "coordinates": [[9.83319, 44.048427, 0], [9.833108, 44.048384, 0], [9.833094, 44.04834, 0], [9.833072, 44.048312, 0], [9.832997, 44.048244, 0], [9.832915, 44.048195, 0], [9.832846, 44.048154, 0], [9.832792, 44.048114, 0], [9.832723, 44.048082, 0], [9.832662, 44.048041, 0], [9.832585, 44.048011, 0], [9.832492, 44.047992, 0], [9.832397, 44.047976, 0], [9.832304, 44.047988, 0], [9.832209, 44.048013, 0]]}, "geometry_name": "GEOMETRY", "properties": {"ID_LINEA": "PTAMC18_363", "AMBITO": "18", "COD_UF": "30", "NOME_UF": "Golfo della Spezia", "COD_PAR": "3", "NOME_PAR": "Portovenere", "LIM_PAR_W": "Punta S. Pietro", "LIM_PAR_E": "Punta della Castagna", "LUNGH": 100, "TIPO_LINEA": "costa alta", "CAT_LINEA": "1808", "FASE_ITER": "approvazione", "DATA_ITER": "D.C.R. n.2 del 21/02/2023", "DATA_DIGIT": 20191025}, "bbox": [9.832209, 44.047976, 9.83319, 44.048427]}, {"type": "Feature", "id": "L7173.PTAMC18_116", "geometry": {"type": "LineString", "coordinates": [[9.845781, 44.046583, 0], [9.845888, 44.046628, 0], [9.845915, 44.046664, 0], [9.845914, 44.0467, 0], [9.845992, 44.046757, 0], [9.846106, 44.04684, 0], [9.846198, 44.046943, 0], [9.846262, 44.04705, 0], [9.846372, 44.04722, 0], [9.84649, 44.047432, 0], [9.846478, 44.047456, 0], [9.846422, 44.04748, 0], [9.846386, 44.047501, 0], [9.846388, 44.047537, 0], [9.846576, 44.047792, 0], [9.846471, 44.047842, 0], [9.846622, 44.048082, 0], [9.846602, 44.048088, 0], [9.846695, 44.048233, 0], [9.846652, 44.048249, 0], [9.846782, 44.048449, 0], [9.84688, 44.04856, 0], [9.847329, 44.049183, 0], [9.84753, 44.049417, 0], [9.847589, 44.04941, 0], [9.847692, 44.049499, 0], [9.848109, 44.049786, 0], [9.848156, 44.049804, 0], [9.848175, 44.049781, 0], [9.84821, 44.049779, 0], [9.848402, 44.049838, 0], [9.848447, 44.049863, 0], [9.848532, 44.049879, 0], [9.849087, 44.049961, 0], [9.849266, 44.049994, 0], [9.849418, 44.050013, 0], [9.849512, 44.050017, 0], [9.849693, 44.049969, 0], [9.850032, 44.049867, 0]]}, "geometry_name": "GEOMETRY", "properties": {"ID_LINEA": "PTAMC18_116", "AMBITO": "18", "COD_UF": "30", "NOME_UF": "Golfo della Spezia", "COD_PAR": "2", "NOME_PAR": "Terrizzo", "LIM_PAR_W": "Befettuccio", "LIM_PAR_E": "Punta della Scuola", "LUNGH": 598, "TIPO_LINEA": "artificiale", "CAT_LINEA": "116", "FASE_ITER": "approvazione", "DATA_ITER": "D.C.R. n.2 del 21/02/2023", "DATA_DIGIT": 20191025}, "bbox": [9.845781, 44.046583, 9.850032, 44.050017]}, {"type": "Feature", "id": "L7173.PTAMC17_330", "geometry": {"type": "LineString", "coordinates": [[9.832209, 44.048013, 0], [9.832139, 44.04806, 0], [9.83204, 44.048177, 0], [9.831984, 44.04827, 0], [9.831964, 44.048303, 0], [9.831916, 44.048383, 0], [9.831757, 44.048569, 0], [9.831682, 44.048665, 0], [9.831641, 44.048728, 0], [9.831657, 44.048762, 0], [9.831708, 44.048775, 0], [9.831776, 44.048764, 0], [9.831879, 44.048727, 0], [9.831939, 44.048724, 0], [9.831969, 44.048735, 0], [9.831924, 44.048795, 0], [9.831815, 44.048876, 0], [9.831733, 44.048914, 0], [9.831678, 44.048926, 0], [9.831498, 44.048931, 0], [9.831385, 44.048942, 0], [9.831322, 44.048978, 0], [9.83127, 44.049011, 0], [9.831236, 44.049044, 0], [9.83126, 44.04907, 0], [9.831316, 44.049087, 0], [9.831434, 44.049084, 0], [9.831569, 44.049064, 0], [9.831761, 44.049011, 0], [9.83194, 44.048941, 0], [9.832058, 44.048902, 0], [9.832116, 44.048908, 0], [9.83213, 44.048936, 0], [9.832183, 44.048951, 0], [9.83226, 44.048958, 0], [9.8323, 44.049002, 0], [9.83235, 44.04902, 0], [9.832485, 44.049021, 0], [9.83258, 44.048983, 0], [9.83268, 44.048967, 0], [9.832749, 44.048983, 0], [9.832794, 44.049034, 0], [9.832809, 44.049105, 0], [9.83281, 44.049168, 0], [9.832834, 44.049207, 0], [9.832884, 44.049193, 0], [9.832982, 44.049217, 0], [9.83303, 44.049244, 0], [9.833216, 44.049292, 0], [9.833235, 44.049353, 0], [9.833249, 44.049393, 0], [9.833244, 44.049454, 0], [9.833193, 44.049551, 0], [9.833097, 44.04968, 0], [9.83299, 44.049787, 0], [9.83282, 44.049908, 0], [9.832621, 44.05005, 0], [9.832566, 44.050111, 0], [9.832512, 44.05018, 0], [9.832473, 44.050213, 0], [9.832399, 44.050223, 0], [9.832301, 44.050226, 0], [9.832227, 44.050234, 0], [9.832119, 44.050261, 0], [9.832004, 44.050344, 0], [9.831968, 44.050394, 0], [9.831884, 44.050469, 0], [9.831851, 44.050513, 0], [9.831812, 44.050544, 0], [9.83178, 44.050534, 0], [9.831716, 44.050499, 0], [9.831666, 44.050497, 0], [9.831624, 44.050532, 0], [9.831619, 44.050574, 0], [9.831604, 44.05065, 0], [9.831626, 44.050724, 0], [9.831622, 44.050764, 0], [9.831607, 44.050821, 0], [9.831514, 44.050835, 0], [9.831417, 44.050853, 0], [9.831373, 44.050918, 0], [9.831373, 44.050957, 0], [9.831374, 44.051004, 0], [9.831366, 44.051025, 0], [9.831221, 44.051223, 0], [9.831169, 44.051288, 0], [9.831106, 44.051315, 0], [9.831059, 44.051315, 0], [9.830974, 44.051281, 0], [9.830841, 44.051244, 0], [9.830741, 44.051245, 0], [9.830646, 44.051265, 0], [9.830588, 44.051288, 0], [9.830504, 44.051308, 0], [9.830446, 44.051312, 0], [9.830335, 44.051324, 0], [9.830214, 44.051359, 0], [9.830008, 44.051411, 0], [9.82983, 44.051477, 0], [9.82972, 44.051539, 0], [9.829667, 44.051574, 0], [9.829583, 44.051601, 0], [9.829498, 44.051602, 0], [9.829456, 44.051598, 0], [9.829351, 44.051645, 0], [9.829251, 44.051699, 0], [9.829136, 44.051768, 0], [9.829026, 44.051819, 0], [9.828979, 44.051838, 0], [9.828942, 44.051854, 0], [9.828915, 44.051812, 0], [9.828909, 44.05174, 0], [9.82884, 44.051736, 0], [9.828751, 44.051805, 0], [9.828709, 44.051859, 0], [9.828494, 44.051945, 0], [9.828363, 44.052006, 0], [9.828353, 44.052079, 0], [9.828349, 44.05217, 0], [9.828318, 44.052216, 0], [9.828181, 44.052278, 0], [9.828124, 44.05234, 0], [9.82812, 44.052412, 0], [9.828158, 44.052473, 0], [9.828212, 44.052541, 0], [9.828281, 44.052575, 0], [9.828334, 44.052582, 0], [9.828376, 44.05262, 0], [9.828398, 44.052681, 0], [9.828308, 44.052796, 0], [9.828167, 44.052917, 0], [9.828039, 44.053025, 0], [9.827979, 44.053116, 0], [9.82792, 44.053229, 0], [9.8279, 44.053308, 0], [9.82789, 44.053355, 0], [9.827846, 44.053398, 0], [9.827801, 44.053425, 0], [9.827767, 44.053436, 0], [9.827701, 44.05345, 0], [9.82759, 44.05346, 0], [9.827337, 44.053519, 0], [9.827272, 44.053552, 0], [9.827075, 44.05362, 0], [9.82703, 44.053636, 0], [9.82699, 44.053642, 0], [9.826956, 44.053621, 0], [9.826916, 44.053604, 0], [9.826855, 44.053628, 0], [9.826774, 44.053701, 0], [9.826736, 44.053754, 0], [9.826728, 44.053798, 0], [9.826714, 44.053891, 0], [9.826738, 44.053942, 0], [9.826734, 44.054054, 0], [9.826711, 44.054104, 0], [9.826739, 44.054169, 0], [9.826774, 44.054212, 0], [9.826827, 44.054231, 0], [9.826856, 44.054273, 0], [9.826847, 44.054345, 0], [9.826803, 44.054416, 0], [9.826733, 44.054491, 0], [9.826683, 44.054541, 0], [9.826604, 44.05456, 0], [9.826468, 44.054637, 0], [9.826347, 44.054712, 0], [9.826227, 44.054779, 0], [9.826159, 44.054826, 0], [9.826093, 44.054847, 0], [9.825966, 44.054827, 0], [9.82586, 44.054828, 0], [9.825765, 44.054868, 0], [9.825734, 44.054916, 0], [9.825714, 44.055004, 0], [9.825692, 44.055126, 0], [9.82568, 44.055185, 0], [9.825638, 44.055233, 0], [9.825573, 44.055264, 0], [9.825515, 44.055276, 0], [9.825199, 44.055369, 0], [9.825073, 44.055446, 0], [9.824866, 44.055551, 0], [9.824681, 44.055755, 0], [9.824572, 44.055888, 0], [9.824458, 44.05599, 0], [9.824295, 44.056096, 0], [9.824102, 44.056158, 0], [9.823941, 44.056307, 0], [9.823946, 44.056449, 0], [9.82387, 44.056615, 0], [9.823786, 44.056785, 0], [9.823589, 44.056982, 0], [9.823382, 44.057246, 0], [9.823071, 44.057406, 0], [9.8228, 44.057529, 0], [9.822624, 44.057527, 0], [9.822399, 44.057575, 0], [9.822046, 44.057796, 0], [9.821876, 44.058138, 0]]}, "geometry_name": "GEOMETRY", "properties": {"ID_LINEA": "PTAMC17_330", "AMBITO": "17", "COD_UF": "29", "NOME_UF": "Muzzerone", "COD_PAR": "4", "NOME_PAR": "Muzzerone", "LIM_PAR_W": "Punta del Persico", "LIM_PAR_E": "Punta S. Pietro", "LUNGH": 1954, "TIPO_LINEA": "costa alta", "CAT_LINEA": "1734", "FASE_ITER": "approvazione", "DATA_ITER": "D.C.R. n.2 del 21/02/2023", "DATA_DIGIT": 20191025}, "bbox": [9.821876, 44.048013, 9.833249, 44.058138]}, {"type": "Feature", "id": "L7173.PTAMC18_107", "geometry": {"type": "LineString", "coordinates": [[9.839264, 44.057568, 0], [9.839262, 44.057351, 0], [9.839269, 44.057094, 0], [9.839265, 44.056753, 0], [9.839233, 44.056584, 0], [9.839188, 44.056378, 0], [9.839168, 44.056291, 0], [9.839133, 44.056263, 0], [9.839125, 44.056237, 0], [9.839148, 44.056194, 0], [9.839153, 44.05616, 0], [9.839102, 44.056096, 0], [9.839062, 44.056058, 0], [9.839025, 44.056052, 0], [9.839014, 44.05602, 0], [9.838976, 44.055984, 0], [9.838939, 44.055943, 0], [9.838944, 44.055914, 0], [9.83893, 44.055889, 0], [9.838906, 44.055886, 0], [9.838864, 44.055869, 0], [9.838834, 44.055837, 0], [9.838791, 44.055776, 0], [9.838788, 44.055755, 0], [9.838787, 44.055716, 0], [9.838718, 44.055683, 0], [9.838668, 44.055668, 0], [9.838641, 44.055634, 0], [9.838641, 44.055613, 0], [9.838397, 44.055563, 0], [9.838227, 44.055518, 0], [9.838164, 44.055472, 0], [9.838094, 44.055426, 0], [9.838012, 44.05535, 0], [9.837894, 44.055226, 0], [9.837832, 44.055155, 0], [9.83777, 44.055067, 0], [9.83773, 44.054999, 0], [9.837691, 44.054914, 0], [9.837645, 44.05479, 0], [9.837614, 44.054661, 0], [9.837586, 44.054633, 0], [9.837562, 44.054551, 0], [9.837558, 44.054512, 0], [9.837655, 44.054401, 0], [9.83762, 44.054218, 0], [9.837575, 44.054042, 0], [9.837545, 44.053893, 0], [9.837492, 44.05368, 0], [9.837441, 44.053531, 0], [9.837436, 44.053498, 0], [9.83743, 44.053458, 0], [9.837393, 44.053318, 0], [9.837382, 44.05322, 0], [9.83738, 44.053179, 0], [9.837366, 44.053119, 0], [9.837359, 44.05306, 0], [9.83735, 44.052988, 0], [9.837342, 44.052935, 0], [9.837342, 44.052897, 0], [9.837348, 44.052873, 0], [9.837361, 44.05284, 0], [9.83737, 44.052814, 0], [9.837375, 44.0528, 0], [9.837398, 44.052728, 0], [9.837407, 44.052659, 0], [9.8374, 44.052641, 0], [9.837384, 44.052612, 0], [9.837383, 44.052589, 0], [9.837399, 44.052563, 0], [9.83741, 44.052553, 0], [9.837419, 44.052534, 0], [9.837424, 44.052504, 0], [9.837411, 44.052437, 0], [9.837382, 44.052373, 0], [9.837366, 44.05234, 0], [9.837355, 44.052318, 0], [9.837349, 44.05229, 0], [9.837298, 44.052236, 0], [9.837214, 44.052156, 0], [9.837158, 44.05211, 0], [9.836821, 44.051803, 0], [9.836764, 44.051751, 0], [9.836735, 44.051736, 0], [9.836699, 44.051727, 0], [9.836653, 44.051723, 0], [9.836592, 44.051733, 0], [9.836566, 44.051727, 0], [9.836213, 44.051428, 0], [9.835613, 44.05169, 0], [9.835509, 44.051738, 0], [9.835436, 44.051745, 0], [9.83538, 44.051752, 0], [9.835296, 44.05174, 0], [9.835248, 44.051712, 0], [9.835219, 44.051673, 0], [9.835207, 44.051618, 0], [9.835217, 44.051568, 0], [9.835254, 44.051527, 0], [9.835294, 44.051505, 0], [9.83523, 44.051443, 0], [9.835144, 44.051338, 0], [9.83474, 44.05062, 0], [9.834628, 44.050169, 0], [9.83463, 44.050092, 0], [9.834592, 44.05002, 0], [9.834486, 44.049793, 0], [9.834307, 44.049522, 0], [9.834133, 44.049308, 0], [9.833905, 44.049075, 0], [9.833535, 44.048707, 0], [9.833289, 44.048496, 0], [9.83319, 44.048427, 0]]}, "geometry_name": "GEOMETRY", "properties": {"ID_LINEA": "PTAMC18_107", "AMBITO": "18", "COD_UF": "30", "NOME_UF": "Golfo della Spezia", "COD_PAR": "3", "NOME_PAR": "Portovenere", "LIM_PAR_W": "Punta S. Pietro", "LIM_PAR_E": "Punta della Castagna", "LUNGH": 1291, "TIPO_LINEA": "artificiale", "CAT_LINEA": "107", "FASE_ITER": "approvazione", "DATA_ITER": "D.C.R. n.2 del 21/02/2023", "DATA_DIGIT": 20191025}, "bbox": [9.83319, 44.048427, 9.839269, 44.057568]}, {"type": "Feature", "id": "L7173.PTAMC18_108", "geometry": {"type": "LineString", "coordinates": [[9.837991, 44.048423, 0], [9.838117, 44.048451, 0], [9.83827, 44.048502, 0], [9.838396, 44.048568, 0], [9.838517, 44.048727, 0], [9.838768, 44.049216, 0], [9.838879, 44.049401, 0], [9.83895, 44.049491, 0], [9.839023, 44.049535, 0], [9.839073, 44.049549, 0], [9.839136, 44.049549, 0], [9.839191, 44.04952, 0]]}, "geometry_name": "GEOMETRY", "properties": {"ID_LINEA": "PTAMC18_108", "AMBITO": "18", "COD_UF": "30", "NOME_UF": "Golfo della Spezia", "COD_PAR": "2", "NOME_PAR": "Terrizzo", "LIM_PAR_W": "Befettuccio", "LIM_PAR_E": "Punta della Scuola", "LUNGH": 171, "TIPO_LINEA": "artificiale", "CAT_LINEA": "108", "FASE_ITER": "approvazione", "DATA_ITER": "D.C.R. n.2 del 21/02/2023", "DATA_DIGIT": 20191025}, "bbox": [9.837991, 44.048423, 9.839191, 44.049549]}, {"type": "Feature", "id": "L7173.PTAMC18_110", "geometry": {"type": "LineString", "coordinates": [[9.840071, 44.048664, 0], [9.840292, 44.04862, 0], [9.840376, 44.048541, 0]]}, "geometry_name": "GEOMETRY", "properties": {"ID_LINEA": "PTAMC18_110", "AMBITO": "18", "COD_UF": "30", "NOME_UF": "Golfo della Spezia", "COD_PAR": "2", "NOME_PAR": "Terrizzo", "LIM_PAR_W": "Befettuccio", "LIM_PAR_E": "Punta della Scuola", "LUNGH": 29, "TIPO_LINEA": "artificiale", "CAT_LINEA": "110", "FASE_ITER": "approvazione", "DATA_ITER": "D.C.R. n.2 del 21/02/2023", "DATA_DIGIT": 20191025}, "bbox": [9.840071, 44.048541, 9.840376, 44.048664]}, {"type": "Feature", "id": "L7173.PTAMC18_119", "geometry": {"type": "LineString", "coordinates": [[9.853342, 44.049048, 0], [9.853204, 44.048983, 0], [9.853071, 44.048924, 0], [9.85302, 44.048888, 0], [9.852864, 44.048781, 0], [9.852776, 44.048733, 0], [9.852703, 44.048693, 0], [9.852633, 44.048658, 0], [9.852565, 44.048627, 0], [9.852485, 44.048599, 0], [9.852416, 44.048566, 0], [9.852369, 44.048549, 0], [9.852356, 44.048536, 0], [9.852347, 44.048519, 0]]}, "geometry_name": "GEOMETRY", "properties": {"ID_LINEA": "PTAMC18_119", "AMBITO": "18", "COD_UF": "30", "NOME_UF": "Golfo della Spezia", "COD_PAR": "1", "NOME_PAR": "Pozzale", "LIM_PAR_W": "Capo dell'Isola", "LIM_PAR_E": "Punta della Scuola", "LUNGH": 100, "TIPO_LINEA": "spiaggia", "CAT_LINEA": "119", "FASE_ITER": "approvazione", "DATA_ITER": "D.C.R. n.2 del 21/02/2023", "DATA_DIGIT": 20191025}, "bbox": [9.852347, 44.048519, 9.853342, 44.049048]}, {"type": "Feature", "id": "L7173.PTAMC18_109", "geometry": {"type": "LineString", "coordinates": [[9.839191, 44.04952, 0], [9.839312, 44.049448, 0], [9.839407, 44.049375, 0], [9.839547, 44.049222, 0], [9.8397, 44.049027, 0], [9.839883, 44.048806, 0], [9.839948, 44.048734, 0], [9.840071, 44.048664, 0]]}, "geometry_name": "GEOMETRY", "properties": {"ID_LINEA": "PTAMC18_109", "AMBITO": "18", "COD_UF": "30", "NOME_UF": "Golfo della Spezia", "COD_PAR": "2", "NOME_PAR": "Terrizzo", "LIM_PAR_W": "Befettuccio", "LIM_PAR_E": "Punta della Scuola", "LUNGH": 120, "TIPO_LINEA": "spiaggia", "CAT_LINEA": "109", "FASE_ITER": "approvazione", "DATA_ITER": "D.C.R. n.2 del 21/02/2023", "DATA_DIGIT": 20191025}, "bbox": [9.839191, 44.048664, 9.840071, 44.04952]}, {"type": "Feature", "id": "L7173.PTAMC18_385", "geometry": {"type": "LineString", "coordinates": [[9.855307, 44.051439, 0], [9.855343, 44.051423, 0], [9.855344, 44.051405, 0], [9.855321, 44.051373, 0], [9.85535, 44.051342, 0], [9.855358, 44.051318, 0], [9.855341, 44.051292, 0], [9.855339, 44.051262, 0], [9.855314, 44.051237, 0], [9.85529, 44.051214, 0], [9.855273, 44.051175, 0], [9.855281, 44.051125, 0], [9.855273, 44.051097, 0], [9.85527, 44.051084, 0], [9.85526, 44.051056, 0], [9.855238, 44.050994, 0], [9.855243, 44.050941, 0], [9.855226, 44.050897, 0], [9.855204, 44.050866, 0], [9.855171, 44.050839, 0], [9.855164, 44.050808, 0], [9.855144, 44.050781, 0], [9.855125, 44.050732, 0], [9.855118, 44.050689, 0], [9.855086, 44.050642, 0], [9.85506, 44.050613, 0], [9.85506, 44.050588, 0], [9.85506, 44.050563, 0], [9.855068, 44.050538, 0], [9.85506, 44.050509, 0], [9.855067, 44.050478, 0], [9.855061, 44.050437, 0], [9.855032, 44.05039, 0], [9.85507, 44.050333, 0], [9.85512, 44.05026, 0], [9.855099, 44.050215, 0], [9.855042, 44.050226, 0], [9.855014, 44.050244, 0], [9.854995, 44.050235, 0], [9.855006, 44.05019, 0], [9.855044, 44.050132, 0], [9.855095, 44.050071, 0], [9.855102, 44.050036, 0], [9.855104, 44.050008, 0], [9.855127, 44.049963, 0], [9.855133, 44.049927, 0], [9.8551, 44.049916, 0], [9.855091, 44.049884, 0], [9.855059, 44.049841, 0], [9.854959, 44.049781, 0], [9.854918, 44.049776, 0], [9.854886, 44.04976, 0], [9.854863, 44.049735, 0], [9.854787, 44.049665, 0], [9.854707, 44.049613, 0], [9.854643, 44.04958, 0], [9.854636, 44.049546, 0], [9.854622, 44.049502, 0], [9.854582, 44.049484, 0], [9.854493, 44.049472, 0], [9.854428, 44.04947, 0], [9.854344, 44.049455, 0], [9.854246, 44.049427, 0], [9.854178, 44.049389, 0], [9.854097, 44.049391, 0], [9.854019, 44.049367, 0], [9.853939, 44.049334, 0], [9.853894, 44.049299, 0], [9.853809, 44.049237, 0], [9.853572, 44.04914, 0], [9.853342, 44.049048, 0]]}, "geometry_name": "GEOMETRY", "properties": {"ID_LINEA": "PTAMC18_385", "AMBITO": "18", "COD_UF": "30", "NOME_UF": "Golfo della Spezia", "COD_PAR": "1", "NOME_PAR": "Pozzale", "LIM_PAR_W": "Capo dell'Isola", "LIM_PAR_E": "Punta della Scuola", "LUNGH": 376, "TIPO_LINEA": "costa alta", "CAT_LINEA": "1930", "FASE_ITER": "approvazione", "DATA_ITER": "D.C.R. n.2 del 21/02/2023", "DATA_DIGIT": 20191025}, "bbox": [9.853342, 44.049048, 9.855358, 44.051439]}, {"type": "Feature", "id": "L7173.PTAMC18_117", "geometry": {"type": "LineString", "coordinates": [[9.850032, 44.049867, 0], [9.85017, 44.049829, 0], [9.850312, 44.049826, 0], [9.850504, 44.049831, 0], [9.850679, 44.049851, 0], [9.850878, 44.049938, 0], [9.8511, 44.05016, 0]]}, "geometry_name": "GEOMETRY", "properties": {"ID_LINEA": "PTAMC18_117", "AMBITO": "18", "COD_UF": "30", "NOME_UF": "Golfo della Spezia", "COD_PAR": "2", "NOME_PAR": "Terrizzo", "LIM_PAR_W": "Befettuccio", "LIM_PAR_E": "Punta della Scuola", "LUNGH": 102, "TIPO_LINEA": "costa alta", "CAT_LINEA": "117", "FASE_ITER": "approvazione", "DATA_ITER": "D.C.R. n.2 del 21/02/2023", "DATA_DIGIT": 20191025}, "bbox": [9.850032, 44.049826, 9.8511, 44.05016]}, {"type": "Feature", "id": "L7173.PTAMC18_118", "geometry": {"type": "LineString", "coordinates": [[9.8511, 44.05016, 0], [9.851298, 44.050409, 0], [9.851502, 44.050584, 0], [9.851599, 44.050671, 0], [9.851586, 44.050701, 0], [9.851582, 44.050749, 0], [9.851662, 44.050796, 0], [9.851748, 44.050832, 0], [9.85184, 44.050862, 0], [9.851874, 44.050862, 0], [9.851947, 44.050864, 0], [9.852094, 44.050885, 0]]}, "geometry_name": "GEOMETRY", "properties": {"ID_LINEA": "PTAMC18_118", "AMBITO": "18", "COD_UF": "30", "NOME_UF": "Golfo della Spezia", "COD_PAR": "2", "NOME_PAR": "Terrizzo", "LIM_PAR_W": "Befettuccio", "LIM_PAR_E": "Punta della Scuola", "LUNGH": 123, "TIPO_LINEA": "artificiale", "CAT_LINEA": "118", "FASE_ITER": "approvazione", "DATA_ITER": "D.C.R. n.2 del 21/02/2023", "DATA_DIGIT": 20191025}, "bbox": [9.8511, 44.05016, 9.852094, 44.050885]}, {"type": "Feature", "id": "L7173.PTAMC18_384", "geometry": {"type": "LineString", "coordinates": [[9.852094, 44.050885, 0], [9.8524, 44.050881, 0], [9.852632, 44.050877, 0], [9.852779, 44.050877, 0], [9.852955, 44.050874, 0], [9.853167, 44.050868, 0], [9.853393, 44.050869, 0], [9.853488, 44.050877, 0], [9.85369, 44.050903, 0], [9.854123, 44.05097, 0], [9.854367, 44.051036, 0], [9.854597, 44.051125, 0], [9.85474, 44.051194, 0], [9.85489, 44.051284, 0], [9.854959, 44.051345, 0], [9.854997, 44.051383, 0], [9.855007, 44.051417, 0], [9.855039, 44.051443, 0], [9.855089, 44.051463, 0], [9.855165, 44.051476, 0], [9.855239, 44.051458, 0], [9.855307, 44.051439, 0]]}, "geometry_name": "GEOMETRY", "properties": {"ID_LINEA": "PTAMC18_384", "AMBITO": "18", "COD_UF": "30", "NOME_UF": "Golfo della Spezia", "COD_PAR": "2", "NOME_PAR": "Terrizzo", "LIM_PAR_W": "Befettuccio", "LIM_PAR_E": "Punta della Scuola", "LUNGH": 279, "TIPO_LINEA": "costa alta", "CAT_LINEA": "1929", "FASE_ITER": "approvazione", "DATA_ITER": "D.C.R. n.2 del 21/02/2023", "DATA_DIGIT": 20191025}, "bbox": [9.852094, 44.050868, 9.855307, 44.051476]}, {"type": "Feature", "id": "L7173.PTAMC18_339", "geometry": {"type": "LineString", "coordinates": [[9.855537, 44.051661, 0], [9.855547, 44.051631, 0], [9.855659, 44.051533, 0], [9.855704, 44.051495, 0], [9.855736, 44.0515, 0], [9.855782, 44.051513, 0], [9.855777, 44.051537, 0], [9.855741, 44.051592, 0], [9.855649, 44.051654, 0], [9.855593, 44.05169, 0], [9.855558, 44.051699, 0], [9.855537, 44.051685, 0], [9.855537, 44.051661, 0]]}, "geometry_name": "GEOMETRY", "properties": {"ID_LINEA": "PTAMC18_339", "AMBITO": "18", "COD_UF": "30", "NOME_UF": "Golfo della Spezia", "COD_PAR": "1", "NOME_PAR": "Pozzale", "LIM_PAR_W": "Capo dell'Isola", "LIM_PAR_E": "Punta della Scuola", "LUNGH": 63, "TIPO_LINEA": "costa alta", "CAT_LINEA": "1746", "FASE_ITER": "approvazione", "DATA_ITER": "D.C.R. n.2 del 21/02/2023", "DATA_DIGIT": 20191025}, "bbox": [9.855537, 44.051495, 9.855782, 44.051699]}, {"type": "Feature", "id": "L7173.PTAMC18_335", "geometry": {"type": "LineString", "coordinates": [[9.858104, 44.051628, 0], [9.858213, 44.051604, 0], [9.858331, 44.051563, 0], [9.858393, 44.051541, 0], [9.858398, 44.051509, 0], [9.85843, 44.051494, 0], [9.858449, 44.051523, 0], [9.858511, 44.051559, 0], [9.858562, 44.051591, 0], [9.858583, 44.051623, 0], [9.858575, 44.051659, 0], [9.858511, 44.051738, 0], [9.858476, 44.05179, 0], [9.858412, 44.051835, 0], [9.858376, 44.051859, 0], [9.858347, 44.051866, 0], [9.858299, 44.051842, 0], [9.858278, 44.051819, 0], [9.858192, 44.051792, 0], [9.858135, 44.051745, 0], [9.858104, 44.051628, 0]]}, "geometry_name": "GEOMETRY", "properties": {"ID_LINEA": "PTAMC18_335", "AMBITO": "18", "COD_UF": "30", "NOME_UF": "Golfo della Spezia", "COD_PAR": "1", "NOME_PAR": "Pozzale", "LIM_PAR_W": "Capo dell'Isola", "LIM_PAR_E": "Punta della Scuola", "LUNGH": 121, "TIPO_LINEA": "costa alta", "CAT_LINEA": "1741", "FASE_ITER": "approvazione", "DATA_ITER": "D.C.R. n.2 del 21/02/2023", "DATA_DIGIT": 20191025}, "bbox": [9.858104, 44.051494, 9.858583, 44.051866]}, {"type": "Feature", "id": "L7173.PTAMC18_105", "geometry": {"type": "LineString", "coordinates": [[9.839336, 44.057619, 0], [9.839302, 44.057598, 0], [9.839276, 44.057581, 0], [9.839264, 44.057568, 0]]}, "geometry_name": "GEOMETRY", "properties": {"ID_LINEA": "PTAMC18_105", "AMBITO": "18", "COD_UF": "30", "NOME_UF": "Golfo della Spezia", "COD_PAR": "3", "NOME_PAR": "Portovenere", "LIM_PAR_W": "Punta S. Pietro", "LIM_PAR_E": "Punta della Castagna", "LUNGH": 8, "TIPO_LINEA": "spiaggia", "CAT_LINEA": "105", "FASE_ITER": "approvazione", "DATA_ITER": "D.C.R. n.2 del 21/02/2023", "DATA_DIGIT": 20191025}, "bbox": [9.839264, 44.057568, 9.839336, 44.057619]}, {"type": "Feature", "id": "L7173.PTAMC18_106", "geometry": {"type": "LineString", "coordinates": [[9.839366, 44.05764, 0], [9.839336, 44.057619, 0]]}, "geometry_name": "GEOMETRY", "properties": {"ID_LINEA": "PTAMC18_106", "AMBITO": "18", "COD_UF": "30", "NOME_UF": "Golfo della Spezia", "COD_PAR": "3", "NOME_PAR": "Portovenere", "LIM_PAR_W": "Punta S. Pietro", "LIM_PAR_E": "Punta della Castagna", "LUNGH": 3, "TIPO_LINEA": "artificiale", "CAT_LINEA": "106", "FASE_ITER": "approvazione", "DATA_ITER": "D.C.R. n.2 del 21/02/2023", "DATA_DIGIT": 20191025}, "bbox": [9.839336, 44.057619, 9.839366, 44.05764]}, {"type": "Feature", "id": "L7173.PTAMC18_104", "geometry": {"type": "LineString", "coordinates": [[9.83991, 44.057922, 0], [9.839847, 44.057905, 0], [9.839749, 44.057874, 0], [9.839693, 44.05785, 0], [9.839642, 44.057825, 0], [9.83949, 44.057732, 0], [9.839366, 44.05764, 0]]}, "geometry_name": "GEOMETRY", "properties": {"ID_LINEA": "PTAMC18_104", "AMBITO": "18", "COD_UF": "30", "NOME_UF": "Golfo della Spezia", "COD_PAR": "3", "NOME_PAR": "Portovenere", "LIM_PAR_W": "Punta S. Pietro", "LIM_PAR_E": "Punta della Castagna", "LUNGH": 54, "TIPO_LINEA": "spiaggia", "CAT_LINEA": "104", "FASE_ITER": "approvazione", "DATA_ITER": "D.C.R. n.2 del 21/02/2023", "DATA_DIGIT": 20191025}, "bbox": [9.839366, 44.05764, 9.83991, 44.057922]}, {"type": "Feature", "id": "L7173.PTAMC18_103", "geometry": {"type": "LineString", "coordinates": [[9.840549, 44.057957, 0], [9.840514, 44.057955, 0], [9.840447, 44.057954, 0], [9.840369, 44.057951, 0], [9.840315, 44.057948, 0], [9.84026, 44.057943, 0], [9.840207, 44.057932, 0], [9.840143, 44.057912, 0], [9.840092, 44.057892, 0], [9.840031, 44.057871, 0], [9.839982, 44.057861, 0]]}, "geometry_name": "GEOMETRY", "properties": {"ID_LINEA": "PTAMC18_103", "AMBITO": "18", "COD_UF": "30", "NOME_UF": "Golfo della Spezia", "COD_PAR": "3", "NOME_PAR": "Portovenere", "LIM_PAR_W": "Punta S. Pietro", "LIM_PAR_E": "Punta della Castagna", "LUNGH": 47, "TIPO_LINEA": "spiaggia", "CAT_LINEA": "103", "FASE_ITER": "approvazione", "DATA_ITER": "D.C.R. n.2 del 21/02/2023", "DATA_DIGIT": 20191025}, "bbox": [9.839982, 44.057861, 9.840549, 44.057957]}, {"type": "Feature", "id": "L7173.PTAMC18_101", "geometry": {"type": "LineString", "coordinates": [[9.83991, 44.057922, 0], [9.839982, 44.057861, 0]]}, "geometry_name": "GEOMETRY", "properties": {"ID_LINEA": "PTAMC18_101", "AMBITO": "18", "COD_UF": "30", "NOME_UF": "Golfo della Spezia", "COD_PAR": "3", "NOME_PAR": "Portovenere", "LIM_PAR_W": "Punta S. Pietro", "LIM_PAR_E": "Punta della Castagna", "LUNGH": 9, "TIPO_LINEA": "artificiale", "CAT_LINEA": "101", "FASE_ITER": "approvazione", "DATA_ITER": "D.C.R. n.2 del 21/02/2023", "DATA_DIGIT": 20191025}, "bbox": [9.83991, 44.057861, 9.839982, 44.057922]}, {"type": "Feature", "id": "L7173.PTAMC18_92", "geometry": {"type": "LineString", "coordinates": [[9.848, 44.058299, 0], [9.847933, 44.058277, 0], [9.847871, 44.058265, 0], [9.847821, 44.058257, 0], [9.847751, 44.058249, 0], [9.847672, 44.058227, 0], [9.847641, 44.05822, 0], [9.847622, 44.058208, 0], [9.847575, 44.058185, 0], [9.847561, 44.058171, 0], [9.847529, 44.058161, 0], [9.84751, 44.058167, 0], [9.847492, 44.058184, 0], [9.847468, 44.058229, 0], [9.847429, 44.05824, 0], [9.847324, 44.058231, 0], [9.847192, 44.058212, 0], [9.847151, 44.058202, 0], [9.847065, 44.058172, 0], [9.847021, 44.058159, 0], [9.846959, 44.058125, 0], [9.846878, 44.058087, 0], [9.846838, 44.058062, 0], [9.846822, 44.05805, 0], [9.8468, 44.058024, 0], [9.846759, 44.057994, 0], [9.846715, 44.057962, 0], [9.846689, 44.057944, 0], [9.846664, 44.057927, 0], [9.846628, 44.057906, 0], [9.8466, 44.057898, 0], [9.846557, 44.05788, 0], [9.846536, 44.05787, 0], [9.846525, 44.057855, 0], [9.8465, 44.05785, 0], [9.846488, 44.05786, 0], [9.846469, 44.057869, 0], [9.846439, 44.057873, 0]]}, "geometry_name": "GEOMETRY", "properties": {"ID_LINEA": "PTAMC18_92", "AMBITO": "18", "COD_UF": "30", "NOME_UF": "Golfo della Spezia", "COD_PAR": "3", "NOME_PAR": "Portovenere", "LIM_PAR_W": "Punta S. Pietro", "LIM_PAR_E": "Punta della Castagna", "LUNGH": 149, "TIPO_LINEA": "costa alta", "CAT_LINEA": "92", "FASE_ITER": "approvazione", "DATA_ITER": "D.C.R. n.2 del 21/02/2023", "DATA_DIGIT": 20191025}, "bbox": [9.846439, 44.05785, 9.848, 44.058299]}, {"type": "Feature", "id": "L7173.PTAMC18_93", "geometry": {"type": "LineString", "coordinates": [[9.846439, 44.057873, 0], [9.846305, 44.057898, 0], [9.846099, 44.057901, 0], [9.84599, 44.057899, 0], [9.845954, 44.057889, 0], [9.845845, 44.057891, 0], [9.84563, 44.057889, 0], [9.845526, 44.0579, 0], [9.84538, 44.057929, 0], [9.845301, 44.057939, 0], [9.845267, 44.057939, 0], [9.845234, 44.057938, 0], [9.845179, 44.057961, 0], [9.845097, 44.058008, 0], [9.845032, 44.058043, 0], [9.844998, 44.058057, 0], [9.844979, 44.058064, 0], [9.844963, 44.058062, 0], [9.844943, 44.058046, 0], [9.844924, 44.058035, 0], [9.844901, 44.058036, 0], [9.844885, 44.058048, 0], [9.844881, 44.058064, 0], [9.844883, 44.058101, 0], [9.844869, 44.058111, 0], [9.844856, 44.058115, 0], [9.844839, 44.058098, 0], [9.84482, 44.058082, 0], [9.844788, 44.05808, 0], [9.844763, 44.058086, 0], [9.84474, 44.058092, 0], [9.844226, 44.058303, 0], [9.844112, 44.058362, 0], [9.844072, 44.058396, 0], [9.84409, 44.05842, 0], [9.84412, 44.058444, 0], [9.844069, 44.058476, 0], [9.843991, 44.058538, 0], [9.843957, 44.05859, 0], [9.843966, 44.058626, 0], [9.843985, 44.058654, 0], [9.843994, 44.058673, 0]]}, "geometry_name": "GEOMETRY", "properties": {"ID_LINEA": "PTAMC18_93", "AMBITO": "18", "COD_UF": "30", "NOME_UF": "Golfo della Spezia", "COD_PAR": "3", "NOME_PAR": "Portovenere", "LIM_PAR_W": "Punta S. Pietro", "LIM_PAR_E": "Punta della Castagna", "LUNGH": 253, "TIPO_LINEA": "artificiale", "CAT_LINEA": "93", "FASE_ITER": "approvazione", "DATA_ITER": "D.C.R. n.2 del 21/02/2023", "DATA_DIGIT": 20191025}, "bbox": [9.843957, 44.057873, 9.846439, 44.058673]}, {"type": "Feature", "id": "L7173.PTAMC18_100", "geometry": {"type": "LineString", "coordinates": [[9.840549, 44.057957, 0], [9.840607, 44.057965, 0]]}, "geometry_name": "GEOMETRY", "properties": {"ID_LINEA": "PTAMC18_100", "AMBITO": "18", "COD_UF": "30", "NOME_UF": "Golfo della Spezia", "COD_PAR": "3", "NOME_PAR": "Portovenere", "LIM_PAR_W": "Punta S. Pietro", "LIM_PAR_E": "Punta della Castagna", "LUNGH": 5, "TIPO_LINEA": "artificiale", "CAT_LINEA": "100", "FASE_ITER": "approvazione", "DATA_ITER": "D.C.R. n.2 del 21/02/2023", "DATA_DIGIT": 20191025}, "bbox": [9.840549, 44.057957, 9.840607, 44.057965]}, {"type": "Feature", "id": "L7173.PTAMC18_102", "geometry": {"type": "LineString", "coordinates": [[9.840763, 44.058038, 0], [9.840736, 44.058034, 0], [9.840706, 44.058026, 0], [9.840671, 44.058012, 0], [9.840637, 44.057988, 0], [9.840607, 44.057965, 0]]}, "geometry_name": "GEOMETRY", "properties": {"ID_LINEA": "PTAMC18_102", "AMBITO": "18", "COD_UF": "30", "NOME_UF": "Golfo della Spezia", "COD_PAR": "3", "NOME_PAR": "Portovenere", "LIM_PAR_W": "Punta S. Pietro", "LIM_PAR_E": "Punta della Castagna", "LUNGH": 15, "TIPO_LINEA": "spiaggia", "CAT_LINEA": "102", "FASE_ITER": "approvazione", "DATA_ITER": "D.C.R. n.2 del 21/02/2023", "DATA_DIGIT": 20191025}, "bbox": [9.840607, 44.057965, 9.840763, 44.058038]}, {"type": "Feature", "id": "L7173.PTAMC17_296", "geometry": {"type": "LineString", "coordinates": [[9.821876, 44.058138, 0], [9.821615, 44.058369, 0]]}, "geometry_name": "GEOMETRY", "properties": {"ID_LINEA": "PTAMC17_296", "AMBITO": "17", "COD_UF": "29", "NOME_UF": "Muzzerone", "COD_PAR": "4", "NOME_PAR": "Muzzerone", "LIM_PAR_W": "Punta del Persico", "LIM_PAR_E": "Punta S. Pietro", "LUNGH": 33, "TIPO_LINEA": "spiaggia", "CAT_LINEA": "400", "FASE_ITER": "approvazione", "DATA_ITER": "D.C.R. n.2 del 21/02/2023", "DATA_DIGIT": 20191025}, "bbox": [9.821615, 44.058138, 9.821876, 44.058369]}, {"type": "Feature", "id": "L7173.PTAMC18_99", "geometry": {"type": "LineString", "coordinates": [[9.841372, 44.058682, 0], [9.841361, 44.058533, 0], [9.841246, 44.05843, 0], [9.840822, 44.05805, 0], [9.840763, 44.058038, 0]]}, "geometry_name": "GEOMETRY", "properties": {"ID_LINEA": "PTAMC18_99", "AMBITO": "18", "COD_UF": "30", "NOME_UF": "Golfo della Spezia", "COD_PAR": "3", "NOME_PAR": "Portovenere", "LIM_PAR_W": "Punta S. Pietro", "LIM_PAR_E": "Punta della Castagna", "LUNGH": 90, "TIPO_LINEA": "artificiale", "CAT_LINEA": "99", "FASE_ITER": "approvazione", "DATA_ITER": "D.C.R. n.2 del 21/02/2023", "DATA_DIGIT": 20191025}, "bbox": [9.840763, 44.058038, 9.841372, 44.058682]}, {"type": "Feature", "id": "L7173.PTAMC17_297", "geometry": {"type": "LineString", "coordinates": [[9.821615, 44.058369, 0], [9.821252, 44.058526, 0], [9.821095, 44.058622, 0], [9.820917, 44.05873, 0], [9.82078, 44.058742, 0], [9.820648, 44.058778, 0], [9.820527, 44.058824, 0], [9.820475, 44.058847, 0], [9.820411, 44.058848, 0], [9.820379, 44.05881, 0], [9.820326, 44.058803, 0], [9.820263, 44.05883, 0], [9.820218, 44.058861, 0], [9.820145, 44.058876, 0], [9.820071, 44.058906, 0], [9.820027, 44.058946, 0], [9.819817, 44.0591, 0], [9.819663, 44.059191, 0], [9.819563, 44.059264, 0], [9.819461, 44.059344, 0], [9.819331, 44.059472, 0], [9.819319, 44.059537, 0], [9.819296, 44.059615, 0]]}, "geometry_name": "GEOMETRY", "properties": {"ID_LINEA": "PTAMC17_297", "AMBITO": "17", "COD_UF": "29", "NOME_UF": "Muzzerone", "COD_PAR": "4", "NOME_PAR": "Muzzerone", "LIM_PAR_W": "Punta del Persico", "LIM_PAR_E": "Punta S. Pietro", "LUNGH": 248, "TIPO_LINEA": "costa alta", "CAT_LINEA": "401", "FASE_ITER": "approvazione", "DATA_ITER": "D.C.R. n.2 del 21/02/2023", "DATA_DIGIT": 20191025}, "bbox": [9.819296, 44.058369, 9.821615, 44.059615]}, {"type": "Feature", "id": "L7173.PTAMC18_90", "geometry": {"type": "LineString", "coordinates": [[9.851196, 44.059931, 0], [9.851012, 44.059873, 0], [9.850874, 44.059806, 0], [9.850834, 44.059755, 0], [9.85079, 44.059696, 0], [9.85074, 44.059683, 0], [9.850695, 44.05966, 0], [9.850652, 44.059632, 0], [9.850615, 44.0596, 0], [9.850556, 44.05957, 0], [9.850392, 44.059545, 0], [9.850302, 44.05953, 0], [9.850222, 44.059492, 0], [9.850142, 44.059417, 0], [9.850114, 44.05936, 0], [9.850028, 44.059258, 0], [9.84998, 44.059207, 0], [9.849862, 44.059062, 0], [9.849821, 44.058988, 0], [9.849773, 44.058929, 0], [9.849666, 44.058855, 0], [9.849578, 44.058808, 0], [9.849535, 44.058759, 0], [9.849527, 44.058723, 0], [9.849473, 44.058678, 0], [9.849414, 44.058646, 0], [9.849343, 44.058629, 0], [9.849295, 44.05862, 0], [9.849244, 44.058584, 0], [9.849186, 44.058552, 0], [9.849114, 44.058541, 0], [9.849067, 44.058521, 0], [9.848963, 44.058481, 0], [9.848777, 44.058395, 0], [9.848665, 44.058354, 0], [9.848525, 44.05832, 0], [9.848469, 44.058314, 0], [9.848442, 44.058297, 0], [9.848444, 44.05825, 0], [9.848412, 44.058235, 0], [9.848365, 44.058247, 0], [9.84831, 44.05827, 0], [9.848271, 44.058304, 0], [9.848205, 44.058311, 0], [9.848083, 44.058307, 0], [9.848037, 44.058303, 0]]}, "geometry_name": "GEOMETRY", "properties": {"ID_LINEA": "PTAMC18_90", "AMBITO": "18", "COD_UF": "30", "NOME_UF": "Golfo della Spezia", "COD_PAR": "3", "NOME_PAR": "Portovenere", "LIM_PAR_W": "Punta S. Pietro", "LIM_PAR_E": "Punta della Castagna", "LUNGH": 341, "TIPO_LINEA": "costa alta", "CAT_LINEA": "90", "FASE_ITER": "approvazione", "DATA_ITER": "D.C.R. n.2 del 21/02/2023", "DATA_DIGIT": 20191025}, "bbox": [9.848037, 44.058235, 9.851196, 44.059931]}, {"type": "Feature", "id": "L7173.PTAMC18_91", "geometry": {"type": "LineString", "coordinates": [[9.848037, 44.058303, 0], [9.848, 44.058299, 0]]}, "geometry_name": "GEOMETRY", "properties": {"ID_LINEA": "PTAMC18_91", "AMBITO": "18", "COD_UF": "30", "NOME_UF": "Golfo della Spezia", "COD_PAR": "3", "NOME_PAR": "Portovenere", "LIM_PAR_W": "Punta S. Pietro", "LIM_PAR_E": "Punta della Castagna", "LUNGH": 3, "TIPO_LINEA": "artificiale", "CAT_LINEA": "91", "FASE_ITER": "approvazione", "DATA_ITER": "D.C.R. n.2 del 21/02/2023", "DATA_DIGIT": 20191025}, "bbox": [9.848, 44.058299, 9.848037, 44.058303]}, {"type": "Feature", "id": "L7173.PTAMC18_97", "geometry": {"type": "LineString", "coordinates": [[9.841509, 44.05886, 0], [9.841451, 44.058804, 0], [9.841412, 44.058753, 0], [9.84138, 44.058707, 0], [9.841372, 44.058682, 0]]}, "geometry_name": "GEOMETRY", "properties": {"ID_LINEA": "PTAMC18_97", "AMBITO": "18", "COD_UF": "30", "NOME_UF": "Golfo della Spezia", "COD_PAR": "3", "NOME_PAR": "Portovenere", "LIM_PAR_W": "Punta S. Pietro", "LIM_PAR_E": "Punta della Castagna", "LUNGH": 23, "TIPO_LINEA": "spiaggia", "CAT_LINEA": "97", "FASE_ITER": "approvazione", "DATA_ITER": "D.C.R. n.2 del 21/02/2023", "DATA_DIGIT": 20191025}, "bbox": [9.841372, 44.058682, 9.841509, 44.05886]}, {"type": "Feature", "id": "L7173.PTAMC18_94", "geometry": {"type": "LineString", "coordinates": [[9.843994, 44.058673, 0], [9.843964, 44.05872, 0], [9.843879, 44.058775, 0], [9.843704, 44.058901, 0], [9.84363, 44.05895, 0], [9.843442, 44.059064, 0], [9.843276, 44.059145, 0], [9.843226, 44.059163, 0]]}, "geometry_name": "GEOMETRY", "properties": {"ID_LINEA": "PTAMC18_94", "AMBITO": "18", "COD_UF": "30", "NOME_UF": "Golfo della Spezia", "COD_PAR": "3", "NOME_PAR": "Portovenere", "LIM_PAR_W": "Punta S. Pietro", "LIM_PAR_E": "Punta della Castagna", "LUNGH": 83, "TIPO_LINEA": "spiaggia", "CAT_LINEA": "94", "FASE_ITER": "approvazione", "DATA_ITER": "D.C.R. n.2 del 21/02/2023", "DATA_DIGIT": 20191025}, "bbox": [9.843226, 44.058673, 9.843994, 44.059163]}, {"type": "Feature", "id": "L7173.PTAMC18_98", "geometry": {"type": "LineString", "coordinates": [[9.841707, 44.059006, 0], [9.841509, 44.05886, 0]]}, "geometry_name": "GEOMETRY", "properties": {"ID_LINEA": "PTAMC18_98", "AMBITO": "18", "COD_UF": "30", "NOME_UF": "Golfo della Spezia", "COD_PAR": "3", "NOME_PAR": "Portovenere", "LIM_PAR_W": "Punta S. Pietro", "LIM_PAR_E": "Punta della Castagna", "LUNGH": 23, "TIPO_LINEA": "artificiale", "CAT_LINEA": "98", "FASE_ITER": "approvazione", "DATA_ITER": "D.C.R. n.2 del 21/02/2023", "DATA_DIGIT": 20191025}, "bbox": [9.841509, 44.05886, 9.841707, 44.059006]}, {"type": "Feature", "id": "L7173.PTAMC18_96", "geometry": {"type": "LineString", "coordinates": [[9.841833, 44.05906, 0], [9.84174, 44.059025, 0], [9.841707, 44.059006, 0]]}, "geometry_name": "GEOMETRY", "properties": {"ID_LINEA": "PTAMC18_96", "AMBITO": "18", "COD_UF": "30", "NOME_UF": "Golfo della Spezia", "COD_PAR": "3", "NOME_PAR": "Portovenere", "LIM_PAR_W": "Punta S. Pietro", "LIM_PAR_E": "Punta della Castagna", "LUNGH": 12, "TIPO_LINEA": "spiaggia", "CAT_LINEA": "96", "FASE_ITER": "approvazione", "DATA_ITER": "D.C.R. n.2 del 21/02/2023", "DATA_DIGIT": 20191025}, "bbox": [9.841707, 44.059006, 9.841833, 44.05906]}, {"type": "Feature", "id": "L7173.PTAMC18_95", "geometry": {"type": "LineString", "coordinates": [[9.843226, 44.059163, 0], [9.842996, 44.059232, 0], [9.842661, 44.059328, 0], [9.842656, 44.059352, 0], [9.842616, 44.059352, 0], [9.842509, 44.059337, 0], [9.842271, 44.059296, 0], [9.84223, 44.059284, 0], [9.842204, 44.059268, 0], [9.842181, 44.059234, 0], [9.842152, 44.05921, 0], [9.842114, 44.059174, 0], [9.842072, 44.059147, 0], [9.842009, 44.059118, 0], [9.841945, 44.059089, 0], [9.841882, 44.059075, 0], [9.841833, 44.05906, 0]]}, "geometry_name": "GEOMETRY", "properties": {"ID_LINEA": "PTAMC18_95", "AMBITO": "18", "COD_UF": "30", "NOME_UF": "Golfo della Spezia", "COD_PAR": "3", "NOME_PAR": "Portovenere", "LIM_PAR_W": "Punta S. Pietro", "LIM_PAR_E": "Punta della Castagna", "LUNGH": 128, "TIPO_LINEA": "artificiale", "CAT_LINEA": "95", "FASE_ITER": "approvazione", "DATA_ITER": "D.C.R. n.2 del 21/02/2023", "DATA_DIGIT": 20191025}, "bbox": [9.841833, 44.05906, 9.843226, 44.059352]}, {"type": "Feature", "id": "L7173.PTAMC17_298", "geometry": {"type": "LineString", "coordinates": [[9.819296, 44.059615, 0], [9.819236, 44.059707, 0], [9.819147, 44.059747, 0], [9.819068, 44.059771, 0]]}, "geometry_name": "GEOMETRY", "properties": {"ID_LINEA": "PTAMC17_298", "AMBITO": "17", "COD_UF": "29", "NOME_UF": "Muzzerone", "COD_PAR": "4", "NOME_PAR": "Muzzerone", "LIM_PAR_W": "Punta del Persico", "LIM_PAR_E": "Punta S. Pietro", "LUNGH": 27, "TIPO_LINEA": "spiaggia", "CAT_LINEA": "402", "FASE_ITER": "approvazione", "DATA_ITER": "D.C.R. n.2 del 21/02/2023", "DATA_DIGIT": 20191025}, "bbox": [9.819068, 44.059615, 9.819296, 44.059771]}, {"type": "Feature", "id": "L7173.PTAMC18_365", "geometry": {"type": "LineString", "coordinates": [[9.851934, 44.061736, 0], [9.852079, 44.061665, 0], [9.85206, 44.061645, 0], [9.852044, 44.061609, 0], [9.852038, 44.061544, 0], [9.85203, 44.061522, 0], [9.85202, 44.061496, 0], [9.851991, 44.061437, 0], [9.851978, 44.061395, 0], [9.851939, 44.061275, 0], [9.851931, 44.061219, 0], [9.851928, 44.06115, 0], [9.851934, 44.0611, 0], [9.852025, 44.06098, 0], [9.851979, 44.060851, 0], [9.851817, 44.060396, 0], [9.85181, 44.060329, 0], [9.85182, 44.060293, 0], [9.85182, 44.060236, 0], [9.851789, 44.060144, 0], [9.851759, 44.060093, 0], [9.851709, 44.060054, 0], [9.851648, 44.060028, 0], [9.851557, 44.060015, 0], [9.851459, 44.059998, 0], [9.851373, 44.059978, 0], [9.851259, 44.05995, 0], [9.851196, 44.059931, 0]]}, "geometry_name": "GEOMETRY", "properties": {"ID_LINEA": "PTAMC18_365", "AMBITO": "18", "COD_UF": "30", "NOME_UF": "Golfo della Spezia", "COD_PAR": "3", "NOME_PAR": "Portovenere", "LIM_PAR_W": "Punta S. Pietro", "LIM_PAR_E": "Punta della Castagna", "LUNGH": 245, "TIPO_LINEA": "artificiale", "CAT_LINEA": "1810", "FASE_ITER": "approvazione", "DATA_ITER": "D.C.R. n.2 del 21/02/2023", "DATA_DIGIT": 20191025}, "bbox": [9.851196, 44.059931, 9.852079, 44.061736]}, {"type": "Feature", "id": "L7173.PTAMC17_342", "geometry": {"type": "LineString", "coordinates": [[9.819068, 44.059771, 0], [9.819031, 44.059783, 0], [9.818939, 44.059802, 0], [9.818749, 44.059825, 0], [9.818609, 44.059843, 0], [9.818464, 44.059844, 0], [9.818427, 44.059829, 0], [9.818463, 44.059764, 0], [9.818449, 44.059736, 0], [9.818397, 44.059761, 0], [9.818353, 44.059815, 0], [9.818334, 44.059824, 0], [9.81832, 44.059771, 0], [9.818338, 44.059706, 0], [9.818314, 44.059676, 0], [9.818239, 44.059653, 0], [9.818176, 44.059684, 0], [9.818124, 44.059748, 0], [9.818059, 44.059758, 0], [9.817984, 44.059749, 0], [9.817892, 44.05977, 0], [9.817736, 44.059945, 0], [9.817615, 44.060177, 0], [9.817602, 44.060224, 0], [9.817569, 44.060295, 0], [9.817455, 44.06046, 0], [9.817081, 44.060751, 0], [9.816989, 44.060794, 0], [9.816918, 44.060834, 0], [9.816858, 44.060846, 0], [9.816797, 44.060849, 0], [9.816739, 44.060841, 0], [9.816657, 44.06081, 0], [9.816637, 44.060766, 0], [9.8166, 44.060724, 0], [9.816497, 44.060706, 0], [9.816404, 44.060727, 0], [9.816352, 44.060734, 0], [9.816288, 44.060719, 0], [9.816279, 44.060677, 0], [9.816271, 44.060639, 0], [9.81626, 44.060605, 0], [9.816235, 44.060553, 0], [9.816235, 44.060506, 0], [9.816282, 44.060456, 0], [9.816247, 44.060422, 0], [9.81621, 44.060405, 0], [9.816146, 44.060402, 0], [9.816038, 44.060431, 0], [9.815907, 44.060483, 0], [9.815779, 44.060583, 0], [9.815685, 44.060694, 0], [9.815631, 44.060819, 0], [9.815632, 44.060872, 0], [9.81559, 44.060907, 0], [9.815511, 44.060926, 0], [9.815412, 44.061022, 0], [9.81514, 44.061241, 0], [9.815088, 44.061295, 0], [9.815041, 44.061322, 0], [9.814988, 44.061326, 0], [9.814961, 44.061258, 0], [9.81494, 44.061254, 0], [9.814866, 44.061255, 0], [9.814824, 44.061309, 0], [9.814793, 44.061343, 0], [9.814693, 44.061405, 0], [9.814561, 44.061413, 0], [9.814466, 44.061403, 0], [9.814387, 44.061395, 0], [9.814343, 44.061339, 0], [9.814343, 44.061285, 0], [9.814285, 44.061286, 0], [9.8142, 44.061321, 0], [9.814041, 44.061415, 0], [9.813969, 44.061435, 0], [9.813919, 44.061437, 0], [9.813872, 44.061437, 0], [9.813742, 44.061448, 0], [9.813674, 44.061493, 0], [9.813604, 44.061554, 0], [9.813563, 44.061661, 0], [9.813561, 44.061701, 0], [9.813567, 44.061731, 0], [9.813522, 44.061755, 0], [9.813443, 44.061793, 0], [9.812985, 44.062333, 0], [9.81292, 44.062387, 0], [9.812844, 44.062424, 0], [9.812728, 44.062455, 0], [9.812654, 44.062471, 0], [9.812536, 44.062487, 0], [9.812467, 44.062506, 0], [9.812381, 44.062545, 0], [9.812323, 44.062601, 0], [9.812276, 44.062668, 0], [9.812248, 44.062723, 0], [9.812217, 44.062788, 0], [9.812189, 44.062825, 0], [9.812155, 44.062836, 0], [9.812094, 44.062854, 0], [9.812007, 44.062855, 0], [9.811922, 44.062855, 0], [9.811769, 44.062845, 0], [9.811695, 44.062828, 0], [9.811628, 44.062791, 0], [9.81163, 44.062745, 0], [9.811592, 44.062684, 0], [9.811586, 44.062621, 0], [9.811593, 44.06256, 0], [9.811577, 44.062509, 0], [9.811542, 44.062505, 0], [9.811504, 44.062595, 0], [9.811494, 44.06265, 0], [9.811455, 44.062687, 0], [9.811407, 44.062695, 0], [9.811339, 44.062728, 0], [9.811226, 44.062801, 0], [9.811159, 44.062859, 0], [9.811082, 44.062873, 0], [9.811029, 44.062867, 0], [9.810966, 44.06286, 0], [9.810859, 44.062823, 0], [9.810798, 44.062787, 0], [9.810705, 44.062719, 0], [9.810657, 44.062681, 0], [9.810585, 44.06268, 0], [9.81053, 44.062733, 0], [9.810473, 44.062785, 0], [9.810391, 44.062795, 0], [9.810317, 44.062806, 0], [9.810265, 44.062814, 0], [9.81017, 44.062869, 0], [9.810116, 44.062933, 0], [9.810079, 44.062962, 0], [9.810005, 44.062979, 0], [9.809926, 44.062951, 0], [9.809764, 44.062913, 0], [9.809565, 44.062878, 0], [9.809417, 44.062881, 0], [9.809293, 44.06291, 0], [9.809244, 44.062955, 0], [9.809142, 44.063045, 0], [9.809087, 44.063078, 0], [9.809026, 44.063103, 0], [9.808977, 44.063147, 0], [9.808919, 44.063167, 0], [9.808866, 44.063155, 0], [9.808829, 44.063123, 0], [9.808804, 44.063068, 0], [9.808777, 44.063051, 0], [9.808711, 44.063044, 0], [9.808632, 44.063064, 0], [9.808593, 44.063085, 0], [9.80858, 44.063127, 0], [9.808599, 44.063173, 0], [9.808645, 44.063245, 0], [9.80856, 44.063427, 0], [9.808451, 44.063567, 0], [9.808312, 44.063656, 0], [9.80812, 44.063718, 0], [9.808015, 44.063742, 0], [9.807888, 44.063743, 0], [9.80775, 44.063717, 0], [9.807684, 44.063674, 0], [9.807654, 44.063643, 0], [9.807709, 44.063595, 0], [9.807737, 44.063521, 0], [9.807732, 44.063496, 0], [9.80767, 44.063474, 0], [9.807618, 44.063474, 0], [9.807602, 44.06352, 0], [9.807601, 44.063581, 0], [9.807532, 44.063604, 0], [9.807377, 44.06368, 0], [9.80732, 44.063712, 0], [9.807243, 44.063719, 0], [9.807172, 44.06374, 0], [9.807072, 44.063762, 0], [9.807011, 44.063762, 0], [9.806987, 44.063745, 0], [9.806963, 44.063707, 0], [9.806915, 44.063717, 0], [9.806642, 44.064049, 0], [9.806635, 44.064095, 0], [9.806691, 44.064143, 0], [9.806661, 44.064244, 0], [9.806577, 44.064342, 0], [9.806432, 44.06436, 0], [9.806191, 44.064457, 0], [9.806057, 44.064509, 0], [9.805959, 44.064542, 0], [9.805796, 44.064569, 0], [9.805561, 44.064595, 0], [9.805373, 44.064613, 0], [9.805248, 44.064619, 0], [9.805154, 44.064639, 0], [9.804988, 44.064679, 0], [9.804833, 44.06471, 0], [9.804738, 44.064717, 0], [9.804656, 44.064717, 0], [9.804537, 44.064724, 0], [9.804442, 44.064734, 0], [9.804365, 44.064704, 0], [9.804293, 44.064638, 0], [9.804237, 44.064623, 0], [9.804168, 44.06462, 0], [9.804065, 44.064594, 0], [9.804006, 44.064548, 0], [9.803921, 44.064477, 0], [9.803873, 44.064443, 0], [9.803803, 44.064409, 0], [9.803742, 44.064388, 0], [9.803687, 44.064381, 0], [9.803604, 44.064361, 0], [9.803559, 44.064353, 0], [9.803541, 44.064331, 0], [9.803574, 44.064281, 0], [9.803603, 44.064231, 0], [9.803642, 44.064174, 0], [9.803689, 44.064126, 0], [9.803712, 44.064084, 0], [9.803716, 44.06404, 0], [9.803716, 44.064006, 0], [9.803681, 44.063956, 0], [9.803657, 44.063953, 0], [9.803618, 44.063966, 0], [9.803602, 44.063974, 0], [9.803592, 44.064001, 0], [9.803565, 44.06401, 0], [9.803515, 44.064005, 0], [9.803473, 44.063996, 0], [9.803444, 44.063998, 0], [9.803391, 44.064014, 0], [9.803352, 44.064029, 0], [9.803283, 44.06407, 0], [9.803225, 44.064085, 0], [9.803178, 44.064084, 0], [9.803106, 44.064061, 0], [9.802876, 44.064023, 0], [9.802671, 44.063984, 0], [9.802519, 44.063985, 0], [9.802456, 44.063988, 0], [9.802307, 44.063936, 0], [9.802157, 44.063868, 0], [9.802064, 44.063824, 0], [9.801955, 44.063822, 0], [9.801922, 44.063821, 0]]}, "geometry_name": "GEOMETRY", "properties": {"ID_LINEA": "PTAMC17_342", "AMBITO": "17", "COD_UF": "29", "NOME_UF": "Muzzerone", "COD_PAR": "4", "NOME_PAR": "Muzzerone", "LIM_PAR_W": "Punta del Persico", "LIM_PAR_E": "Punta S. Pietro", "LUNGH": 2031, "TIPO_LINEA": "costa alta", "CAT_LINEA": "1749", "FASE_ITER": "approvazione", "DATA_ITER": "D.C.R. n.2 del 21/02/2023", "DATA_DIGIT": 20191025}, "bbox": [9.801922, 44.059653, 9.819068, 44.064734]}, {"type": "Feature", "id": "L7173.PTAMC18_364", "geometry": {"type": "LineString", "coordinates": [[9.847379, 44.061214, 0], [9.84745, 44.061176, 0], [9.847546, 44.061141, 0], [9.847615, 44.061127, 0], [9.847673, 44.061116, 0], [9.847762, 44.061113, 0], [9.847834, 44.061118, 0], [9.848019, 44.061138, 0], [9.848294, 44.06117, 0], [9.848607, 44.061198, 0], [9.848951, 44.06123, 0], [9.849079, 44.061238, 0], [9.849191, 44.061252, 0], [9.849345, 44.061295, 0], [9.849467, 44.061323, 0], [9.849552, 44.061349, 0], [9.849615, 44.061369, 0], [9.849676, 44.061415, 0], [9.849791, 44.061496, 0], [9.849873, 44.061542, 0], [9.850116, 44.061664, 0], [9.850249, 44.061711, 0], [9.850341, 44.061741, 0], [9.850535, 44.061761, 0], [9.850688, 44.061766, 0], [9.850762, 44.061776, 0], [9.850823, 44.061789, 0], [9.850913, 44.061795, 0], [9.850984, 44.061795, 0], [9.851009, 44.061786, 0], [9.851049, 44.061768, 0], [9.851345, 44.061761, 0], [9.851466, 44.061769, 0], [9.851568, 44.061793, 0], [9.85173, 44.061836, 0], [9.851925, 44.061741, 0], [9.851934, 44.061736, 0]]}, "geometry_name": "GEOMETRY", "properties": {"ID_LINEA": "PTAMC18_364", "AMBITO": "18", "COD_UF": "30", "NOME_UF": "Golfo della Spezia", "COD_PAR": "4", "NOME_PAR": "La Spezia", "LIM_PAR_W": "Punta della Castagna", "LIM_PAR_E": "Punta S. Teresa", "LUNGH": 391, "TIPO_LINEA": "artificiale", "CAT_LINEA": "1809", "FASE_ITER": "approvazione", "DATA_ITER": "D.C.R. n.2 del 21/02/2023", "DATA_DIGIT": 20191025}, "bbox": [9.847379, 44.061113, 9.851934, 44.061836]}, {"type": "Feature", "id": "L7173.PTAMC18_89", "geometry": {"type": "LineString", "coordinates": [[9.847128, 44.06156, 0], [9.847163, 44.061488, 0], [9.847238, 44.061395, 0], [9.847291, 44.061332, 0], [9.847351, 44.061261, 0], [9.847379, 44.061214, 0]]}, "geometry_name": "GEOMETRY", "properties": {"ID_LINEA": "PTAMC18_89", "AMBITO": "18", "COD_UF": "30", "NOME_UF": "Golfo della Spezia", "COD_PAR": "4", "NOME_PAR": "La Spezia", "LIM_PAR_W": "Punta della Castagna", "LIM_PAR_E": "Punta S. Teresa", "LUNGH": 44, "TIPO_LINEA": "spiaggia", "CAT_LINEA": "89", "FASE_ITER": "approvazione", "DATA_ITER": "D.C.R. n.2 del 21/02/2023", "DATA_DIGIT": 20191025}, "bbox": [9.847128, 44.061214, 9.847379, 44.06156]}, {"type": "Feature", "id": "L7173.PTAMC18_88", "geometry": {"type": "LineString", "coordinates": [[9.846656, 44.061931, 0], [9.846803, 44.061857, 0], [9.846919, 44.061802, 0], [9.84703, 44.061752, 0], [9.847073, 44.061713, 0], [9.847111, 44.061655, 0], [9.847119, 44.061597, 0], [9.847128, 44.06156, 0]]}, "geometry_name": "GEOMETRY", "properties": {"ID_LINEA": "PTAMC18_88", "AMBITO": "18", "COD_UF": "30", "NOME_UF": "Golfo della Spezia", "COD_PAR": "4", "NOME_PAR": "La Spezia", "LIM_PAR_W": "Punta della Castagna", "LIM_PAR_E": "Punta S. Teresa", "LUNGH": 59, "TIPO_LINEA": "costa alta", "CAT_LINEA": "88", "FASE_ITER": "approvazione", "DATA_ITER": "D.C.R. n.2 del 21/02/2023", "DATA_DIGIT": 20191025}, "bbox": [9.846656, 44.06156, 9.847128, 44.061931]}, {"type": "Feature", "id": "L7173.PTAMC18_87", "geometry": {"type": "LineString", "coordinates": [[9.847486, 44.065287, 0], [9.847439, 44.065251, 0], [9.84738, 44.065229, 0], [9.847347, 44.06521, 0], [9.847328, 44.065183, 0], [9.847282, 44.065162, 0], [9.847238, 44.065143, 0], [9.84712, 44.065108, 0], [9.84708, 44.065092, 0], [9.847002, 44.065035, 0], [9.846968, 44.065017, 0], [9.846941, 44.064999, 0], [9.846908, 44.06497, 0], [9.846878, 44.064932, 0], [9.846834, 44.064826, 0], [9.846807, 44.064747, 0], [9.846796, 44.064712, 0], [9.846791, 44.064654, 0], [9.846774, 44.064585, 0], [9.84678, 44.064512, 0], [9.846773, 44.064428, 0], [9.846766, 44.06433, 0], [9.846769, 44.064271, 0], [9.846777, 44.064255, 0], [9.846785, 44.064218, 0], [9.846787, 44.064182, 0], [9.846786, 44.064109, 0], [9.846785, 44.064039, 0], [9.846785, 44.063965, 0], [9.846776, 44.063919, 0], [9.846771, 44.063855, 0], [9.846756, 44.063793, 0], [9.846735, 44.063723, 0], [9.846727, 44.063679, 0], [9.846724, 44.063656, 0], [9.846746, 44.063651, 0], [9.846747, 44.063637, 0], [9.846732, 44.063601, 0], [9.846657, 44.06344, 0], [9.846596, 44.063302, 0], [9.846544, 44.063187, 0], [9.846519, 44.063137, 0], [9.846497, 44.063081, 0], [9.846494, 44.063013, 0], [9.84649, 44.062945, 0], [9.846472, 44.062877, 0], [9.846464, 44.06285, 0], [9.846436, 44.062786, 0], [9.846429, 44.062746, 0], [9.846447, 44.062688, 0], [9.846486, 44.062534, 0], [9.846495, 44.062409, 0], [9.846495, 44.062373, 0], [9.846492, 44.06235, 0], [9.846507, 44.062334, 0], [9.846512, 44.062323, 0], [9.84653, 44.062214, 0], [9.846552, 44.062118, 0], [9.846571, 44.061953, 0], [9.846649, 44.061957, 0], [9.846656, 44.061931, 0]]}, "geometry_name": "GEOMETRY", "properties": {"ID_LINEA": "PTAMC18_87", "AMBITO": "18", "COD_UF": "30", "NOME_UF": "Golfo della Spezia", "COD_PAR": "4", "NOME_PAR": "La Spezia", "LIM_PAR_W": "Punta della Castagna", "LIM_PAR_E": "Punta S. Teresa", "LUNGH": 412, "TIPO_LINEA": "artificiale", "CAT_LINEA": "87", "FASE_ITER": "approvazione", "DATA_ITER": "D.C.R. n.2 del 21/02/2023", "DATA_DIGIT": 20191025}, "bbox": [9.846429, 44.061931, 9.847486, 44.065287]}, {"type": "Feature", "id": "L7173.PTAMC17_343", "geometry": {"type": "LineString", "coordinates": [[9.801922, 44.063821, 0], [9.801836, 44.063818, 0], [9.801737, 44.063831, 0], [9.801621, 44.063831, 0], [9.801555, 44.063829, 0], [9.80151, 44.063877, 0], [9.801504, 44.063935, 0], [9.801465, 44.063971, 0], [9.801393, 44.064016, 0], [9.801198, 44.064063, 0], [9.801099, 44.06404, 0], [9.800927, 44.064048, 0], [9.800687, 44.064112, 0], [9.800539, 44.064172, 0], [9.800266, 44.064286, 0], [9.800122, 44.064344, 0], [9.79998, 44.064393, 0], [9.799677, 44.064456, 0], [9.799346, 44.064477, 0], [9.799036, 44.06448, 0], [9.798811, 44.064481, 0], [9.798521, 44.064493, 0], [9.79833, 44.064556, 0], [9.798021, 44.064706, 0], [9.797694, 44.064899, 0], [9.79746, 44.065116, 0], [9.797337, 44.065279, 0], [9.797312, 44.065374, 0], [9.797175, 44.065518, 0]]}, "geometry_name": "GEOMETRY", "properties": {"ID_LINEA": "PTAMC17_343", "AMBITO": "17", "COD_UF": "29", "NOME_UF": "Muzzerone", "COD_PAR": "3", "NOME_PAR": "Schiara", "LIM_PAR_W": "Punta di Monesteroli", "LIM_PAR_E": "Punta del Persico", "LUNGH": 459, "TIPO_LINEA": "costa alta", "CAT_LINEA": "1750", "FASE_ITER": "approvazione", "DATA_ITER": "D.C.R. n.2 del 21/02/2023", "DATA_DIGIT": 20191025}, "bbox": [9.797175, 44.063818, 9.801922, 44.065518]}, {"type": "Feature", "id": "L7173.PTAMC18_80", "geometry": {"type": "LineString", "coordinates": [[9.838275, 44.070417, 0], [9.837819, 44.069905, 0], [9.837695, 44.069745, 0], [9.837475, 44.069522, 0], [9.837272, 44.069364, 0], [9.837197, 44.069318, 0], [9.837324, 44.069121, 0], [9.83606, 44.068703, 0], [9.835884, 44.068611, 0], [9.83549, 44.068399, 0], [9.835458, 44.06837, 0], [9.835465, 44.068321, 0], [9.835733, 44.067266, 0], [9.835841, 44.067001, 0], [9.836156, 44.065713, 0], [9.836591, 44.065142, 0], [9.837575, 44.064763, 0], [9.837903, 44.064787, 0], [9.838689, 44.064728, 0], [9.838908, 44.064849, 0], [9.839093, 44.065255, 0], [9.839221, 44.065666, 0], [9.839433, 44.06612, 0], [9.83972, 44.066236, 0], [9.840171, 44.066339, 0], [9.840704, 44.066655, 0], [9.841493, 44.067126, 0], [9.842674, 44.067663, 0], [9.843477, 44.068389, 0], [9.844723, 44.069013, 0], [9.844927, 44.069179, 0], [9.845319, 44.069267, 0], [9.845625, 44.069212, 0], [9.845772, 44.069127, 0], [9.845938, 44.068927, 0], [9.845805, 44.06854, 0], [9.845381, 44.067697, 0], [9.844598, 44.066879, 0], [9.843345, 44.065753, 0], [9.842944, 44.0651, 0], [9.84354, 44.064638, 0], [9.844028, 44.064719, 0], [9.844528, 44.064966, 0], [9.844858, 44.065101, 0], [9.845335, 44.065197, 0], [9.846101, 44.065549, 0], [9.846892, 44.066169, 0], [9.847139, 44.066449, 0], [9.848132, 44.067097, 0], [9.84827, 44.067166, 0], [9.848674, 44.06733, 0], [9.84912, 44.067451, 0]]}, "geometry_name": "GEOMETRY", "properties": {"ID_LINEA": "PTAMC18_80", "AMBITO": "18", "COD_UF": "30", "NOME_UF": "Golfo della Spezia", "COD_PAR": "4", "NOME_PAR": "La Spezia", "LIM_PAR_W": "Punta della Castagna", "LIM_PAR_E": "Punta S. Teresa", "LUNGH": 2852, "TIPO_LINEA": "artificiale", "CAT_LINEA": "80", "FASE_ITER": "approvazione", "DATA_ITER": "D.C.R. n.2 del 21/02/2023", "DATA_DIGIT": 20191025}, "bbox": [9.835458, 44.064638, 9.84912, 44.070417]}, {"type": "Feature", "id": "L7173.PTAMC17_299", "geometry": {"type": "LineString", "coordinates": [[9.797175, 44.065518, 0], [9.79647, 44.066133, 0], [9.795992, 44.06645, 0], [9.795599, 44.06673, 0], [9.7952, 44.067042, 0], [9.795144, 44.067092, 0]]}, "geometry_name": "GEOMETRY", "properties": {"ID_LINEA": "PTAMC17_299", "AMBITO": "17", "COD_UF": "29", "NOME_UF": "Muzzerone", "COD_PAR": "3", "NOME_PAR": "Schiara", "LIM_PAR_W": "Punta di Monesteroli", "LIM_PAR_E": "Punta del Persico", "LUNGH": 239, "TIPO_LINEA": "spiaggia", "CAT_LINEA": "403", "FASE_ITER": "approvazione", "DATA_ITER": "D.C.R. n.2 del 21/02/2023", "DATA_DIGIT": 20191025}, "bbox": [9.795144, 44.065518, 9.797175, 44.067092]}, {"type": "Feature", "id": "L7173.PTAMC18_86", "geometry": {"type": "LineString", "coordinates": [[9.847637, 44.065355, 0], [9.84757, 44.065347, 0], [9.847538, 44.065322, 0], [9.84749, 44.065305, 0], [9.847486, 44.065287, 0]]}, "geometry_name": "GEOMETRY", "properties": {"ID_LINEA": "PTAMC18_86", "AMBITO": "18", "COD_UF": "30", "NOME_UF": "Golfo della Spezia", "COD_PAR": "4", "NOME_PAR": "La Spezia", "LIM_PAR_W": "Punta della Castagna", "LIM_PAR_E": "Punta S. Teresa", "LUNGH": 16, "TIPO_LINEA": "costa alta", "CAT_LINEA": "86", "FASE_ITER": "approvazione", "DATA_ITER": "D.C.R. n.2 del 21/02/2023", "DATA_DIGIT": 20191025}, "bbox": [9.847486, 44.065287, 9.847637, 44.065355]}, {"type": "Feature", "id": "L7173.PTAMC18_84", "geometry": {"type": "LineString", "coordinates": [[9.847824, 44.065463, 0], [9.847859, 44.06541, 0], [9.847871, 44.065375, 0], [9.847821, 44.065353, 0], [9.847794, 44.065351, 0], [9.847764, 44.065368, 0], [9.847713, 44.065353, 0], [9.847691, 44.065352, 0], [9.847637, 44.065355, 0]]}, "geometry_name": "GEOMETRY", "properties": {"ID_LINEA": "PTAMC18_84", "AMBITO": "18", "COD_UF": "30", "NOME_UF": "Golfo della Spezia", "COD_PAR": "4", "NOME_PAR": "La Spezia", "LIM_PAR_W": "Punta della Castagna", "LIM_PAR_E": "Punta S. Teresa", "LUNGH": 31, "TIPO_LINEA": "artificiale", "CAT_LINEA": "84", "FASE_ITER": "approvazione", "DATA_ITER": "D.C.R. n.2 del 21/02/2023", "DATA_DIGIT": 20191025}, "bbox": [9.847637, 44.065351, 9.847871, 44.065463]}, {"type": "Feature", "id": "L7173.PTAMC18_85", "geometry": {"type": "LineString", "coordinates": [[9.8479, 44.065533, 0], [9.847824, 44.065463, 0]]}, "geometry_name": "GEOMETRY", "properties": {"ID_LINEA": "PTAMC18_85", "AMBITO": "18", "COD_UF": "30", "NOME_UF": "Golfo della Spezia", "COD_PAR": "4", "NOME_PAR": "La Spezia", "LIM_PAR_W": "Punta della Castagna", "LIM_PAR_E": "Punta S. Teresa", "LUNGH": 10, "TIPO_LINEA": "costa alta", "CAT_LINEA": "85", "FASE_ITER": "approvazione", "DATA_ITER": "D.C.R. n.2 del 21/02/2023", "DATA_DIGIT": 20191025}, "bbox": [9.847824, 44.065463, 9.8479, 44.065533]}, {"type": "Feature", "id": "L7173.PTAMC18_83", "geometry": {"type": "LineString", "coordinates": [[9.848466, 44.065814, 0], [9.848371, 44.065745, 0], [9.848256, 44.065681, 0], [9.848089, 44.065612, 0], [9.8479, 44.065533, 0]]}, "geometry_name": "GEOMETRY", "properties": {"ID_LINEA": "PTAMC18_83", "AMBITO": "18", "COD_UF": "30", "NOME_UF": "Golfo della Spezia", "COD_PAR": "4", "NOME_PAR": "La Spezia", "LIM_PAR_W": "Punta della Castagna", "LIM_PAR_E": "Punta S. Teresa", "LUNGH": 55, "TIPO_LINEA": "artificiale", "CAT_LINEA": "83", "FASE_ITER": "approvazione", "DATA_ITER": "D.C.R. n.2 del 21/02/2023", "DATA_DIGIT": 20191025}, "bbox": [9.8479, 44.065533, 9.848466, 44.065814]}, {"type": "Feature", "id": "L7173.PTAMC18_82", "geometry": {"type": "LineString", "coordinates": [[9.84912, 44.067451, 0], [9.849398, 44.067508, 0], [9.84957, 44.067562, 0], [9.849666, 44.06759, 0], [9.84974, 44.067595, 0], [9.849856, 44.067579, 0], [9.850066, 44.067505, 0], [9.850237, 44.067433, 0], [9.850495, 44.067345, 0], [9.850629, 44.067281, 0], [9.850904, 44.067147, 0], [9.851095, 44.066994, 0], [9.851184, 44.066892, 0], [9.851278, 44.066673, 0], [9.851242, 44.066559, 0], [9.851167, 44.066493, 0], [9.851111, 44.066461, 0], [9.851095, 44.066429, 0], [9.851092, 44.066395, 0], [9.851092, 44.066376, 0], [9.851028, 44.066368, 0], [9.850999, 44.066393, 0], [9.850965, 44.066394, 0], [9.850893, 44.066352, 0], [9.850864, 44.066337, 0], [9.850834, 44.066318, 0], [9.85078, 44.066307, 0], [9.850763, 44.066302, 0], [9.85073, 44.066295, 0], [9.850715, 44.066286, 0], [9.850707, 44.066275, 0], [9.850704, 44.066252, 0], [9.850704, 44.066233, 0], [9.850714, 44.066214, 0], [9.850723, 44.066198, 0], [9.850724, 44.066178, 0], [9.850705, 44.066156, 0], [9.850687, 44.066147, 0], [9.850647, 44.066133, 0], [9.850582, 44.066132, 0], [9.850565, 44.066147, 0], [9.850555, 44.066149, 0], [9.850542, 44.066137, 0], [9.850558, 44.066106, 0], [9.850542, 44.066099, 0], [9.85051, 44.066145, 0], [9.850473, 44.066187, 0], [9.850445, 44.066235, 0], [9.850407, 44.066262, 0], [9.85039, 44.06628, 0], [9.85037, 44.066286, 0], [9.850341, 44.066292, 0], [9.850313, 44.066279, 0], [9.850292, 44.066252, 0], [9.850311, 44.066228, 0], [9.850339, 44.066199, 0], [9.850338, 44.066179, 0], [9.850343, 44.066165, 0], [9.850355, 44.066143, 0], [9.850354, 44.066114, 0], [9.850337, 44.066109, 0], [9.850311, 44.066111, 0], [9.850287, 44.066133, 0], [9.850272, 44.066155, 0], [9.850239, 44.066166, 0], [9.850211, 44.066173, 0], [9.850164, 44.066173, 0], [9.850145, 44.066166, 0], [9.850071, 44.066161, 0], [9.850039, 44.066171, 0], [9.850012, 44.0662, 0], [9.849986, 44.066214, 0], [9.849956, 44.066218, 0], [9.849903, 44.066221, 0], [9.849839, 44.066198, 0], [9.849781, 44.066175, 0], [9.849746, 44.066163, 0], [9.84968, 44.066163, 0], [9.849646, 44.066161, 0], [9.849612, 44.066153, 0], [9.849573, 44.066138, 0], [9.849542, 44.066132, 0], [9.849517, 44.066132, 0], [9.849483, 44.066132, 0], [9.849459, 44.066132, 0], [9.849434, 44.066121, 0], [9.849426, 44.066116, 0], [9.849386, 44.06612, 0], [9.84936, 44.066124, 0], [9.849321, 44.066125, 0], [9.84925, 44.06611, 0], [9.849207, 44.066096, 0], [9.849185, 44.066085, 0], [9.849163, 44.066063, 0], [9.84913, 44.066047, 0], [9.849068, 44.066004, 0], [9.849014, 44.065983, 0], [9.848981, 44.065963, 0], [9.848953, 44.06594, 0], [9.848912, 44.065905, 0], [9.84887, 44.065881, 0], [9.848829, 44.065865, 0], [9.848756, 44.065844, 0], [9.848696, 44.06584, 0], [9.84865, 44.065839, 0], [9.848582, 44.065829, 0], [9.84852, 44.065823, 0], [9.848466, 44.065814, 0]]}, "geometry_name": "GEOMETRY", "properties": {"ID_LINEA": "PTAMC18_82", "AMBITO": "18", "COD_UF": "30", "NOME_UF": "Golfo della Spezia", "COD_PAR": "4", "NOME_PAR": "La Spezia", "LIM_PAR_W": "Punta della Castagna", "LIM_PAR_E": "Punta S. Teresa", "LUNGH": 551, "TIPO_LINEA": "costa alta", "CAT_LINEA": "82", "FASE_ITER": "approvazione", "DATA_ITER": "D.C.R. n.2 del 21/02/2023", "DATA_DIGIT": 20191025}, "bbox": [9.848466, 44.065814, 9.851278, 44.067595]}, {"type": "Feature", "id": "L7173.PTAMC17_300", "geometry": {"type": "LineString", "coordinates": [[9.795144, 44.067092, 0], [9.795076, 44.067152, 0], [9.794938, 44.067239, 0], [9.794741, 44.067279, 0], [9.794549, 44.067309, 0], [9.794405, 44.067391, 0], [9.794167, 44.067633, 0], [9.793965, 44.067825, 0], [9.793842, 44.067992, 0], [9.793718, 44.068127, 0], [9.793483, 44.068343, 0], [9.793288, 44.068611, 0], [9.793138, 44.06874, 0]]}, "geometry_name": "GEOMETRY", "properties": {"ID_LINEA": "PTAMC17_300", "AMBITO": "17", "COD_UF": "29", "NOME_UF": "Muzzerone", "COD_PAR": "3", "NOME_PAR": "Schiara", "LIM_PAR_W": "Punta di Monesteroli", "LIM_PAR_E": "Punta del Persico", "LUNGH": 252, "TIPO_LINEA": "costa alta", "CAT_LINEA": "404", "FASE_ITER": "approvazione", "DATA_ITER": "D.C.R. n.2 del 21/02/2023", "DATA_DIGIT": 20191025}, "bbox": [9.793138, 44.067092, 9.795144, 44.06874]}, {"type": "Feature", "id": "L7173.PTAMC17_304", "geometry": {"type": "LineString", "coordinates": [[9.793138, 44.06874, 0], [9.79306, 44.068808, 0], [9.792258, 44.069511, 0], [9.792047, 44.069686, 0]]}, "geometry_name": "GEOMETRY", "properties": {"ID_LINEA": "PTAMC17_304", "AMBITO": "17", "COD_UF": "29", "NOME_UF": "Muzzerone", "COD_PAR": "3", "NOME_PAR": "Schiara", "LIM_PAR_W": "Punta di Monesteroli", "LIM_PAR_E": "Punta del Persico", "LUNGH": 137, "TIPO_LINEA": "spiaggia", "CAT_LINEA": "408", "FASE_ITER": "approvazione", "DATA_ITER": "D.C.R. n.2 del 21/02/2023", "DATA_DIGIT": 20191025}, "bbox": [9.792047, 44.06874, 9.793138, 44.069686]}, {"type": "Feature", "id": "L7173.PTAMC17_344", "geometry": {"type": "LineString", "coordinates": [[9.792047, 44.069686, 0], [9.791755, 44.069929, 0], [9.791264, 44.070271, 0], [9.790714, 44.07068, 0], [9.790268, 44.070949, 0], [9.789942, 44.071133, 0], [9.789908, 44.071152, 0]]}, "geometry_name": "GEOMETRY", "properties": {"ID_LINEA": "PTAMC17_344", "AMBITO": "17", "COD_UF": "29", "NOME_UF": "Muzzerone", "COD_PAR": "3", "NOME_PAR": "Schiara", "LIM_PAR_W": "Punta di Monesteroli", "LIM_PAR_E": "Punta del Persico", "LUNGH": 237, "TIPO_LINEA": "costa alta", "CAT_LINEA": "1751", "FASE_ITER": "approvazione", "DATA_ITER": "D.C.R. n.2 del 21/02/2023", "DATA_DIGIT": 20191025}, "bbox": [9.789908, 44.069686, 9.792047, 44.071152]}, {"type": "Feature", "id": "L7173.PTAMC18_79", "geometry": {"type": "LineString", "coordinates": [[9.840147, 44.071941, 0], [9.840044, 44.071753, 0], [9.839871, 44.071487, 0], [9.839732, 44.071332, 0], [9.839531, 44.071322, 0], [9.83927, 44.071206, 0], [9.83914, 44.071009, 0], [9.838946, 44.070759, 0], [9.838664, 44.070582, 0], [9.838467, 44.070511, 0], [9.838275, 44.070417, 0]]}, "geometry_name": "GEOMETRY", "properties": {"ID_LINEA": "PTAMC18_79", "AMBITO": "18", "COD_UF": "30", "NOME_UF": "Golfo della Spezia", "COD_PAR": "4", "NOME_PAR": "La Spezia", "LIM_PAR_W": "Punta della Castagna", "LIM_PAR_E": "Punta S. Teresa", "LUNGH": 239, "TIPO_LINEA": "costa alta", "CAT_LINEA": "79", "FASE_ITER": "approvazione", "DATA_ITER": "D.C.R. n.2 del 21/02/2023", "DATA_DIGIT": 20191025}, "bbox": [9.838275, 44.070417, 9.840147, 44.071941]}, {"type": "Feature", "id": "L7173.PTAMC17_143", "geometry": {"type": "LineString", "coordinates": [[9.789908, 44.071152, 0], [9.789724, 44.07126, 0], [9.789612, 44.071321, 0], [9.789514, 44.071357, 0], [9.789445, 44.071396, 0]]}, "geometry_name": "GEOMETRY", "properties": {"ID_LINEA": "PTAMC17_143", "AMBITO": "17", "COD_UF": "29", "NOME_UF": "Muzzerone", "COD_PAR": "3", "NOME_PAR": "Schiara", "LIM_PAR_W": "Punta di Monesteroli", "LIM_PAR_E": "Punta del Persico", "LUNGH": 46, "TIPO_LINEA": "spiaggia", "CAT_LINEA": "143", "FASE_ITER": "approvazione", "DATA_ITER": "D.C.R. n.2 del 21/02/2023", "DATA_DIGIT": 20191025}, "bbox": [9.789445, 44.071152, 9.789908, 44.071396]}, {"type": "Feature", "id": "L7173.PTAMC18_81", "geometry": {"type": "LineString", "coordinates": [[9.840276, 44.072802, 0], [9.840216, 44.072666, 0], [9.840211, 44.072345, 0], [9.840147, 44.071941, 0]]}, "geometry_name": "GEOMETRY", "properties": {"ID_LINEA": "PTAMC18_81", "AMBITO": "18", "COD_UF": "30", "NOME_UF": "Golfo della Spezia", "COD_PAR": "4", "NOME_PAR": "La Spezia", "LIM_PAR_W": "Punta della Castagna", "LIM_PAR_E": "Punta S. Teresa", "LUNGH": 97, "TIPO_LINEA": "artificiale", "CAT_LINEA": "81", "FASE_ITER": "approvazione", "DATA_ITER": "D.C.R. n.2 del 21/02/2023", "DATA_DIGIT": 20191025}, "bbox": [9.840147, 44.071941, 9.840276, 44.072802]}, {"type": "Feature", "id": "L7173.PTAMC18_78", "geometry": {"type": "LineString", "coordinates": [[9.842012, 44.07448, 0], [9.8419, 44.074382, 0], [9.841887, 44.074229, 0], [9.841581, 44.073887, 0], [9.84117, 44.073623, 0], [9.840866, 44.07345, 0], [9.840542, 44.073281, 0], [9.84037, 44.073129, 0], [9.840299, 44.07297, 0], [9.840276, 44.072802, 0]]}, "geometry_name": "GEOMETRY", "properties": {"ID_LINEA": "PTAMC18_78", "AMBITO": "18", "COD_UF": "30", "NOME_UF": "Golfo della Spezia", "COD_PAR": "4", "NOME_PAR": "La Spezia", "LIM_PAR_W": "Punta della Castagna", "LIM_PAR_E": "Punta S. Teresa", "LUNGH": 243, "TIPO_LINEA": "costa alta", "CAT_LINEA": "78", "FASE_ITER": "approvazione", "DATA_ITER": "D.C.R. n.2 del 21/02/2023", "DATA_DIGIT": 20191025}, "bbox": [9.840276, 44.072802, 9.842012, 44.07448]}, {"type": "Feature", "id": "L7173.PTAMC18_76", "geometry": {"type": "LineString", "coordinates": [[9.833762, 44.073702, 0], [9.834441, 44.07388, 0], [9.834934, 44.073541, 0], [9.835238, 44.073356, 0], [9.835764, 44.073222, 0], [9.836207, 44.073158, 0], [9.836747, 44.073154, 0], [9.837287, 44.073203, 0], [9.837837, 44.073276, 0], [9.838804, 44.073581, 0], [9.839388, 44.073783, 0], [9.840104, 44.074122, 0]]}, "geometry_name": "GEOMETRY", "properties": {"ID_LINEA": "PTAMC18_76", "AMBITO": "18", "COD_UF": "30", "NOME_UF": "Golfo della Spezia", "COD_PAR": "4", "NOME_PAR": "La Spezia", "LIM_PAR_W": "Punta della Castagna", "LIM_PAR_E": "Punta S. Teresa", "LUNGH": 562, "TIPO_LINEA": "costa alta", "CAT_LINEA": "76", "FASE_ITER": "approvazione", "DATA_ITER": "D.C.R. n.2 del 21/02/2023", "DATA_DIGIT": 20191025}, "bbox": [9.833762, 44.073154, 9.840104, 44.074122]}, {"type": "Feature", "id": "L7173.PTAMC18_75", "geometry": {"type": "LineString", "coordinates": [[9.829922, 44.076569, 0], [9.829926, 44.076112, 0], [9.830408, 44.07578, 0], [9.830691, 44.075588, 0], [9.830867, 44.075358, 0], [9.831171, 44.075142, 0], [9.831673, 44.07478, 0], [9.83243, 44.074462, 0], [9.833136, 44.074274, 0], [9.833323, 44.074025, 0], [9.833762, 44.073702, 0]]}, "geometry_name": "GEOMETRY", "properties": {"ID_LINEA": "PTAMC18_75", "AMBITO": "18", "COD_UF": "30", "NOME_UF": "Golfo della Spezia", "COD_PAR": "4", "NOME_PAR": "La Spezia", "LIM_PAR_W": "Punta della Castagna", "LIM_PAR_E": "Punta S. Teresa", "LUNGH": 468, "TIPO_LINEA": "artificiale", "CAT_LINEA": "75", "FASE_ITER": "approvazione", "DATA_ITER": "D.C.R. n.2 del 21/02/2023", "DATA_DIGIT": 20191025}, "bbox": [9.829922, 44.073702, 9.833762, 44.076569]}, {"type": "Feature", "id": "L7173.PTAMC18_77", "geometry": {"type": "LineString", "coordinates": [[9.840104, 44.074122, 0], [9.840162, 44.074463, 0], [9.840386, 44.074621, 0], [9.840748, 44.074764, 0], [9.841002, 44.074785, 0], [9.841455, 44.07469, 0], [9.841781, 44.074604, 0], [9.842012, 44.07448, 0]]}, "geometry_name": "GEOMETRY", "properties": {"ID_LINEA": "PTAMC18_77", "AMBITO": "18", "COD_UF": "30", "NOME_UF": "Golfo della Spezia", "COD_PAR": "4", "NOME_PAR": "La Spezia", "LIM_PAR_W": "Punta della Castagna", "LIM_PAR_E": "Punta S. Teresa", "LUNGH": 205, "TIPO_LINEA": "artificiale", "CAT_LINEA": "77", "FASE_ITER": "approvazione", "DATA_ITER": "D.C.R. n.2 del 21/02/2023", "DATA_DIGIT": 20191025}, "bbox": [9.840104, 44.074122, 9.842012, 44.074785]}, {"type": "Feature", "id": "L7173.PTAMC18_74", "geometry": {"type": "LineString", "coordinates": [[9.830258, 44.079036, 0], [9.830235, 44.078541, 0], [9.830262, 44.078213, 0], [9.8303, 44.077916, 0], [9.830507, 44.077586, 0], [9.830503, 44.077259, 0], [9.830265, 44.076902, 0], [9.829934, 44.076691, 0], [9.829922, 44.076569, 0]]}, "geometry_name": "GEOMETRY", "properties": {"ID_LINEA": "PTAMC18_74", "AMBITO": "18", "COD_UF": "30", "NOME_UF": "Golfo della Spezia", "COD_PAR": "4", "NOME_PAR": "La Spezia", "LIM_PAR_W": "Punta della Castagna", "LIM_PAR_E": "Punta S. Teresa", "LUNGH": 294, "TIPO_LINEA": "costa alta", "CAT_LINEA": "74", "FASE_ITER": "approvazione", "DATA_ITER": "D.C.R. n.2 del 21/02/2023", "DATA_DIGIT": 20191025}, "bbox": [9.829922, 44.076569, 9.830507, 44.079036]}, {"type": "Feature", "id": "L7173.PTAMC18_73", "geometry": {"type": "LineString", "coordinates": [[9.880875, 44.082357, 0], [9.880263, 44.082428, 0], [9.879733, 44.082508, 0], [9.879576, 44.082633, 0], [9.878748, 44.082813, 0], [9.878527, 44.084259, 0], [9.880501, 44.084407, 0], [9.880458, 44.084742, 0], [9.879538, 44.085824, 0], [9.87946, 44.085894, 0], [9.879104, 44.085975, 0], [9.879079, 44.086036, 0], [9.879055, 44.086189, 0], [9.878977, 44.086501, 0], [9.878805, 44.086493, 0], [9.878731, 44.086667, 0], [9.879113, 44.0869, 0], [9.878984, 44.087494, 0], [9.878957, 44.08759, 0], [9.878883, 44.087633, 0], [9.878833, 44.087633, 0], [9.878708, 44.087621, 0], [9.878185, 44.087598, 0], [9.877509, 44.087672, 0], [9.877393, 44.087675, 0], [9.877297, 44.087651, 0], [9.877257, 44.087594, 0], [9.877237, 44.087512, 0], [9.877199, 44.087476, 0], [9.875156, 44.087538, 0], [9.875183, 44.087873, 0], [9.874247, 44.087899, 0], [9.873544, 44.087893, 0], [9.873073, 44.087917, 0], [9.873125, 44.088938, 0], [9.872991, 44.088961, 0], [9.86974, 44.08939, 0], [9.868572, 44.089841, 0], [9.864645, 44.091403, 0], [9.862127, 44.098618, 0], [9.857245, 44.10338, 0], [9.855055, 44.106995, 0], [9.852004, 44.10964, 0], [9.8482, 44.109973, 0], [9.840241, 44.109727, 0], [9.836014, 44.110093, 0], [9.825668, 44.099557, 0], [9.820345, 44.094008, 0], [9.830258, 44.079036, 0]]}, "geometry_name": "GEOMETRY", "properties": {"ID_LINEA": "PTAMC18_73", "AMBITO": "18", "COD_UF": "30", "NOME_UF": "Golfo della Spezia", "COD_PAR": "4", "NOME_PAR": "La Spezia", "LIM_PAR_W": "Punta della Castagna", "LIM_PAR_E": "Punta S. Teresa", "LUNGH": 9927, "TIPO_LINEA": "artificiale", "CAT_LINEA": "73", "FASE_ITER": "approvazione", "DATA_ITER": "D.C.R. n.2 del 21/02/2023", "DATA_DIGIT": 20191025}, "bbox": [9.820345, 44.079036, 9.880875, 44.110093]}, {"type": "Feature", "id": "L7173.PTAMC17_282", "geometry": {"type": "LineString", "coordinates": [[9.722118, 44.114896, 0], [9.721886, 44.115069, 0], [9.721391, 44.115481, 0]]}, "geometry_name": "GEOMETRY", "properties": {"ID_LINEA": "PTAMC17_282", "AMBITO": "17", "COD_UF": "28", "NOME_UF": "Cinque Terre", "COD_PAR": "4", "NOME_PAR": "Corniglia", "LIM_PAR_W": "Punta del Luogo", "LIM_PAR_E": "Punta Buonfiglio", "LUNGH": 87, "TIPO_LINEA": "costa alta", "CAT_LINEA": "386", "FASE_ITER": "approvazione", "DATA_ITER": "D.C.R. n.2 del 21/02/2023", "DATA_DIGIT": 20191025}, "bbox": [9.721391, 44.114896, 9.722118, 44.115481]}, {"type": "Feature", "id": "L7173.PTAMC17_283", "geometry": {"type": "LineString", "coordinates": [[9.725599, 44.112468, 0], [9.725478, 44.112524, 0], [9.725189, 44.112685, 0], [9.724808, 44.112911, 0], [9.724539, 44.113116, 0], [9.724258, 44.113335, 0], [9.724176, 44.113429, 0], [9.723741, 44.113735, 0], [9.72301, 44.114256, 0], [9.722312, 44.114752, 0], [9.722118, 44.114896, 0]]}, "geometry_name": "GEOMETRY", "properties": {"ID_LINEA": "PTAMC17_283", "AMBITO": "17", "COD_UF": "28", "NOME_UF": "Cinque Terre", "COD_PAR": "4", "NOME_PAR": "Corniglia", "LIM_PAR_W": "Punta del Luogo", "LIM_PAR_E": "Punta Buonfiglio", "LUNGH": 389, "TIPO_LINEA": "spiaggia", "CAT_LINEA": "387", "FASE_ITER": "approvazione", "DATA_ITER": "D.C.R. n.2 del 21/02/2023", "DATA_DIGIT": 20191025}, "bbox": [9.722118, 44.112468, 9.725599, 44.114896]}, {"type": "Feature", "id": "L7173.PTAMC17_329", "geometry": {"type": "LineString", "coordinates": [[9.725287, 44.107225, 0], [9.725256, 44.107264, 0], [9.725232, 44.107341, 0], [9.725231, 44.107366, 0], [9.725228, 44.107409, 0], [9.725227, 44.107425, 0], [9.725233, 44.107491, 0], [9.725215, 44.107574, 0], [9.725219, 44.107611, 0], [9.725239, 44.107655, 0], [9.725303, 44.107679, 0], [9.725379, 44.107704, 0], [9.725457, 44.107724, 0], [9.725516, 44.107733, 0], [9.725631, 44.107753, 0], [9.72582, 44.107826, 0], [9.72598, 44.107904, 0], [9.72605, 44.107958, 0], [9.726037, 44.108008, 0], [9.726061, 44.108055, 0], [9.726144, 44.108112, 0], [9.726264, 44.108145, 0], [9.7263, 44.108173, 0], [9.726307, 44.108192, 0], [9.726311, 44.108235, 0], [9.726279, 44.108302, 0], [9.726205, 44.108448, 0], [9.726124, 44.108624, 0], [9.726106, 44.10875, 0], [9.726157, 44.108854, 0], [9.726227, 44.108913, 0], [9.72635, 44.108989, 0], [9.726457, 44.109047, 0], [9.726534, 44.109137, 0], [9.726561, 44.109216, 0], [9.72661, 44.109269, 0], [9.726663, 44.109271, 0], [9.726788, 44.109279, 0], [9.726892, 44.109329, 0], [9.726929, 44.109383, 0], [9.726923, 44.109433, 0], [9.726913, 44.109491, 0], [9.726951, 44.109557, 0], [9.727008, 44.109683, 0], [9.727039, 44.109783, 0], [9.727024, 44.109876, 0], [9.72696, 44.110029, 0], [9.726891, 44.11011, 0], [9.726819, 44.110172, 0], [9.726728, 44.110266, 0], [9.7267, 44.110344, 0], [9.726668, 44.110432, 0], [9.726583, 44.110549, 0], [9.726505, 44.110631, 0], [9.726391, 44.11077, 0], [9.726244, 44.110894, 0], [9.726131, 44.111074, 0], [9.726066, 44.111203, 0], [9.726084, 44.111303, 0], [9.726148, 44.111382, 0], [9.726195, 44.11147, 0], [9.72622, 44.111615, 0], [9.726219, 44.111775, 0], [9.72617, 44.111858, 0], [9.726092, 44.111942, 0], [9.726003, 44.111971, 0], [9.725947, 44.112007, 0], [9.725879, 44.112101, 0], [9.72571, 44.112367, 0], [9.725599, 44.112468, 0]]}, "geometry_name": "GEOMETRY", "properties": {"ID_LINEA": "PTAMC17_329", "AMBITO": "17", "COD_UF": "28", "NOME_UF": "Cinque Terre", "COD_PAR": "4", "NOME_PAR": "Corniglia", "LIM_PAR_W": "Punta del Luogo", "LIM_PAR_E": "Punta Buonfiglio", "LUNGH": 712, "TIPO_LINEA": "costa alta", "CAT_LINEA": "1733", "FASE_ITER": "approvazione", "DATA_ITER": "D.C.R. n.2 del 21/02/2023", "DATA_DIGIT": 20191025}, "bbox": [9.725215, 44.107225, 9.727039, 44.112468]}, {"type": "Feature", "id": "L7173.PTAMC17_370", "geometry": {"type": "LineString", "coordinates": [[9.726544, 44.106051, 0], [9.726694, 44.106146, 0], [9.726736, 44.106325, 0], [9.72678, 44.106436, 0], [9.726851, 44.106569, 0], [9.726955, 44.106638, 0], [9.727, 44.106679, 0], [9.727043, 44.106786, 0], [9.726998, 44.106814, 0], [9.726934, 44.106809, 0], [9.726817, 44.10682, 0], [9.726734, 44.106858, 0], [9.726662, 44.106883, 0], [9.726607, 44.106866, 0], [9.72657, 44.106805, 0], [9.726531, 44.10676, 0], [9.726475, 44.106721, 0], [9.726424, 44.106741, 0], [9.726442, 44.106777, 0], [9.726461, 44.106822, 0], [9.7265, 44.106918, 0], [9.726516, 44.107007, 0], [9.726524, 44.107089, 0], [9.726513, 44.107158, 0], [9.726487, 44.107197, 0], [9.726413, 44.107236, 0], [9.726362, 44.107254, 0], [9.726308, 44.107256, 0], [9.72626, 44.10724, 0], [9.72621, 44.10724, 0], [9.726136, 44.107242, 0], [9.726089, 44.10727, 0], [9.726036, 44.107272, 0], [9.725975, 44.107273, 0], [9.72592, 44.107262, 0], [9.725875, 44.107225, 0], [9.72584, 44.107205, 0], [9.725818, 44.107216, 0], [9.725784, 44.107237, 0], [9.725768, 44.107242, 0], [9.725723, 44.107239, 0], [9.725678, 44.107242, 0], [9.725639, 44.10726, 0], [9.725601, 44.10727, 0], [9.725566, 44.107269, 0], [9.725533, 44.107247, 0], [9.725529, 44.107226, 0], [9.725511, 44.10722, 0], [9.725468, 44.107214, 0], [9.72543, 44.107209, 0], [9.725334, 44.107203, 0], [9.725287, 44.107225, 0]]}, "geometry_name": "GEOMETRY", "properties": {"ID_LINEA": "PTAMC17_370", "AMBITO": "17", "COD_UF": "28", "NOME_UF": "Cinque Terre", "COD_PAR": "5", "NOME_PAR": "Riomaggiore", "LIM_PAR_W": "Punta Buonfiglio", "LIM_PAR_E": "Punta di Montenegro", "LUNGH": 317, "TIPO_LINEA": "costa alta", "CAT_LINEA": "1815", "FASE_ITER": "approvazione", "DATA_ITER": "D.C.R. n.2 del 21/02/2023", "DATA_DIGIT": 20191025}, "bbox": [9.725287, 44.106051, 9.727043, 44.107273]}, {"type": "Feature", "id": "L7173.PTAMC17_153", "geometry": {"type": "LineString", "coordinates": [[9.726529, 44.105849, 0], [9.726544, 44.106051, 0]]}, "geometry_name": "GEOMETRY", "properties": {"ID_LINEA": "PTAMC17_153", "AMBITO": "17", "COD_UF": "28", "NOME_UF": "Cinque Terre", "COD_PAR": "5", "NOME_PAR": "Riomaggiore", "LIM_PAR_W": "Punta Buonfiglio", "LIM_PAR_E": "Punta di Montenegro", "LUNGH": 23, "TIPO_LINEA": "artificiale", "CAT_LINEA": "153", "FASE_ITER": "approvazione", "DATA_ITER": "D.C.R. n.2 del 21/02/2023", "DATA_DIGIT": 20191025}, "bbox": [9.726529, 44.105849, 9.726544, 44.106051]}, {"type": "Feature", "id": "L7173.PTAMC17_152", "geometry": {"type": "LineString", "coordinates": [[9.728579, 44.10554, 0], [9.728534, 44.105614, 0], [9.728459, 44.105662, 0], [9.728327, 44.105706, 0], [9.728192, 44.105755, 0], [9.7281, 44.105774, 0], [9.728007, 44.105794, 0], [9.727902, 44.105794, 0], [9.727825, 44.105785, 0], [9.727749, 44.10576, 0], [9.727636, 44.10572, 0], [9.72757, 44.105692, 0], [9.727463, 44.105607, 0], [9.727442, 44.105557, 0], [9.727432, 44.105485, 0], [9.727414, 44.105433, 0], [9.727377, 44.105376, 0], [9.727308, 44.105372, 0], [9.727232, 44.105396, 0], [9.727203, 44.10542, 0], [9.727146, 44.105411, 0], [9.72711, 44.105368, 0], [9.72706, 44.105395, 0], [9.727043, 44.105467, 0], [9.727067, 44.105543, 0], [9.727054, 44.105581, 0], [9.727012, 44.105605, 0], [9.726958, 44.105572, 0], [9.726879, 44.105537, 0], [9.726829, 44.105573, 0], [9.726748, 44.105657, 0], [9.726685, 44.1057, 0], [9.7266, 44.105753, 0], [9.726529, 44.105849, 0]]}, "geometry_name": "GEOMETRY", "properties": {"ID_LINEA": "PTAMC17_152", "AMBITO": "17", "COD_UF": "28", "NOME_UF": "Cinque Terre", "COD_PAR": "5", "NOME_PAR": "Riomaggiore", "LIM_PAR_W": "Punta Buonfiglio", "LIM_PAR_E": "Punta di Montenegro", "LUNGH": 248, "TIPO_LINEA": "costa alta", "CAT_LINEA": "152", "FASE_ITER": "approvazione", "DATA_ITER": "D.C.R. n.2 del 21/02/2023", "DATA_DIGIT": 20191025}, "bbox": [9.726529, 44.105368, 9.728579, 44.105849]}, {"type": "Feature", "id": "L7173.PTAMC17_349", "geometry": {"type": "LineString", "coordinates": [[9.732931, 44.101974, 0], [9.732843, 44.102079, 0], [9.732768, 44.102153, 0], [9.732666, 44.102202, 0], [9.732554, 44.102245, 0], [9.732413, 44.102318, 0], [9.731982, 44.102532, 0], [9.731614, 44.102713, 0], [9.731568, 44.102759, 0], [9.731546, 44.1028, 0], [9.731371, 44.102836, 0], [9.731193, 44.102845, 0], [9.73106, 44.102838, 0], [9.730931, 44.10283, 0], [9.730865, 44.102821, 0], [9.730793, 44.102871, 0], [9.73072, 44.102883, 0], [9.730549, 44.102937, 0], [9.730451, 44.103002, 0], [9.730291, 44.10314, 0], [9.73023, 44.10325, 0], [9.730231, 44.10334, 0], [9.730185, 44.103395, 0], [9.730042, 44.103604, 0], [9.729995, 44.103774, 0], [9.72994, 44.103869, 0], [9.729894, 44.103927, 0], [9.729786, 44.103985, 0], [9.729668, 44.104038, 0], [9.729529, 44.104082, 0], [9.729293, 44.10424, 0], [9.729087, 44.104413, 0], [9.728899, 44.104683, 0], [9.728853, 44.104769, 0], [9.72867, 44.105067, 0], [9.728586, 44.105235, 0], [9.728538, 44.105356, 0], [9.728542, 44.10545, 0], [9.728579, 44.10554, 0]]}, "geometry_name": "GEOMETRY", "properties": {"ID_LINEA": "PTAMC17_349", "AMBITO": "17", "COD_UF": "28", "NOME_UF": "Cinque Terre", "COD_PAR": "5", "NOME_PAR": "Riomaggiore", "LIM_PAR_W": "Punta Buonfiglio", "LIM_PAR_E": "Punta di Montenegro", "LUNGH": 575, "TIPO_LINEA": "artificiale", "CAT_LINEA": "1756", "FASE_ITER": "approvazione", "DATA_ITER": "D.C.R. n.2 del 21/02/2023", "DATA_DIGIT": 20191025}, "bbox": [9.728538, 44.101974, 9.732931, 44.10554]}, {"type": "Feature", "id": "L7173.PTAMC17_151", "geometry": {"type": "LineString", "coordinates": [[9.737447, 44.098546, 0], [9.737342, 44.098496, 0], [9.737246, 44.098474, 0], [9.737213, 44.098484, 0], [9.737203, 44.098531, 0], [9.737252, 44.098561, 0], [9.73729, 44.098588, 0], [9.737294, 44.098606, 0], [9.737241, 44.098614, 0], [9.73718, 44.098624, 0], [9.737141, 44.098665, 0], [9.737129, 44.098684, 0], [9.737085, 44.098671, 0], [9.736996, 44.098623, 0], [9.736918, 44.098587, 0], [9.73683, 44.098546, 0], [9.736756, 44.098532, 0], [9.736723, 44.09854, 0], [9.736713, 44.098562, 0], [9.736708, 44.098584, 0], [9.736694, 44.098611, 0], [9.736684, 44.098629, 0], [9.736701, 44.098665, 0], [9.736764, 44.098694, 0], [9.736881, 44.098748, 0], [9.736945, 44.098787, 0], [9.737007, 44.098827, 0], [9.736976, 44.098863, 0], [9.736932, 44.098895, 0], [9.736902, 44.098904, 0], [9.736848, 44.098884, 0], [9.736821, 44.098872, 0], [9.736778, 44.09887, 0], [9.736758, 44.098846, 0], [9.736756, 44.098829, 0], [9.736737, 44.098802, 0], [9.736674, 44.098791, 0], [9.73663, 44.098791, 0], [9.736556, 44.098796, 0], [9.73649, 44.098815, 0], [9.73648, 44.098857, 0], [9.736486, 44.098897, 0], [9.736462, 44.09893, 0], [9.736442, 44.098972, 0], [9.736469, 44.099008, 0], [9.736537, 44.099028, 0], [9.736564, 44.099047, 0], [9.736576, 44.099074, 0], [9.736508, 44.09909, 0], [9.736423, 44.099106, 0], [9.736308, 44.099095, 0], [9.736236, 44.099085, 0], [9.736163, 44.099087, 0], [9.736114, 44.099126, 0], [9.736048, 44.099164, 0], [9.736001, 44.099204, 0], [9.735988, 44.099232, 0], [9.735993, 44.099268, 0], [9.73603, 44.099313, 0], [9.736075, 44.099325, 0], [9.73614, 44.099346, 0], [9.736188, 44.09939, 0], [9.736187, 44.099456, 0], [9.736183, 44.099504, 0], [9.736163, 44.09955, 0], [9.736114, 44.099588, 0], [9.736106, 44.099632, 0], [9.736137, 44.099677, 0], [9.736205, 44.099706, 0], [9.736263, 44.099726, 0], [9.73627, 44.099759, 0], [9.736247, 44.09979, 0], [9.736238, 44.099836, 0], [9.73623, 44.099893, 0], [9.736264, 44.099929, 0], [9.736301, 44.099981, 0], [9.736283, 44.100047, 0], [9.736251, 44.100078, 0], [9.736253, 44.100145, 0], [9.736246, 44.100201, 0], [9.736236, 44.100244, 0], [9.736188, 44.100313, 0], [9.73617, 44.100379, 0], [9.736152, 44.100407, 0], [9.736125, 44.100452, 0], [9.73609, 44.100471, 0], [9.736057, 44.100471, 0], [9.736016, 44.100462, 0], [9.736003, 44.100434, 0], [9.73594, 44.100411, 0], [9.735897, 44.10041, 0], [9.735844, 44.100412, 0], [9.7358, 44.100412, 0], [9.73578, 44.1004, 0], [9.735706, 44.100351, 0], [9.735646, 44.100308, 0], [9.735556, 44.100251, 0], [9.735488, 44.100236, 0], [9.735402, 44.100215, 0], [9.735351, 44.100191, 0], [9.735318, 44.100199, 0], [9.73523, 44.10021, 0], [9.735192, 44.100223, 0], [9.735201, 44.100247, 0], [9.735228, 44.100271, 0], [9.735226, 44.100293, 0], [9.735212, 44.100305, 0], [9.735195, 44.100311, 0], [9.73517, 44.100328, 0], [9.735163, 44.100353, 0], [9.735165, 44.100379, 0], [9.735165, 44.1004, 0], [9.73515, 44.100424, 0], [9.735129, 44.100453, 0], [9.735096, 44.100483, 0], [9.735057, 44.100498, 0], [9.735026, 44.100499, 0], [9.734953, 44.100502, 0], [9.734937, 44.100519, 0], [9.734964, 44.100567, 0], [9.735011, 44.100638, 0], [9.735008, 44.100657, 0], [9.734972, 44.100644, 0], [9.734876, 44.100576, 0], [9.734824, 44.100572, 0], [9.734759, 44.10056, 0], [9.734713, 44.100551, 0], [9.734697, 44.100533, 0], [9.734694, 44.100497, 0], [9.73468, 44.100467, 0], [9.734632, 44.100437, 0], [9.734602, 44.100425, 0], [9.734572, 44.100443, 0], [9.734559, 44.100471, 0], [9.734542, 44.100497, 0], [9.734487, 44.100515, 0], [9.734431, 44.100537, 0], [9.734371, 44.100577, 0], [9.734277, 44.100605, 0], [9.73418, 44.100661, 0], [9.734118, 44.100689, 0], [9.734019, 44.100699, 0], [9.733958, 44.100708, 0], [9.733902, 44.100699, 0], [9.73386, 44.100698, 0], [9.733821, 44.100695, 0], [9.733805, 44.100678, 0], [9.733822, 44.100659, 0], [9.733822, 44.10064, 0], [9.733788, 44.100623, 0], [9.733762, 44.100626, 0], [9.733768, 44.100594, 0], [9.733753, 44.10058, 0], [9.73369, 44.100565, 0], [9.733662, 44.100593, 0], [9.733628, 44.100611, 0], [9.733536, 44.100637, 0], [9.733489, 44.10067, 0], [9.733458, 44.1007, 0], [9.733468, 44.100726, 0], [9.733445, 44.100745, 0], [9.733367, 44.100742, 0], [9.733306, 44.100753, 0], [9.733239, 44.100773, 0], [9.73321, 44.100805, 0], [9.733212, 44.100854, 0], [9.73323, 44.10088, 0], [9.733242, 44.100916, 0], [9.733233, 44.100949, 0], [9.733226, 44.101026, 0], [9.733203, 44.10105, 0], [9.733145, 44.101091, 0], [9.733085, 44.101186, 0], [9.733061, 44.101229, 0], [9.73304, 44.101282, 0], [9.733036, 44.10133, 0], [9.733092, 44.101429, 0], [9.733125, 44.101425, 0], [9.73315, 44.101432, 0], [9.733164, 44.101508, 0], [9.733188, 44.101631, 0], [9.733184, 44.101695, 0], [9.73317, 44.101742, 0], [9.733161, 44.101792, 0], [9.733101, 44.101863, 0], [9.733006, 44.101926, 0], [9.732931, 44.101974, 0]]}, "geometry_name": "GEOMETRY", "properties": {"ID_LINEA": "PTAMC17_151", "AMBITO": "17", "COD_UF": "28", "NOME_UF": "Cinque Terre", "COD_PAR": "5", "NOME_PAR": "Riomaggiore", "LIM_PAR_W": "Punta Buonfiglio", "LIM_PAR_E": "Punta di Montenegro", "LUNGH": 930, "TIPO_LINEA": "costa alta", "CAT_LINEA": "151", "FASE_ITER": "approvazione", "DATA_ITER": "D.C.R. n.2 del 21/02/2023", "DATA_DIGIT": 20191025}, "bbox": [9.732931, 44.098474, 9.737447, 44.101974]}, {"type": "Feature", "id": "L7173.PTAMC17_150", "geometry": {"type": "LineString", "coordinates": [[9.737658, 44.097789, 0], [9.737455, 44.097971, 0], [9.737432, 44.098066, 0], [9.737398, 44.098146, 0], [9.737435, 44.098208, 0], [9.737495, 44.09829, 0], [9.737552, 44.098355, 0], [9.737586, 44.098411, 0], [9.737681, 44.098481, 0], [9.737709, 44.098598, 0], [9.737693, 44.098617, 0], [9.737658, 44.098619, 0], [9.737548, 44.098541, 0], [9.737447, 44.098546, 0]]}, "geometry_name": "GEOMETRY", "properties": {"ID_LINEA": "PTAMC17_150", "AMBITO": "17", "COD_UF": "28", "NOME_UF": "Cinque Terre", "COD_PAR": "5", "NOME_PAR": "Riomaggiore", "LIM_PAR_W": "Punta Buonfiglio", "LIM_PAR_E": "Punta di Montenegro", "LUNGH": 129, "TIPO_LINEA": "artificiale", "CAT_LINEA": "150", "FASE_ITER": "approvazione", "DATA_ITER": "D.C.R. n.2 del 21/02/2023", "DATA_DIGIT": 20191025}, "bbox": [9.737398, 44.097789, 9.737709, 44.098619]}, {"type": "Feature", "id": "L7173.PTAMC17_348", "geometry": {"type": "LineString", "coordinates": [[9.738373, 44.09745, 0], [9.738259, 44.097485, 0], [9.738042, 44.097567, 0], [9.737904, 44.097635, 0], [9.737832, 44.097697, 0], [9.737763, 44.09775, 0], [9.737658, 44.097789, 0]]}, "geometry_name": "GEOMETRY", "properties": {"ID_LINEA": "PTAMC17_348", "AMBITO": "17", "COD_UF": "28", "NOME_UF": "Cinque Terre", "COD_PAR": "5", "NOME_PAR": "Riomaggiore", "LIM_PAR_W": "Punta Buonfiglio", "LIM_PAR_E": "Punta di Montenegro", "LUNGH": 69, "TIPO_LINEA": "costa alta", "CAT_LINEA": "1755", "FASE_ITER": "approvazione", "DATA_ITER": "D.C.R. n.2 del 21/02/2023", "DATA_DIGIT": 20191025}, "bbox": [9.737658, 44.09745, 9.738373, 44.097789]}, {"type": "Feature", "id": "L7173.PTAMC17_149", "geometry": {"type": "LineString", "coordinates": [[9.738484, 44.097503, 0], [9.738464, 44.097479, 0], [9.73842, 44.097436, 0], [9.738373, 44.09745, 0]]}, "geometry_name": "GEOMETRY", "properties": {"ID_LINEA": "PTAMC17_149", "AMBITO": "17", "COD_UF": "28", "NOME_UF": "Cinque Terre", "COD_PAR": "5", "NOME_PAR": "Riomaggiore", "LIM_PAR_W": "Punta Buonfiglio", "LIM_PAR_E": "Punta di Montenegro", "LUNGH": 13, "TIPO_LINEA": "artificiale", "CAT_LINEA": "149", "FASE_ITER": "approvazione", "DATA_ITER": "D.C.R. n.2 del 21/02/2023", "DATA_DIGIT": 20191025}, "bbox": [9.738373, 44.097436, 9.738484, 44.097503]}, {"type": "Feature", "id": "L7173.PTAMC17_347", "geometry": {"type": "LineString", "coordinates": [[9.738603, 44.092245, 0], [9.738471, 44.092473, 0], [9.738464, 44.092484, 0], [9.738457, 44.092512, 0], [9.738417, 44.092654, 0], [9.738419, 44.092799, 0], [9.738424, 44.092937, 0], [9.738455, 44.093039, 0], [9.738492, 44.093128, 0], [9.73853, 44.093261, 0], [9.738538, 44.093359, 0], [9.738503, 44.093445, 0], [9.738451, 44.093533, 0], [9.738386, 44.093617, 0], [9.738411, 44.093729, 0], [9.738483, 44.093729, 0], [9.738602, 44.093723, 0], [9.738731, 44.093706, 0], [9.738814, 44.093762, 0], [9.738915, 44.093866, 0], [9.738936, 44.09395, 0], [9.738983, 44.094035, 0], [9.73905, 44.094126, 0], [9.73915, 44.094199, 0], [9.739161, 44.094256, 0], [9.739145, 44.09434, 0], [9.739048, 44.094508, 0], [9.738917, 44.094551, 0], [9.738719, 44.094586, 0], [9.738617, 44.094629, 0], [9.738592, 44.094768, 0], [9.738633, 44.094846, 0], [9.738673, 44.094929, 0], [9.738707, 44.095015, 0], [9.738771, 44.095074, 0], [9.738749, 44.095141, 0], [9.738802, 44.095212, 0], [9.738852, 44.095204, 0], [9.738879, 44.095238, 0], [9.73888, 44.095323, 0], [9.73895, 44.095382, 0], [9.739059, 44.095396, 0], [9.739103, 44.095467, 0], [9.739031, 44.095542, 0], [9.738969, 44.095597, 0], [9.73895, 44.095668, 0], [9.739021, 44.095751, 0], [9.739147, 44.095786, 0], [9.73921, 44.095817, 0], [9.73928, 44.095871, 0], [9.739327, 44.095892, 0], [9.739416, 44.095892, 0], [9.739456, 44.095951, 0], [9.739381, 44.096031, 0], [9.739331, 44.096105, 0], [9.739317, 44.096153, 0], [9.739344, 44.096229, 0], [9.739316, 44.096384, 0], [9.739302, 44.096572, 0], [9.739304, 44.096701, 0], [9.739335, 44.096863, 0]]}, "geometry_name": "GEOMETRY", "properties": {"ID_LINEA": "PTAMC17_347", "AMBITO": "17", "COD_UF": "28", "NOME_UF": "Cinque Terre", "COD_PAR": "5", "NOME_PAR": "Riomaggiore", "LIM_PAR_W": "Punta Buonfiglio", "LIM_PAR_E": "Punta di Montenegro", "LUNGH": 635, "TIPO_LINEA": "costa alta", "CAT_LINEA": "1754", "FASE_ITER": "approvazione", "DATA_ITER": "D.C.R. n.2 del 21/02/2023", "DATA_DIGIT": 20191025}, "bbox": [9.738386, 44.092245, 9.739456, 44.096863]}, {"type": "Feature", "id": "L7173.PTAMC17_148", "geometry": {"type": "LineString", "coordinates": [[9.73876, 44.097546, 0], [9.738646, 44.097511, 0], [9.738484, 44.097503, 0]]}, "geometry_name": "GEOMETRY", "properties": {"ID_LINEA": "PTAMC17_148", "AMBITO": "17", "COD_UF": "28", "NOME_UF": "Cinque Terre", "COD_PAR": "5", "NOME_PAR": "Riomaggiore", "LIM_PAR_W": "Punta Buonfiglio", "LIM_PAR_E": "Punta di Montenegro", "LUNGH": 23, "TIPO_LINEA": "costa alta", "CAT_LINEA": "148", "FASE_ITER": "approvazione", "DATA_ITER": "D.C.R. n.2 del 21/02/2023", "DATA_DIGIT": 20191025}, "bbox": [9.738484, 44.097503, 9.73876, 44.097546]}, {"type": "Feature", "id": "L7173.PTAMC17_346", "geometry": {"type": "LineString", "coordinates": [[9.753392, 44.090592, 0], [9.753399, 44.09051, 0], [9.753329, 44.090458, 0], [9.75325, 44.090439, 0], [9.753197, 44.090416, 0], [9.75315, 44.09039, 0], [9.753094, 44.0904, 0], [9.753074, 44.090383, 0], [9.753024, 44.090343, 0], [9.752991, 44.090336, 0], [9.753036, 44.090283, 0], [9.753049, 44.090248, 0], [9.753035, 44.090198, 0], [9.752989, 44.090217, 0], [9.75293, 44.090253, 0], [9.752901, 44.090258, 0], [9.752854, 44.090261, 0], [9.752844, 44.090223, 0], [9.752804, 44.090187, 0], [9.752715, 44.090185, 0], [9.752658, 44.090186, 0], [9.752556, 44.090206, 0], [9.75254, 44.090232, 0], [9.752527, 44.090263, 0], [9.752557, 44.090301, 0], [9.752574, 44.090327, 0], [9.752515, 44.090356, 0], [9.752412, 44.090345, 0], [9.752329, 44.0903, 0], [9.752213, 44.09027, 0], [9.7521, 44.09023, 0], [9.751995, 44.090224, 0], [9.751895, 44.0902, 0], [9.751852, 44.09017, 0], [9.751891, 44.090108, 0], [9.751881, 44.090098, 0], [9.751814, 44.090077, 0], [9.751784, 44.090056, 0], [9.75177, 44.089989, 0], [9.751607, 44.089916, 0], [9.751518, 44.089896, 0], [9.751406, 44.089918, 0], [9.751184, 44.089919, 0], [9.751035, 44.089892, 0], [9.750963, 44.089945, 0], [9.750877, 44.089945, 0], [9.750784, 44.089898, 0], [9.750718, 44.089877, 0], [9.750471, 44.090007, 0], [9.750213, 44.090178, 0], [9.750203, 44.090216, 0], [9.750315, 44.090211, 0], [9.750434, 44.090181, 0], [9.750497, 44.090186, 0], [9.750474, 44.090224, 0], [9.750317, 44.090316, 0], [9.750334, 44.090361, 0], [9.750358, 44.090406, 0], [9.750352, 44.090461, 0], [9.750272, 44.090564, 0], [9.750157, 44.090646, 0], [9.750026, 44.09073, 0], [9.749931, 44.090807, 0], [9.749919, 44.09085, 0], [9.749837, 44.090898, 0], [9.749626, 44.091007, 0], [9.749475, 44.091067, 0], [9.749383, 44.091087, 0], [9.7493, 44.091107, 0], [9.749215, 44.091131, 0], [9.749122, 44.091132, 0], [9.748839, 44.091191, 0], [9.7487, 44.091206, 0], [9.748512, 44.091247, 0], [9.748407, 44.091246, 0], [9.748278, 44.091309, 0], [9.74819, 44.09134, 0], [9.748065, 44.091384, 0], [9.747958, 44.091361, 0], [9.747852, 44.091273, 0], [9.747727, 44.091193, 0], [9.747584, 44.091149, 0], [9.747462, 44.091207, 0], [9.7474, 44.091262, 0], [9.747338, 44.091312, 0], [9.747279, 44.091351, 0], [9.74722, 44.091361, 0], [9.747183, 44.091297, 0], [9.747103, 44.091235, 0], [9.747046, 44.091243, 0], [9.746955, 44.091298, 0], [9.746906, 44.091341, 0], [9.746811, 44.091406, 0], [9.746686, 44.091498, 0], [9.746568, 44.091548, 0], [9.746468, 44.091499, 0], [9.746444, 44.09144, 0], [9.746433, 44.091349, 0], [9.746366, 44.091271, 0], [9.746274, 44.091286, 0], [9.746215, 44.091332, 0], [9.746163, 44.09143, 0], [9.746137, 44.091482, 0], [9.746009, 44.091564, 0], [9.745897, 44.091558, 0], [9.74584, 44.091522, 0], [9.745798, 44.091599, 0], [9.745832, 44.091637, 0], [9.745826, 44.091689, 0], [9.745737, 44.091737, 0], [9.745555, 44.091724, 0], [9.745483, 44.09172, 0], [9.745326, 44.091693, 0], [9.745237, 44.091693, 0], [9.745029, 44.091759, 0], [9.744723, 44.091854, 0], [9.744431, 44.091973, 0], [9.744144, 44.092058, 0], [9.743933, 44.092128, 0], [9.743821, 44.092162, 0], [9.743703, 44.092208, 0], [9.743617, 44.092233, 0], [9.743574, 44.092238, 0], [9.743564, 44.09219, 0], [9.74358, 44.092147, 0], [9.743556, 44.092093, 0], [9.743529, 44.092043, 0], [9.743482, 44.091988, 0], [9.743432, 44.091922, 0], [9.743352, 44.091906, 0], [9.743283, 44.091899, 0], [9.743197, 44.091885, 0], [9.743147, 44.091864, 0], [9.743048, 44.091879, 0], [9.742913, 44.091937, 0], [9.742831, 44.091985, 0], [9.742664, 44.092077, 0], [9.742529, 44.092157, 0], [9.742437, 44.092176, 0], [9.742354, 44.092158, 0], [9.74235, 44.092101, 0], [9.742309, 44.092001, 0], [9.742298, 44.091917, 0], [9.742327, 44.091862, 0], [9.742297, 44.091832, 0], [9.742276, 44.09176, 0], [9.742236, 44.091725, 0], [9.742074, 44.091693, 0], [9.741928, 44.091694, 0], [9.741856, 44.091701, 0], [9.741578, 44.091734, 0], [9.741398, 44.091799, 0], [9.741345, 44.091847, 0], [9.741329, 44.0919, 0], [9.74131, 44.091952, 0], [9.741253, 44.091998, 0], [9.741154, 44.092011, 0], [9.741074, 44.091983, 0], [9.740991, 44.091947, 0], [9.740981, 44.0919, 0], [9.741045, 44.091737, 0], [9.741039, 44.091571, 0], [9.741012, 44.091507, 0], [9.74093, 44.091529, 0], [9.740776, 44.091627, 0], [9.740644, 44.091709, 0], [9.740577, 44.091829, 0], [9.740522, 44.091931, 0], [9.740402, 44.092045, 0], [9.74031, 44.092088, 0], [9.740228, 44.092155, 0], [9.740133, 44.092239, 0], [9.740051, 44.092278, 0], [9.739984, 44.092186, 0], [9.739897, 44.092158, 0], [9.739843, 44.092072, 0], [9.739809, 44.092006, 0], [9.739772, 44.091951, 0], [9.739844, 44.091865, 0], [9.739879, 44.091786, 0], [9.739911, 44.091702, 0], [9.739808, 44.091641, 0], [9.739744, 44.091534, 0], [9.739697, 44.091454, 0], [9.739598, 44.0915, 0], [9.739428, 44.091653, 0], [9.739314, 44.091752, 0], [9.739272, 44.091859, 0], [9.739181, 44.092003, 0], [9.739045, 44.092177, 0], [9.739007, 44.092316, 0], [9.738937, 44.0923, 0], [9.738867, 44.092217, 0], [9.738735, 44.092229, 0], [9.738603, 44.092245, 0]]}, "geometry_name": "GEOMETRY", "properties": {"ID_LINEA": "PTAMC17_346", "AMBITO": "17", "COD_UF": "29", "NOME_UF": "Muzzerone", "COD_PAR": "1", "NOME_PAR": "Canneto", "LIM_PAR_W": "Punta di Montenegro", "LIM_PAR_E": "Punta Castagna", "LUNGH": 1853, "TIPO_LINEA": "costa alta", "CAT_LINEA": "1753", "FASE_ITER": "approvazione", "DATA_ITER": "D.C.R. n.2 del 21/02/2023", "DATA_DIGIT": 20191025}, "bbox": [9.738603, 44.089877, 9.753399, 44.092316]}, {"type": "Feature", "id": "L7173.PTAMC17_147", "geometry": {"type": "LineString", "coordinates": [[9.739335, 44.096863, 0], [9.73932, 44.096984, 0], [9.739283, 44.097088, 0], [9.739149, 44.097227, 0], [9.739061, 44.09732, 0], [9.738946, 44.097409, 0], [9.738855, 44.097481, 0], [9.73876, 44.097546, 0]]}, "geometry_name": "GEOMETRY", "properties": {"ID_LINEA": "PTAMC17_147", "AMBITO": "17", "COD_UF": "28", "NOME_UF": "Cinque Terre", "COD_PAR": "5", "NOME_PAR": "Riomaggiore", "LIM_PAR_W": "Punta Buonfiglio", "LIM_PAR_E": "Punta di Montenegro", "LUNGH": 92, "TIPO_LINEA": "spiaggia", "CAT_LINEA": "147", "FASE_ITER": "approvazione", "DATA_ITER": "D.C.R. n.2 del 21/02/2023", "DATA_DIGIT": 20191025}, "bbox": [9.73876, 44.096863, 9.739335, 44.097546]}, {"type": "Feature", "id": "L7173.PTAMC17_146", "geometry": {"type": "LineString", "coordinates": [[9.754374, 44.09074, 0], [9.754311, 44.090709, 0], [9.754265, 44.090709, 0], [9.754198, 44.090683, 0], [9.75415, 44.090674, 0], [9.754093, 44.090692, 0], [9.754018, 44.09069, 0], [9.753912, 44.090689, 0], [9.75382, 44.090682, 0], [9.753737, 44.090687, 0], [9.753694, 44.090679, 0], [9.753623, 44.090655, 0], [9.753547, 44.09064, 0], [9.753392, 44.090592, 0]]}, "geometry_name": "GEOMETRY", "properties": {"ID_LINEA": "PTAMC17_146", "AMBITO": "17", "COD_UF": "29", "NOME_UF": "Muzzerone", "COD_PAR": "1", "NOME_PAR": "Canneto", "LIM_PAR_W": "Punta di Montenegro", "LIM_PAR_E": "Punta Castagna", "LUNGH": 83, "TIPO_LINEA": "artificiale", "CAT_LINEA": "146", "FASE_ITER": "approvazione", "DATA_ITER": "D.C.R. n.2 del 21/02/2023", "DATA_DIGIT": 20191025}, "bbox": [9.753392, 44.090592, 9.754374, 44.09074]}, {"type": "Feature", "id": "L7173.PTAMC17_145", "geometry": {"type": "LineString", "coordinates": [[9.755573, 44.090964, 0], [9.755496, 44.090931, 0], [9.755344, 44.090939, 0], [9.755179, 44.090943, 0], [9.755096, 44.090936, 0], [9.755056, 44.090898, 0], [9.755056, 44.090851, 0], [9.755065, 44.090798, 0], [9.755133, 44.090736, 0], [9.755106, 44.090679, 0], [9.75503, 44.090663, 0], [9.754948, 44.090673, 0], [9.754902, 44.090695, 0], [9.754869, 44.090735, 0], [9.754754, 44.090824, 0], [9.754692, 44.090832, 0], [9.754655, 44.090815, 0], [9.754674, 44.090765, 0], [9.754641, 44.090727, 0], [9.754578, 44.090744, 0], [9.754536, 44.090773, 0], [9.754503, 44.090785, 0], [9.754436, 44.090767, 0], [9.754374, 44.09074, 0]]}, "geometry_name": "GEOMETRY", "properties": {"ID_LINEA": "PTAMC17_145", "AMBITO": "17", "COD_UF": "29", "NOME_UF": "Muzzerone", "COD_PAR": "1", "NOME_PAR": "Canneto", "LIM_PAR_W": "Punta di Montenegro", "LIM_PAR_E": "Punta Castagna", "LUNGH": 151, "TIPO_LINEA": "costa alta", "CAT_LINEA": "145", "FASE_ITER": "approvazione", "DATA_ITER": "D.C.R. n.2 del 21/02/2023", "DATA_DIGIT": 20191025}, "bbox": [9.754374, 44.090663, 9.755573, 44.090964]}, {"type": "Feature", "id": "L7173.PTAMC17_310", "geometry": {"type": "LineString", "coordinates": [[9.757044, 44.090938, 0], [9.756868, 44.090978, 0], [9.756651, 44.091037, 0], [9.756441, 44.091124, 0], [9.756283, 44.091182, 0], [9.756118, 44.091197, 0], [9.755942, 44.091176, 0], [9.755794, 44.091187, 0], [9.755698, 44.091185, 0], [9.755585, 44.091155, 0], [9.755502, 44.091107, 0], [9.755475, 44.091091, 0], [9.75556, 44.091005, 0]]}, "geometry_name": "GEOMETRY", "properties": {"ID_LINEA": "PTAMC17_310", "AMBITO": "17", "COD_UF": "29", "NOME_UF": "Muzzerone", "COD_PAR": "1", "NOME_PAR": "Canneto", "LIM_PAR_W": "Punta di Montenegro", "LIM_PAR_E": "Punta Castagna", "LUNGH": 147, "TIPO_LINEA": "costa alta", "CAT_LINEA": "414", "FASE_ITER": "approvazione", "DATA_ITER": "D.C.R. n.2 del 21/02/2023", "DATA_DIGIT": 20191025}, "bbox": [9.755475, 44.090938, 9.757044, 44.091197]}, {"type": "Feature", "id": "L7173.PTAMC17_144", "geometry": {"type": "LineString", "coordinates": [[9.75556, 44.091005, 0], [9.755573, 44.090964, 0]]}, "geometry_name": "GEOMETRY", "properties": {"ID_LINEA": "PTAMC17_144", "AMBITO": "17", "COD_UF": "29", "NOME_UF": "Muzzerone", "COD_PAR": "1", "NOME_PAR": "Canneto", "LIM_PAR_W": "Punta di Montenegro", "LIM_PAR_E": "Punta Castagna", "LUNGH": 5, "TIPO_LINEA": "artificiale", "CAT_LINEA": "144", "FASE_ITER": "approvazione", "DATA_ITER": "D.C.R. n.2 del 21/02/2023", "DATA_DIGIT": 20191025}, "bbox": [9.75556, 44.090964, 9.755573, 44.091005]}, {"type": "Feature", "id": "L7173.PTAMC17_311", "geometry": {"type": "LineString", "coordinates": [[9.758192, 44.090291, 0], [9.758176, 44.090331, 0], [9.757992, 44.090442, 0], [9.757684, 44.090649, 0], [9.757441, 44.090812, 0], [9.757316, 44.09087, 0], [9.757145, 44.090914, 0], [9.757044, 44.090938, 0]]}, "geometry_name": "GEOMETRY", "properties": {"ID_LINEA": "PTAMC17_311", "AMBITO": "17", "COD_UF": "29", "NOME_UF": "Muzzerone", "COD_PAR": "1", "NOME_PAR": "Canneto", "LIM_PAR_W": "Punta di Montenegro", "LIM_PAR_E": "Punta Castagna", "LUNGH": 119, "TIPO_LINEA": "spiaggia", "CAT_LINEA": "415", "FASE_ITER": "approvazione", "DATA_ITER": "D.C.R. n.2 del 21/02/2023", "DATA_DIGIT": 20191025}, "bbox": [9.757044, 44.090291, 9.758192, 44.090938]}, {"type": "Feature", "id": "L7173.PTAMC17_369", "geometry": {"type": "LineString", "coordinates": [[9.757911, 44.086274, 0], [9.757892, 44.086369, 0], [9.757847, 44.086479, 0], [9.757755, 44.086534, 0], [9.757721, 44.086555, 0], [9.757703, 44.086566, 0], [9.757638, 44.0867, 0], [9.757745, 44.086756, 0], [9.757846, 44.086879, 0], [9.758123, 44.08697, 0], [9.758229, 44.087017, 0], [9.758323, 44.087131, 0], [9.75847, 44.087259, 0], [9.758478, 44.087368, 0], [9.758512, 44.087473, 0], [9.758706, 44.087586, 0], [9.758793, 44.087685, 0], [9.758972, 44.087779, 0], [9.759126, 44.087864, 0], [9.759201, 44.088049, 0], [9.75911, 44.088226, 0], [9.759029, 44.088415, 0], [9.759052, 44.088691, 0], [9.759043, 44.089001, 0], [9.758993, 44.089258, 0], [9.758895, 44.089378, 0], [9.758878, 44.089545, 0], [9.758853, 44.08965, 0], [9.758747, 44.089694, 0], [9.758668, 44.089694, 0], [9.758529, 44.089676, 0], [9.758371, 44.089706, 0], [9.758122, 44.089907, 0], [9.758057, 44.090008, 0], [9.758085, 44.090136, 0], [9.758165, 44.090179, 0], [9.758206, 44.090255, 0], [9.758192, 44.090291, 0]]}, "geometry_name": "GEOMETRY", "properties": {"ID_LINEA": "PTAMC17_369", "AMBITO": "17", "COD_UF": "29", "NOME_UF": "Muzzerone", "COD_PAR": "1", "NOME_PAR": "Canneto", "LIM_PAR_W": "Punta di Montenegro", "LIM_PAR_E": "Punta Castagna", "LUNGH": 561, "TIPO_LINEA": "costa alta", "CAT_LINEA": "1814", "FASE_ITER": "approvazione", "DATA_ITER": "D.C.R. n.2 del 21/02/2023", "DATA_DIGIT": 20191025}, "bbox": [9.757638, 44.086274, 9.759201, 44.090291]}, {"type": "Feature", "id": "L7173.PTAMC17_368", "geometry": {"type": "LineString", "coordinates": [[9.759202, 44.086138, 0], [9.759139, 44.086185, 0], [9.75902, 44.086219, 0], [9.758776, 44.086254, 0], [9.758492, 44.086279, 0], [9.758353, 44.08628, 0], [9.758215, 44.086286, 0], [9.75799, 44.086273, 0], [9.757911, 44.086274, 0]]}, "geometry_name": "GEOMETRY", "properties": {"ID_LINEA": "PTAMC17_368", "AMBITO": "17", "COD_UF": "29", "NOME_UF": "Muzzerone", "COD_PAR": "2", "NOME_PAR": "Fossola", "LIM_PAR_W": "Punta Castagna", "LIM_PAR_E": "Punta di Monesteroli", "LUNGH": 107, "TIPO_LINEA": "costa alta", "CAT_LINEA": "1813", "FASE_ITER": "approvazione", "DATA_ITER": "D.C.R. n.2 del 21/02/2023", "DATA_DIGIT": 20191025}, "bbox": [9.757911, 44.086138, 9.759202, 44.086286]}, {"type": "Feature", "id": "L7173.PTAMC17_309", "geometry": {"type": "LineString", "coordinates": [[9.760446, 44.085023, 0], [9.760329, 44.085162, 0], [9.759897, 44.085541, 0], [9.759446, 44.085944, 0], [9.759276, 44.086084, 0], [9.759202, 44.086138, 0]]}, "geometry_name": "GEOMETRY", "properties": {"ID_LINEA": "PTAMC17_309", "AMBITO": "17", "COD_UF": "29", "NOME_UF": "Muzzerone", "COD_PAR": "2", "NOME_PAR": "Fossola", "LIM_PAR_W": "Punta Castagna", "LIM_PAR_E": "Punta di Monesteroli", "LUNGH": 159, "TIPO_LINEA": "spiaggia", "CAT_LINEA": "413", "FASE_ITER": "approvazione", "DATA_ITER": "D.C.R. n.2 del 21/02/2023", "DATA_DIGIT": 20191025}, "bbox": [9.759202, 44.085023, 9.760446, 44.086138]}, {"type": "Feature", "id": "L7173.PTAMC17_307", "geometry": {"type": "LineString", "coordinates": [[9.766007, 44.083311, 0], [9.765846, 44.083402, 0], [9.765663, 44.083503, 0], [9.765478, 44.083509, 0], [9.765254, 44.083563, 0], [9.765015, 44.083522, 0], [9.764843, 44.083508, 0], [9.764725, 44.083605, 0], [9.764547, 44.083606, 0], [9.764447, 44.083549, 0], [9.764334, 44.083517, 0], [9.764406, 44.083435, 0], [9.764359, 44.083374, 0], [9.764214, 44.083394, 0], [9.764069, 44.083418, 0], [9.764009, 44.083433, 0], [9.763751, 44.083411, 0], [9.763633, 44.083445, 0], [9.763527, 44.083465, 0], [9.763454, 44.083413, 0], [9.763274, 44.083276, 0], [9.763094, 44.083177, 0], [9.76291, 44.083221, 0], [9.762799, 44.083336, 0], [9.762654, 44.083366, 0], [9.762388, 44.083306, 0], [9.762144, 44.083279, 0], [9.76197, 44.083132, 0], [9.761884, 44.083138, 0], [9.761726, 44.083196, 0], [9.76158, 44.083159, 0], [9.761496, 44.083269, 0], [9.761438, 44.083388, 0], [9.761312, 44.083389, 0], [9.761232, 44.083299, 0], [9.76102, 44.083281, 0], [9.760881, 44.083278, 0], [9.760648, 44.083428, 0], [9.760552, 44.0836, 0], [9.760501, 44.083777, 0], [9.760497, 44.083996, 0], [9.760592, 44.084167, 0], [9.760594, 44.084315, 0], [9.76057, 44.084553, 0], [9.760446, 44.085023, 0]]}, "geometry_name": "GEOMETRY", "properties": {"ID_LINEA": "PTAMC17_307", "AMBITO": "17", "COD_UF": "29", "NOME_UF": "Muzzerone", "COD_PAR": "2", "NOME_PAR": "Fossola", "LIM_PAR_W": "Punta Castagna", "LIM_PAR_E": "Punta di Monesteroli", "LUNGH": 710, "TIPO_LINEA": "costa alta", "CAT_LINEA": "411", "FASE_ITER": "approvazione", "DATA_ITER": "D.C.R. n.2 del 21/02/2023", "DATA_DIGIT": 20191025}, "bbox": [9.760446, 44.083132, 9.766007, 44.085023]}, {"type": "Feature", "id": "L7173.PTAMC17_308", "geometry": {"type": "LineString", "coordinates": [[9.766586, 44.082854, 0], [9.766397, 44.083007, 0], [9.766102, 44.083257, 0], [9.766007, 44.083311, 0]]}, "geometry_name": "GEOMETRY", "properties": {"ID_LINEA": "PTAMC17_308", "AMBITO": "17", "COD_UF": "29", "NOME_UF": "Muzzerone", "COD_PAR": "2", "NOME_PAR": "Fossola", "LIM_PAR_W": "Punta Castagna", "LIM_PAR_E": "Punta di Monesteroli", "LUNGH": 69, "TIPO_LINEA": "spiaggia", "CAT_LINEA": "412", "FASE_ITER": "approvazione", "DATA_ITER": "D.C.R. n.2 del 21/02/2023", "DATA_DIGIT": 20191025}, "bbox": [9.766007, 44.082854, 9.766586, 44.083311]}, {"type": "Feature", "id": "L7173.PTAMC17_345", "geometry": {"type": "LineString", "coordinates": [[9.77349, 44.080346, 0], [9.77336, 44.080448, 0], [9.773137, 44.080569, 0], [9.773012, 44.080612, 0], [9.772811, 44.080667, 0], [9.772653, 44.080687, 0], [9.77252, 44.080655, 0], [9.77242, 44.080627, 0], [9.772367, 44.08058, 0], [9.772208, 44.080538, 0], [9.772096, 44.08061, 0], [9.772031, 44.080682, 0], [9.7719, 44.080764, 0], [9.771736, 44.080841, 0], [9.77161, 44.080847, 0], [9.771518, 44.080848, 0], [9.771406, 44.080843, 0], [9.771392, 44.080791, 0], [9.771345, 44.080758, 0], [9.771213, 44.08075, 0], [9.771088, 44.080827, 0], [9.77095, 44.080904, 0], [9.770812, 44.080943, 0], [9.770548, 44.080964, 0], [9.770073, 44.081062, 0], [9.769856, 44.081116, 0], [9.769685, 44.08117, 0], [9.76942, 44.081171, 0], [9.769149, 44.081145, 0], [9.768858, 44.081132, 0], [9.768541, 44.081144, 0], [9.768145, 44.081218, 0], [9.768008, 44.0813, 0], [9.767863, 44.081372, 0], [9.767797, 44.081397, 0], [9.767731, 44.081378, 0], [9.767691, 44.081316, 0], [9.767604, 44.081265, 0], [9.767456, 44.081225, 0], [9.767465, 44.081177, 0], [9.767574, 44.081143, 0], [9.767589, 44.081081, 0], [9.767516, 44.081008, 0], [9.767426, 44.08097, 0], [9.767122, 44.080989, 0], [9.766951, 44.081062, 0], [9.767008, 44.081102, 0], [9.767002, 44.08114, 0], [9.766911, 44.081241, 0], [9.766785, 44.081513, 0], [9.76668, 44.081705, 0], [9.766515, 44.081738, 0], [9.766443, 44.081831, 0], [9.766465, 44.081957, 0], [9.766512, 44.082047, 0], [9.766608, 44.082051, 0], [9.766704, 44.082048, 0], [9.766744, 44.082089, 0], [9.766768, 44.082191, 0], [9.766832, 44.082248, 0], [9.76681, 44.082324, 0], [9.766699, 44.082465, 0], [9.766588, 44.082549, 0], [9.766478, 44.082688, 0], [9.766526, 44.082764, 0], [9.766586, 44.082854, 0]]}, "geometry_name": "GEOMETRY", "properties": {"ID_LINEA": "PTAMC17_345", "AMBITO": "17", "COD_UF": "29", "NOME_UF": "Muzzerone", "COD_PAR": "2", "NOME_PAR": "Fossola", "LIM_PAR_W": "Punta Castagna", "LIM_PAR_E": "Punta di Monesteroli", "LUNGH": 873, "TIPO_LINEA": "costa alta", "CAT_LINEA": "1752", "FASE_ITER": "approvazione", "DATA_ITER": "D.C.R. n.2 del 21/02/2023", "DATA_DIGIT": 20191025}, "bbox": [9.766443, 44.080346, 9.77349, 44.082854]}, {"type": "Feature", "id": "L7173.PTAMC17_306", "geometry": {"type": "LineString", "coordinates": [[9.77473, 44.079071, 0], [9.774698, 44.079157, 0], [9.774575, 44.079344, 0], [9.774412, 44.079517, 0], [9.774157, 44.079728, 0], [9.77387, 44.080001, 0], [9.773569, 44.080285, 0], [9.77349, 44.080346, 0]]}, "geometry_name": "GEOMETRY", "properties": {"ID_LINEA": "PTAMC17_306", "AMBITO": "17", "COD_UF": "29", "NOME_UF": "Muzzerone", "COD_PAR": "2", "NOME_PAR": "Fossola", "LIM_PAR_W": "Punta Castagna", "LIM_PAR_E": "Punta di Monesteroli", "LUNGH": 174, "TIPO_LINEA": "spiaggia", "CAT_LINEA": "410", "FASE_ITER": "approvazione", "DATA_ITER": "D.C.R. n.2 del 21/02/2023", "DATA_DIGIT": 20191025}, "bbox": [9.77349, 44.079071, 9.77473, 44.080346]}, {"type": "Feature", "id": "L7173.PTAMC17_367", "geometry": {"type": "LineString", "coordinates": [[9.773591, 44.075973, 0], [9.773646, 44.076031, 0], [9.773712, 44.076049, 0], [9.773891, 44.076063, 0], [9.774109, 44.07608, 0], [9.774209, 44.076156, 0], [9.774277, 44.076236, 0], [9.774106, 44.076333, 0], [9.773916, 44.076463, 0], [9.773945, 44.076683, 0], [9.774027, 44.07683, 0], [9.774266, 44.076919, 0], [9.774484, 44.076941, 0], [9.77457, 44.07696, 0], [9.774611, 44.077055, 0], [9.774527, 44.077184, 0], [9.774391, 44.077442, 0], [9.774294, 44.077605, 0], [9.77429, 44.077748, 0], [9.774393, 44.078095, 0], [9.77453, 44.078465, 0], [9.774666, 44.07871, 0], [9.774694, 44.078872, 0], [9.774709, 44.079019, 0], [9.77473, 44.079071, 0]]}, "geometry_name": "GEOMETRY", "properties": {"ID_LINEA": "PTAMC17_367", "AMBITO": "17", "COD_UF": "29", "NOME_UF": "Muzzerone", "COD_PAR": "2", "NOME_PAR": "Fossola", "LIM_PAR_W": "Punta Castagna", "LIM_PAR_E": "Punta di Monesteroli", "LUNGH": 439, "TIPO_LINEA": "costa alta", "CAT_LINEA": "1812", "FASE_ITER": "approvazione", "DATA_ITER": "D.C.R. n.2 del 21/02/2023", "DATA_DIGIT": 20191025}, "bbox": [9.773591, 44.075973, 9.77473, 44.079071]}, {"type": "Feature", "id": "L7173.PTAMC17_366", "geometry": {"type": "LineString", "coordinates": [[9.779405, 44.075344, 0], [9.779238, 44.075374, 0], [9.779119, 44.075377, 0], [9.778921, 44.075355, 0], [9.778812, 44.075344, 0], [9.778736, 44.075342, 0], [9.778534, 44.075305, 0], [9.778468, 44.075279, 0], [9.778362, 44.075249, 0], [9.778246, 44.075238, 0], [9.778074, 44.075263, 0], [9.777903, 44.075281, 0], [9.777808, 44.075317, 0], [9.777686, 44.075344, 0], [9.777633, 44.075364, 0], [9.777541, 44.075371, 0], [9.777481, 44.075343, 0], [9.777444, 44.075317, 0], [9.777381, 44.075318, 0], [9.777325, 44.075311, 0], [9.777282, 44.075283, 0], [9.777268, 44.075245, 0], [9.777268, 44.075211, 0], [9.777198, 44.075178, 0], [9.777135, 44.07515, 0], [9.777002, 44.075111, 0], [9.776926, 44.075137, 0], [9.776745, 44.075212, 0], [9.776564, 44.075259, 0], [9.776489, 44.075274, 0], [9.776449, 44.075315, 0], [9.776483, 44.075367, 0], [9.776558, 44.075503, 0], [9.776529, 44.075539, 0], [9.77641, 44.075513, 0], [9.776254, 44.075445, 0], [9.776019, 44.075423, 0], [9.775758, 44.075458, 0], [9.775633, 44.075454, 0], [9.775605, 44.075392, 0], [9.77548, 44.075393, 0], [9.775316, 44.075475, 0], [9.775172, 44.075572, 0], [9.775126, 44.075605, 0], [9.77504, 44.07563, 0], [9.774922, 44.075678, 0], [9.774869, 44.075674, 0], [9.774861, 44.075602, 0], [9.774794, 44.075526, 0], [9.774616, 44.075551, 0], [9.774248, 44.075668, 0], [9.773818, 44.075825, 0], [9.773781, 44.075838, 0], [9.773773, 44.075842, 0], [9.773649, 44.075906, 0], [9.773591, 44.075973, 0]]}, "geometry_name": "GEOMETRY", "properties": {"ID_LINEA": "PTAMC17_366", "AMBITO": "17", "COD_UF": "29", "NOME_UF": "Muzzerone", "COD_PAR": "3", "NOME_PAR": "Schiara", "LIM_PAR_W": "Punta di Monesteroli", "LIM_PAR_E": "Punta del Persico", "LUNGH": 569, "TIPO_LINEA": "costa alta", "CAT_LINEA": "1811", "FASE_ITER": "approvazione", "DATA_ITER": "D.C.R. n.2 del 21/02/2023", "DATA_DIGIT": 20191025}, "bbox": [9.773591, 44.075111, 9.779405, 44.075973]}, {"type": "Feature", "id": "L7173.PTAMC17_305", "geometry": {"type": "LineString", "coordinates": [[9.783097, 44.072087, 0], [9.782768, 44.072314, 0], [9.78252, 44.072544, 0], [9.782266, 44.072924, 0], [9.782115, 44.073199, 0], [9.781934, 44.073488, 0], [9.781761, 44.073656, 0], [9.781604, 44.073798, 0], [9.781252, 44.074092, 0], [9.781017, 44.074327, 0], [9.780853, 44.074452, 0], [9.780196, 44.074931, 0], [9.779836, 44.075155, 0], [9.779757, 44.075201, 0], [9.779649, 44.075268, 0], [9.779564, 44.075307, 0], [9.779405, 44.075344, 0]]}, "geometry_name": "GEOMETRY", "properties": {"ID_LINEA": "PTAMC17_305", "AMBITO": "17", "COD_UF": "29", "NOME_UF": "Muzzerone", "COD_PAR": "3", "NOME_PAR": "Schiara", "LIM_PAR_W": "Punta di Monesteroli", "LIM_PAR_E": "Punta del Persico", "LUNGH": 475, "TIPO_LINEA": "spiaggia", "CAT_LINEA": "409", "FASE_ITER": "approvazione", "DATA_ITER": "D.C.R. n.2 del 21/02/2023", "DATA_DIGIT": 20191025}, "bbox": [9.779405, 44.072087, 9.783097, 44.075344]}, {"type": "Feature", "id": "L7173.PTAMC17_336", "geometry": {"type": "LineString", "coordinates": [[9.7806, 44.070873, 0], [9.780742, 44.070854, 0], [9.780848, 44.070847, 0], [9.780915, 44.070864, 0], [9.780948, 44.070869, 0], [9.78098, 44.07087, 0], [9.781026, 44.07086, 0], [9.78105, 44.070859, 0], [9.781108, 44.070876, 0], [9.781206, 44.070923, 0], [9.781262, 44.070961, 0], [9.781287, 44.070982, 0], [9.781278, 44.070996, 0], [9.781279, 44.071019, 0], [9.781275, 44.071044, 0], [9.781275, 44.071068, 0], [9.781286, 44.071084, 0], [9.781299, 44.071082, 0], [9.781321, 44.071076, 0], [9.781346, 44.071087, 0], [9.781353, 44.071104, 0], [9.781349, 44.071133, 0], [9.781342, 44.071156, 0], [9.781305, 44.071193, 0], [9.781219, 44.071232, 0], [9.781182, 44.071235, 0], [9.781146, 44.071256, 0], [9.781134, 44.071285, 0], [9.781096, 44.07133, 0], [9.780968, 44.071371, 0], [9.780957, 44.071347, 0], [9.780936, 44.071301, 0], [9.780871, 44.071208, 0], [9.780822, 44.071172, 0], [9.780761, 44.071105, 0], [9.780723, 44.071049, 0], [9.780691, 44.071, 0], [9.780649, 44.070951, 0], [9.780586, 44.070907, 0], [9.7806, 44.070873, 0]]}, "geometry_name": "GEOMETRY", "properties": {"ID_LINEA": "PTAMC17_336", "AMBITO": "17", "COD_UF": "29", "NOME_UF": "Muzzerone", "COD_PAR": "3", "NOME_PAR": "Schiara", "LIM_PAR_W": "Punta di Monesteroli", "LIM_PAR_E": "Punta del Persico", "LUNGH": 190, "TIPO_LINEA": "costa alta", "CAT_LINEA": "1742", "FASE_ITER": "approvazione", "DATA_ITER": "D.C.R. n.2 del 21/02/2023", "DATA_DIGIT": 20191025}, "bbox": [9.780586, 44.070847, 9.781353, 44.071371]}, {"type": "Feature", "id": "L7173.PTAMC17_301", "geometry": {"type": "LineString", "coordinates": [[9.788188, 44.071773, 0], [9.788145, 44.071791, 0], [9.788017, 44.07182, 0], [9.787957, 44.071828, 0], [9.787924, 44.071821, 0], [9.787848, 44.071826, 0], [9.787746, 44.071872, 0], [9.787625, 44.071904, 0], [9.787588, 44.071904, 0], [9.787453, 44.071845, 0], [9.78732, 44.071825, 0], [9.787244, 44.071809, 0], [9.787237, 44.07179, 0], [9.787243, 44.071754, 0], [9.787197, 44.071721, 0], [9.787137, 44.071738, 0], [9.787068, 44.071765, 0], [9.786982, 44.071749, 0], [9.786886, 44.07173, 0], [9.786803, 44.071714, 0], [9.786793, 44.071695, 0], [9.786855, 44.071614, 0], [9.786861, 44.071568, 0], [9.786822, 44.07159, 0], [9.786792, 44.071597, 0], [9.786755, 44.071583, 0], [9.786761, 44.071531, 0], [9.786833, 44.071433, 0], [9.786779, 44.0714, 0], [9.78671, 44.071429, 0], [9.786626, 44.071546, 0], [9.78658, 44.071549, 0], [9.786654, 44.071422, 0], [9.786608, 44.071415, 0], [9.78649, 44.071483, 0], [9.786398, 44.071526, 0], [9.786349, 44.071586, 0], [9.786346, 44.071627, 0], [9.78638, 44.071655, 0], [9.786397, 44.071691, 0], [9.786361, 44.071743, 0], [9.786309, 44.071775, 0], [9.786243, 44.071792, 0], [9.78619, 44.071792, 0], [9.786035, 44.071781, 0], [9.785935, 44.071761, 0], [9.785879, 44.071761, 0], [9.785777, 44.071762, 0], [9.785664, 44.071767, 0], [9.785559, 44.07177, 0], [9.785466, 44.071771, 0], [9.785413, 44.071786, 0], [9.785381, 44.0718, 0], [9.785354, 44.071803, 0], [9.785331, 44.071784, 0], [9.785274, 44.071746, 0], [9.785151, 44.071716, 0], [9.785047, 44.07171, 0], [9.784899, 44.071727, 0], [9.7848, 44.071728, 0], [9.784724, 44.071731, 0], [9.784661, 44.071736, 0], [9.784628, 44.071765, 0], [9.784612, 44.071786, 0], [9.784573, 44.071801, 0], [9.784533, 44.071789, 0], [9.78448, 44.071771, 0], [9.78442, 44.071738, 0], [9.784324, 44.071712, 0], [9.784248, 44.071698, 0], [9.784162, 44.071728, 0], [9.784089, 44.071735, 0], [9.783991, 44.071755, 0], [9.78388, 44.071872, 0], [9.783798, 44.071923, 0], [9.783673, 44.071943, 0], [9.783531, 44.071949, 0], [9.783287, 44.071972, 0], [9.783182, 44.072011, 0], [9.783097, 44.072087, 0]]}, "geometry_name": "GEOMETRY", "properties": {"ID_LINEA": "PTAMC17_301", "AMBITO": "17", "COD_UF": "29", "NOME_UF": "Muzzerone", "COD_PAR": "3", "NOME_PAR": "Schiara", "LIM_PAR_W": "Punta di Monesteroli", "LIM_PAR_E": "Punta del Persico", "LUNGH": 558, "TIPO_LINEA": "costa alta", "CAT_LINEA": "405", "FASE_ITER": "approvazione", "DATA_ITER": "D.C.R. n.2 del 21/02/2023", "DATA_DIGIT": 20191025}, "bbox": [9.783097, 44.0714, 9.788188, 44.072087]}, {"type": "Feature", "id": "L7173.PTAMC17_302", "geometry": {"type": "LineString", "coordinates": [[9.788645, 44.071587, 0], [9.78854, 44.071645, 0], [9.788267, 44.07174, 0], [9.788188, 44.071773, 0]]}, "geometry_name": "GEOMETRY", "properties": {"ID_LINEA": "PTAMC17_302", "AMBITO": "17", "COD_UF": "29", "NOME_UF": "Muzzerone", "COD_PAR": "3", "NOME_PAR": "Schiara", "LIM_PAR_W": "Punta di Monesteroli", "LIM_PAR_E": "Punta del Persico", "LUNGH": 42, "TIPO_LINEA": "spiaggia", "CAT_LINEA": "406", "FASE_ITER": "approvazione", "DATA_ITER": "D.C.R. n.2 del 21/02/2023", "DATA_DIGIT": 20191025}, "bbox": [9.788188, 44.071587, 9.788645, 44.071773]}, {"type": "Feature", "id": "L7173.PTAMC17_303", "geometry": {"type": "LineString", "coordinates": [[9.789445, 44.071396, 0], [9.789326, 44.07142, 0], [9.789247, 44.071433, 0], [9.789131, 44.071429, 0], [9.78897, 44.07143, 0], [9.788861, 44.071462, 0], [9.788756, 44.07151, 0], [9.788645, 44.071587, 0]]}, "geometry_name": "GEOMETRY", "properties": {"ID_LINEA": "PTAMC17_303", "AMBITO": "17", "COD_UF": "29", "NOME_UF": "Muzzerone", "COD_PAR": "3", "NOME_PAR": "Schiara", "LIM_PAR_W": "Punta di Monesteroli", "LIM_PAR_E": "Punta del Persico", "LUNGH": 70, "TIPO_LINEA": "costa alta", "CAT_LINEA": "407", "FASE_ITER": "approvazione", "DATA_ITER": "D.C.R. n.2 del 21/02/2023", "DATA_DIGIT": 20191025}, "bbox": [9.788645, 44.071396, 9.789445, 44.071587]}, {"type": "Feature", "id": "L7173.PTAMC17_178", "geometry": {"type": "LineString", "coordinates": [[9.643427, 44.144085, 0], [9.643401, 44.144075, 0], [9.643376, 44.144056, 0], [9.643345, 44.144011, 0], [9.643323, 44.143979, 0], [9.643303, 44.143932, 0], [9.64328, 44.143905, 0], [9.643232, 44.143866, 0]]}, "geometry_name": "GEOMETRY", "properties": {"ID_LINEA": "PTAMC17_178", "AMBITO": "17", "COD_UF": "28", "NOME_UF": "Cinque Terre", "COD_PAR": "1", "NOME_PAR": "Monterosso", "LIM_PAR_W": "Punta Mesco", "LIM_PAR_E": "Punta Corone", "LUNGH": 30, "TIPO_LINEA": "spiaggia", "CAT_LINEA": "178", "FASE_ITER": "approvazione", "DATA_ITER": "D.C.R. n.2 del 21/02/2023", "DATA_DIGIT": 20191025}, "bbox": [9.643232, 44.143866, 9.643427, 44.144085]}, {"type": "Feature", "id": "L7173.PTAMC17_177", "geometry": {"type": "LineString", "coordinates": [[9.644018, 44.144103, 0], [9.643973, 44.144077, 0], [9.643928, 44.144057, 0], [9.64388, 44.144042, 0], [9.643786, 44.144109, 0], [9.643724, 44.144149, 0], [9.643472, 44.144094, 0], [9.643427, 44.144085, 0]]}, "geometry_name": "GEOMETRY", "properties": {"ID_LINEA": "PTAMC17_177", "AMBITO": "17", "COD_UF": "28", "NOME_UF": "Cinque Terre", "COD_PAR": "1", "NOME_PAR": "Monterosso", "LIM_PAR_W": "Punta Mesco", "LIM_PAR_E": "Punta Corone", "LUNGH": 55, "TIPO_LINEA": "artificiale", "CAT_LINEA": "177", "FASE_ITER": "approvazione", "DATA_ITER": "D.C.R. n.2 del 21/02/2023", "DATA_DIGIT": 20191025}, "bbox": [9.643427, 44.144042, 9.644018, 44.144149]}, {"type": "Feature", "id": "L7173.PTAMC17_176", "geometry": {"type": "LineString", "coordinates": [[9.643949, 44.144188, 0], [9.643997, 44.144152, 0], [9.644013, 44.144124, 0], [9.644018, 44.144103, 0]]}, "geometry_name": "GEOMETRY", "properties": {"ID_LINEA": "PTAMC17_176", "AMBITO": "17", "COD_UF": "28", "NOME_UF": "Cinque Terre", "COD_PAR": "1", "NOME_PAR": "Monterosso", "LIM_PAR_W": "Punta Mesco", "LIM_PAR_E": "Punta Corone", "LUNGH": 11, "TIPO_LINEA": "costa alta", "CAT_LINEA": "176", "FASE_ITER": "approvazione", "DATA_ITER": "D.C.R. n.2 del 21/02/2023", "DATA_DIGIT": 20191025}, "bbox": [9.643949, 44.144103, 9.644018, 44.144188]}, {"type": "Feature", "id": "L7173.PTAMC17_175", "geometry": {"type": "LineString", "coordinates": [[9.64603, 44.14418, 0], [9.645916, 44.144211, 0], [9.645689, 44.14426, 0], [9.645436, 44.144302, 0], [9.645224, 44.144331, 0], [9.645088, 44.144336, 0], [9.644933, 44.144335, 0], [9.644726, 44.144324, 0], [9.644539, 44.144311, 0], [9.644321, 44.144289, 0], [9.64426, 44.144281, 0], [9.644228, 44.144276, 0], [9.64419, 44.144263, 0], [9.644167, 44.144249, 0], [9.644155, 44.144225, 0], [9.644135, 44.144219, 0], [9.644107, 44.14422, 0], [9.644075, 44.14422, 0], [9.644047, 44.144217, 0], [9.644016, 44.144215, 0], [9.643986, 44.144213, 0], [9.643949, 44.144188, 0]]}, "geometry_name": "GEOMETRY", "properties": {"ID_LINEA": "PTAMC17_175", "AMBITO": "17", "COD_UF": "28", "NOME_UF": "Cinque Terre", "COD_PAR": "1", "NOME_PAR": "Monterosso", "LIM_PAR_W": "Punta Mesco", "LIM_PAR_E": "Punta Corone", "LUNGH": 173, "TIPO_LINEA": "spiaggia", "CAT_LINEA": "175", "FASE_ITER": "approvazione", "DATA_ITER": "D.C.R. n.2 del 21/02/2023", "DATA_DIGIT": 20191025}, "bbox": [9.643949, 44.14418, 9.64603, 44.144336]}, {"type": "Feature", "id": "L7173.PTAMC17_174", "geometry": {"type": "LineString", "coordinates": [[9.647082, 44.144465, 0], [9.6471, 44.144433, 0], [9.647094, 44.144377, 0], [9.647081, 44.144319, 0], [9.647059, 44.144198, 0], [9.64704, 44.144109, 0], [9.646976, 44.144014, 0], [9.646874, 44.143883, 0], [9.646761, 44.143792, 0], [9.646671, 44.143758, 0], [9.646508, 44.14376, 0], [9.646275, 44.143903, 0], [9.64615, 44.143987, 0], [9.646088, 44.14404, 0], [9.64603, 44.14418, 0]]}, "geometry_name": "GEOMETRY", "properties": {"ID_LINEA": "PTAMC17_174", "AMBITO": "17", "COD_UF": "28", "NOME_UF": "Cinque Terre", "COD_PAR": "1", "NOME_PAR": "Monterosso", "LIM_PAR_W": "Punta Mesco", "LIM_PAR_E": "Punta Corone", "LUNGH": 165, "TIPO_LINEA": "artificiale", "CAT_LINEA": "174", "FASE_ITER": "approvazione", "DATA_ITER": "D.C.R. n.2 del 21/02/2023", "DATA_DIGIT": 20191025}, "bbox": [9.64603, 44.143758, 9.6471, 44.144465]}, {"type": "Feature", "id": "L7173.PTAMC17_173", "geometry": {"type": "LineString", "coordinates": [[9.647113, 44.144547, 0], [9.647082, 44.144465, 0]]}, "geometry_name": "GEOMETRY", "properties": {"ID_LINEA": "PTAMC17_173", "AMBITO": "17", "COD_UF": "28", "NOME_UF": "Cinque Terre", "COD_PAR": "1", "NOME_PAR": "Monterosso", "LIM_PAR_W": "Punta Mesco", "LIM_PAR_E": "Punta Corone", "LUNGH": 9, "TIPO_LINEA": "foce", "CAT_LINEA": "173", "FASE_ITER": "approvazione", "DATA_ITER": "D.C.R. n.2 del 21/02/2023", "DATA_DIGIT": 20191025}, "bbox": [9.647082, 44.144465, 9.647113, 44.144547]}, {"type": "Feature", "id": "L7173.PTAMC17_172", "geometry": {"type": "LineString", "coordinates": [[9.647234, 44.144603, 0], [9.647113, 44.144547, 0]]}, "geometry_name": "GEOMETRY", "properties": {"ID_LINEA": "PTAMC17_172", "AMBITO": "17", "COD_UF": "28", "NOME_UF": "Cinque Terre", "COD_PAR": "1", "NOME_PAR": "Monterosso", "LIM_PAR_W": "Punta Mesco", "LIM_PAR_E": "Punta Corone", "LUNGH": 12, "TIPO_LINEA": "artificiale", "CAT_LINEA": "172", "FASE_ITER": "approvazione", "DATA_ITER": "D.C.R. n.2 del 21/02/2023", "DATA_DIGIT": 20191025}, "bbox": [9.647113, 44.144547, 9.647234, 44.144603]}, {"type": "Feature", "id": "L7173.PTAMC17_171", "geometry": {"type": "LineString", "coordinates": [[9.651667, 44.145312, 0], [9.651638, 44.145331, 0], [9.651588, 44.145355, 0], [9.651522, 44.145374, 0], [9.651421, 44.145393, 0], [9.651274, 44.145413, 0], [9.651057, 44.145434, 0], [9.650684, 44.145452, 0], [9.650321, 44.145447, 0], [9.650043, 44.14543, 0], [9.649669, 44.145402, 0], [9.649322, 44.145391, 0], [9.648512, 44.145349, 0], [9.648414, 44.145342, 0], [9.64832, 44.145334, 0], [9.648225, 44.145321, 0], [9.648004, 44.145278, 0], [9.64786, 44.145239, 0], [9.647704, 44.145186, 0], [9.647631, 44.145151, 0], [9.647552, 44.145112, 0], [9.647466, 44.145047, 0], [9.647409, 44.144996, 0], [9.64735, 44.144931, 0], [9.647273, 44.144803, 0], [9.647249, 44.144735, 0], [9.647234, 44.144603, 0]]}, "geometry_name": "GEOMETRY", "properties": {"ID_LINEA": "PTAMC17_171", "AMBITO": "17", "COD_UF": "28", "NOME_UF": "Cinque Terre", "COD_PAR": "1", "NOME_PAR": "Monterosso", "LIM_PAR_W": "Punta Mesco", "LIM_PAR_E": "Punta Corone", "LUNGH": 402, "TIPO_LINEA": "spiaggia", "CAT_LINEA": "171", "FASE_ITER": "approvazione", "DATA_ITER": "D.C.R. n.2 del 21/02/2023", "DATA_DIGIT": 20191025}, "bbox": [9.647234, 44.144603, 9.651667, 44.145452]}, {"type": "Feature", "id": "L7173.PTAMC17_170", "geometry": {"type": "LineString", "coordinates": [[9.651714, 44.145287, 0], [9.651719, 44.145259, 0], [9.651756, 44.145233, 0], [9.651779, 44.145225, 0], [9.651831, 44.145214, 0], [9.651841, 44.145193, 0], [9.651823, 44.145177, 0], [9.651796, 44.145183, 0], [9.651757, 44.14518, 0], [9.65173, 44.145151, 0], [9.651706, 44.145137, 0], [9.651671, 44.145157, 0], [9.651629, 44.145172, 0], [9.651584, 44.145181, 0], [9.651549, 44.145198, 0], [9.651543, 44.145222, 0], [9.651566, 44.145252, 0], [9.651612, 44.145282, 0], [9.651667, 44.145312, 0]]}, "geometry_name": "GEOMETRY", "properties": {"ID_LINEA": "PTAMC17_170", "AMBITO": "17", "COD_UF": "28", "NOME_UF": "Cinque Terre", "COD_PAR": "1", "NOME_PAR": "Monterosso", "LIM_PAR_W": "Punta Mesco", "LIM_PAR_E": "Punta Corone", "LUNGH": 62, "TIPO_LINEA": "costa alta", "CAT_LINEA": "170", "FASE_ITER": "approvazione", "DATA_ITER": "D.C.R. n.2 del 21/02/2023", "DATA_DIGIT": 20191025}, "bbox": [9.651543, 44.145137, 9.651841, 44.145312]}, {"type": "Feature", "id": "L7173.PTAMC17_169", "geometry": {"type": "LineString", "coordinates": [[9.652231, 44.145375, 0], [9.652207, 44.145395, 0], [9.652186, 44.1454, 0], [9.652164, 44.145403, 0], [9.652131, 44.145404, 0], [9.652095, 44.145404, 0], [9.652042, 44.145401, 0], [9.651998, 44.145398, 0], [9.651951, 44.145391, 0], [9.651915, 44.145383, 0], [9.651883, 44.145371, 0], [9.651852, 44.145359, 0], [9.651826, 44.145346, 0], [9.65176, 44.145311, 0], [9.651714, 44.145287, 0]]}, "geometry_name": "GEOMETRY", "properties": {"ID_LINEA": "PTAMC17_169", "AMBITO": "17", "COD_UF": "28", "NOME_UF": "Cinque Terre", "COD_PAR": "1", "NOME_PAR": "Monterosso", "LIM_PAR_W": "Punta Mesco", "LIM_PAR_E": "Punta Corone", "LUNGH": 46, "TIPO_LINEA": "spiaggia", "CAT_LINEA": "169", "FASE_ITER": "approvazione", "DATA_ITER": "D.C.R. n.2 del 21/02/2023", "DATA_DIGIT": 20191025}, "bbox": [9.651714, 44.145287, 9.652231, 44.145404]}, {"type": "Feature", "id": "L7173.PTAMC17_168", "geometry": {"type": "LineString", "coordinates": [[9.65318, 44.145209, 0], [9.653124, 44.145247, 0], [9.653022, 44.145267, 0], [9.652883, 44.145284, 0], [9.652781, 44.145282, 0], [9.652444, 44.145319, 0], [9.652288, 44.145351, 0], [9.652231, 44.145375, 0]]}, "geometry_name": "GEOMETRY", "properties": {"ID_LINEA": "PTAMC17_168", "AMBITO": "17", "COD_UF": "28", "NOME_UF": "Cinque Terre", "COD_PAR": "1", "NOME_PAR": "Monterosso", "LIM_PAR_W": "Punta Mesco", "LIM_PAR_E": "Punta Corone", "LUNGH": 80, "TIPO_LINEA": "artificiale", "CAT_LINEA": "168", "FASE_ITER": "approvazione", "DATA_ITER": "D.C.R. n.2 del 21/02/2023", "DATA_DIGIT": 20191025}, "bbox": [9.652231, 44.145209, 9.65318, 44.145375]}, {"type": "Feature", "id": "L7173.PTAMC17_167", "geometry": {"type": "LineString", "coordinates": [[9.653905, 44.14493, 0], [9.653836, 44.144988, 0], [9.653747, 44.14502, 0], [9.653644, 44.145011, 0], [9.653558, 44.144999, 0], [9.653449, 44.144988, 0], [9.653324, 44.145051, 0], [9.653262, 44.145113, 0], [9.65318, 44.145209, 0]]}, "geometry_name": "GEOMETRY", "properties": {"ID_LINEA": "PTAMC17_167", "AMBITO": "17", "COD_UF": "28", "NOME_UF": "Cinque Terre", "COD_PAR": "1", "NOME_PAR": "Monterosso", "LIM_PAR_W": "Punta Mesco", "LIM_PAR_E": "Punta Corone", "LUNGH": 74, "TIPO_LINEA": "costa alta", "CAT_LINEA": "167", "FASE_ITER": "approvazione", "DATA_ITER": "D.C.R. n.2 del 21/02/2023", "DATA_DIGIT": 20191025}, "bbox": [9.65318, 44.14493, 9.653905, 44.145209]}, {"type": "Feature", "id": "L7173.PTAMC17_166", "geometry": {"type": "LineString", "coordinates": [[9.65473, 44.145551, 0], [9.65473, 44.145399, 0], [9.65458, 44.14529, 0], [9.654559, 44.145192, 0], [9.654589, 44.145161, 0], [9.654594, 44.145067, 0], [9.654526, 44.145003, 0], [9.654558, 44.144806, 0], [9.654435, 44.144746, 0], [9.654223, 44.144681, 0], [9.654091, 44.144732, 0], [9.65391, 44.144826, 0], [9.653905, 44.14493, 0]]}, "geometry_name": "GEOMETRY", "properties": {"ID_LINEA": "PTAMC17_166", "AMBITO": "17", "COD_UF": "28", "NOME_UF": "Cinque Terre", "COD_PAR": "1", "NOME_PAR": "Monterosso", "LIM_PAR_W": "Punta Mesco", "LIM_PAR_E": "Punta Corone", "LUNGH": 162, "TIPO_LINEA": "artificiale", "CAT_LINEA": "166", "FASE_ITER": "approvazione", "DATA_ITER": "D.C.R. n.2 del 21/02/2023", "DATA_DIGIT": 20191025}, "bbox": [9.653905, 44.144681, 9.65473, 44.145551]}, {"type": "Feature", "id": "L7173.PTAMC17_165", "geometry": {"type": "LineString", "coordinates": [[9.657002, 44.145582, 0], [9.656943, 44.145589, 0], [9.656789, 44.145608, 0], [9.656523, 44.145637, 0], [9.656221, 44.145653, 0], [9.655943, 44.145663, 0], [9.655742, 44.145655, 0], [9.655402, 44.145632, 0], [9.655093, 44.1456, 0], [9.654907, 44.145577, 0], [9.65473, 44.145551, 0]]}, "geometry_name": "GEOMETRY", "properties": {"ID_LINEA": "PTAMC17_165", "AMBITO": "17", "COD_UF": "28", "NOME_UF": "Cinque Terre", "COD_PAR": "1", "NOME_PAR": "Monterosso", "LIM_PAR_W": "Punta Mesco", "LIM_PAR_E": "Punta Corone", "LUNGH": 183, "TIPO_LINEA": "spiaggia", "CAT_LINEA": "165", "FASE_ITER": "approvazione", "DATA_ITER": "D.C.R. n.2 del 21/02/2023", "DATA_DIGIT": 20191025}, "bbox": [9.65473, 44.145551, 9.657002, 44.145663]}, {"type": "Feature", "id": "L7173.PTAMC17_164", "geometry": {"type": "LineString", "coordinates": [[9.657262, 44.145486, 0], [9.657169, 44.145532, 0], [9.657101, 44.145557, 0], [9.657002, 44.145582, 0]]}, "geometry_name": "GEOMETRY", "properties": {"ID_LINEA": "PTAMC17_164", "AMBITO": "17", "COD_UF": "28", "NOME_UF": "Cinque Terre", "COD_PAR": "1", "NOME_PAR": "Monterosso", "LIM_PAR_W": "Punta Mesco", "LIM_PAR_E": "Punta Corone", "LUNGH": 24, "TIPO_LINEA": "artificiale", "CAT_LINEA": "164", "FASE_ITER": "approvazione", "DATA_ITER": "D.C.R. n.2 del 21/02/2023", "DATA_DIGIT": 20191025}, "bbox": [9.657002, 44.145486, 9.657262, 44.145582]}, {"type": "Feature", "id": "L7173.PTAMC17_351", "geometry": {"type": "LineString", "coordinates": [[9.659664, 44.142952, 0], [9.659562, 44.143007, 0], [9.659451, 44.143127, 0], [9.659317, 44.143209, 0], [9.659306, 44.143216, 0], [9.659295, 44.143227, 0], [9.659185, 44.143335, 0], [9.659121, 44.143498, 0], [9.65903, 44.143682, 0], [9.658955, 44.14377, 0], [9.658818, 44.143846, 0], [9.658789, 44.14392, 0], [9.65879, 44.143986, 0], [9.658837, 44.144031, 0], [9.658805, 44.144158, 0], [9.658694, 44.144285, 0], [9.658586, 44.144419, 0], [9.658485, 44.144484, 0], [9.658426, 44.144499, 0], [9.658409, 44.144446, 0], [9.658263, 44.144462, 0], [9.658155, 44.144515, 0], [9.658112, 44.14456, 0], [9.658028, 44.144689, 0], [9.658091, 44.144738, 0], [9.658115, 44.14479, 0], [9.658082, 44.144831, 0], [9.65799, 44.144891, 0], [9.657891, 44.144925, 0], [9.657822, 44.144923, 0], [9.657783, 44.144976, 0], [9.657735, 44.145114, 0], [9.657723, 44.145245, 0], [9.657687, 44.1453, 0], [9.657595, 44.145353, 0], [9.657506, 44.145406, 0], [9.657391, 44.145416, 0], [9.657302, 44.145443, 0], [9.657262, 44.145486, 0]]}, "geometry_name": "GEOMETRY", "properties": {"ID_LINEA": "PTAMC17_351", "AMBITO": "17", "COD_UF": "28", "NOME_UF": "Cinque Terre", "COD_PAR": "1", "NOME_PAR": "Monterosso", "LIM_PAR_W": "Punta Mesco", "LIM_PAR_E": "Punta Corone", "LUNGH": 388, "TIPO_LINEA": "costa alta", "CAT_LINEA": "1758", "FASE_ITER": "approvazione", "DATA_ITER": "D.C.R. n.2 del 21/02/2023", "DATA_DIGIT": 20191025}, "bbox": [9.657262, 44.142952, 9.659664, 44.145486]}, {"type": "Feature", "id": "L7173.PTAMC17_350", "geometry": {"type": "LineString", "coordinates": [[9.682289, 44.136054, 0], [9.682146, 44.136105, 0], [9.682044, 44.136156, 0], [9.681988, 44.13618, 0], [9.681903, 44.136233, 0], [9.681652, 44.136292, 0], [9.681536, 44.136302, 0], [9.681397, 44.1363, 0], [9.681275, 44.136277, 0], [9.681159, 44.136261, 0], [9.681033, 44.136257, 0], [9.680983, 44.136257, 0], [9.680809, 44.136316, 0], [9.680677, 44.136333, 0], [9.680552, 44.136377, 0], [9.680466, 44.136392, 0], [9.680442, 44.136375, 0], [9.680514, 44.13631, 0], [9.680656, 44.136228, 0], [9.680794, 44.136151, 0], [9.680753, 44.136106, 0], [9.680628, 44.1361, 0], [9.680516, 44.13616, 0], [9.680391, 44.136249, 0], [9.680293, 44.136307, 0], [9.680181, 44.136369, 0], [9.679829, 44.1365, 0], [9.679647, 44.136539, 0], [9.679554, 44.136487, 0], [9.679507, 44.136481, 0], [9.679408, 44.136481, 0], [9.679322, 44.136463, 0], [9.679276, 44.136444, 0], [9.679206, 44.136425, 0], [9.679087, 44.136414, 0], [9.678989, 44.136434, 0], [9.678933, 44.136451, 0], [9.678831, 44.136456, 0], [9.678689, 44.136452, 0], [9.678636, 44.136462, 0], [9.678616, 44.136498, 0], [9.678653, 44.136531, 0], [9.678597, 44.136586, 0], [9.678601, 44.136624, 0], [9.678605, 44.13665, 0], [9.678556, 44.136689, 0], [9.678483, 44.136722, 0], [9.678364, 44.136714, 0], [9.678298, 44.136733, 0], [9.678192, 44.136739, 0], [9.67813, 44.136803, 0], [9.678127, 44.136853, 0], [9.678088, 44.136896, 0], [9.678069, 44.136942, 0], [9.677951, 44.136993, 0], [9.677786, 44.137023, 0], [9.677641, 44.137007, 0], [9.677581, 44.136998, 0], [9.677524, 44.136955, 0], [9.677421, 44.136941, 0], [9.677346, 44.136968, 0], [9.677289, 44.136968, 0], [9.67723, 44.136959, 0], [9.677164, 44.136988, 0], [9.677181, 44.137026, 0], [9.677132, 44.137053, 0], [9.677046, 44.137067, 0], [9.67702, 44.137094, 0], [9.677077, 44.137146, 0], [9.67715, 44.137167, 0], [9.67718, 44.137198, 0], [9.677197, 44.137267, 0], [9.677277, 44.137307, 0], [9.677346, 44.137316, 0], [9.677465, 44.137267, 0], [9.677551, 44.137257, 0], [9.677614, 44.137281, 0], [9.677612, 44.137382, 0], [9.677515, 44.137608, 0], [9.677411, 44.137764, 0], [9.677316, 44.137838, 0], [9.677165, 44.137964, 0], [9.677054, 44.138041, 0], [9.676965, 44.13807, 0], [9.676782, 44.138178, 0], [9.676647, 44.138294, 0], [9.676503, 44.138449, 0], [9.676314, 44.138636, 0], [9.676272, 44.138727, 0], [9.676276, 44.138832, 0], [9.676215, 44.138992, 0], [9.67619, 44.13909, 0], [9.676122, 44.139205, 0], [9.676069, 44.13925, 0], [9.67601, 44.13927, 0], [9.675927, 44.13927, 0], [9.675798, 44.139219, 0], [9.675732, 44.139245, 0], [9.67567, 44.139336, 0], [9.675595, 44.139434, 0], [9.675445, 44.139533, 0], [9.675297, 44.139584, 0], [9.675178, 44.139621, 0], [9.675039, 44.13965, 0], [9.674957, 44.139651, 0], [9.674854, 44.139666, 0], [9.674778, 44.139647, 0], [9.674764, 44.139621, 0], [9.674685, 44.139607, 0], [9.674609, 44.139576, 0], [9.674595, 44.139546, 0], [9.674565, 44.139489, 0], [9.674485, 44.139494, 0], [9.674423, 44.139561, 0], [9.674357, 44.139597, 0], [9.674229, 44.139664, 0], [9.674117, 44.139656, 0], [9.67401, 44.139609, 0], [9.673871, 44.139595, 0], [9.673755, 44.139598, 0], [9.673603, 44.139623, 0], [9.673351, 44.139603, 0], [9.673136, 44.139592, 0], [9.673047, 44.139602, 0], [9.672998, 44.139691, 0], [9.672905, 44.139694, 0], [9.672766, 44.139685, 0], [9.672687, 44.139707, 0], [9.672582, 44.139715, 0], [9.672509, 44.139718, 0], [9.672465, 44.139682, 0], [9.672518, 44.139615, 0], [9.672534, 44.139563, 0], [9.672448, 44.139568, 0], [9.672365, 44.139618, 0], [9.672294, 44.139693, 0], [9.672178, 44.139722, 0], [9.672052, 44.139723, 0], [9.67191, 44.139709, 0], [9.671867, 44.139676, 0], [9.671836, 44.139602, 0], [9.671769, 44.139565, 0], [9.671627, 44.139563, 0], [9.671426, 44.139576, 0], [9.671357, 44.139622, 0], [9.671278, 44.139689, 0], [9.671218, 44.139687, 0], [9.671192, 44.139654, 0], [9.671112, 44.139664, 0], [9.671046, 44.139681, 0], [9.671013, 44.139652, 0], [9.67092, 44.13962, 0], [9.670806, 44.139773, 0], [9.67078, 44.139847, 0], [9.670758, 44.139892, 0], [9.670735, 44.139947, 0], [9.670683, 44.140005, 0], [9.670608, 44.140093, 0], [9.670635, 44.140153, 0], [9.670639, 44.140232, 0], [9.670587, 44.14028, 0], [9.670515, 44.140337, 0], [9.670442, 44.140366, 0], [9.670373, 44.140367, 0], [9.670353, 44.140338, 0], [9.670303, 44.140308, 0], [9.670194, 44.140337, 0], [9.670131, 44.140375, 0], [9.670083, 44.140426, 0], [9.670051, 44.140476, 0], [9.669991, 44.140493, 0], [9.669935, 44.140474, 0], [9.669878, 44.140439, 0], [9.669775, 44.14043, 0], [9.669621, 44.140476, 0], [9.669473, 44.140525, 0], [9.669414, 44.14053, 0], [9.66936, 44.140478, 0], [9.669389, 44.14039, 0], [9.669342, 44.140347, 0], [9.669263, 44.140362, 0], [9.669164, 44.14041, 0], [9.669078, 44.140396, 0], [9.668932, 44.140328, 0], [9.668813, 44.140364, 0], [9.668685, 44.140475, 0], [9.668624, 44.140599, 0], [9.668608, 44.140671, 0], [9.668616, 44.140778, 0], [9.668548, 44.140907, 0], [9.668463, 44.141027, 0], [9.668421, 44.141134, 0], [9.668439, 44.141206, 0], [9.66844, 44.141328, 0], [9.668389, 44.141447, 0], [9.66831, 44.14155, 0], [9.668215, 44.141622, 0], [9.668124, 44.141723, 0], [9.66802, 44.141928, 0], [9.667932, 44.142043, 0], [9.667737, 44.142369, 0], [9.667601, 44.142598, 0], [9.667481, 44.142773, 0], [9.667369, 44.142864, 0], [9.667241, 44.142898, 0], [9.666836, 44.142943, 0], [9.666621, 44.142959, 0], [9.666403, 44.142955, 0], [9.666161, 44.142952, 0], [9.665943, 44.142944, 0], [9.665768, 44.142966, 0], [9.665681, 44.142898, 0], [9.665782, 44.142823, 0], [9.66593, 44.142739, 0], [9.66592, 44.142675, 0], [9.665827, 44.142623, 0], [9.66577, 44.14263, 0], [9.665718, 44.142695, 0], [9.665626, 44.142745, 0], [9.665527, 44.142746, 0], [9.665457, 44.142746, 0], [9.665395, 44.142749, 0], [9.665269, 44.142771, 0], [9.665104, 44.142753, 0], [9.664975, 44.142799, 0], [9.664859, 44.142814, 0], [9.664666, 44.142908, 0], [9.664554, 44.142973, 0], [9.664458, 44.142962, 0], [9.664504, 44.142888, 0], [9.664802, 44.142662, 0], [9.664874, 44.142562, 0], [9.664728, 44.14252, 0], [9.664508, 44.14264, 0], [9.664307, 44.14276, 0], [9.664129, 44.142809, 0], [9.66408, 44.142864, 0], [9.664127, 44.142933, 0], [9.664141, 44.142988, 0], [9.663986, 44.143036, 0], [9.66373, 44.143145, 0], [9.663519, 44.143161, 0], [9.663353, 44.143143, 0], [9.663154, 44.143096, 0], [9.663087, 44.143059, 0], [9.663086, 44.142963, 0], [9.662986, 44.142902, 0], [9.662807, 44.14286, 0], [9.662609, 44.14288, 0], [9.662458, 44.142938, 0], [9.662247, 44.143021, 0], [9.661977, 44.143156, 0], [9.661852, 44.143223, 0], [9.661727, 44.143238, 0], [9.661495, 44.143206, 0], [9.661277, 44.143279, 0], [9.661146, 44.143356, 0], [9.661015, 44.14348, 0], [9.661004, 44.143552, 0], [9.660958, 44.143605, 0], [9.660896, 44.143655, 0], [9.660747, 44.143658, 0], [9.660542, 44.143645, 0], [9.660439, 44.14366, 0], [9.660384, 44.143698, 0], [9.660322, 44.143787, 0], [9.660286, 44.143825, 0], [9.660236, 44.143852, 0], [9.660161, 44.143871, 0], [9.659945, 44.143849, 0], [9.659704, 44.143857, 0], [9.659618, 44.143855, 0], [9.659459, 44.143835, 0], [9.659468, 44.143763, 0], [9.659533, 44.143698, 0], [9.659526, 44.143641, 0], [9.659473, 44.143599, 0], [9.659459, 44.143546, 0], [9.659482, 44.143518, 0], [9.659558, 44.143501, 0], [9.659607, 44.143436, 0], [9.659606, 44.14335, 0], [9.659595, 44.143253, 0], [9.659633, 44.143157, 0], [9.659689, 44.143104, 0], [9.659788, 44.143046, 0], [9.659773, 44.142965, 0], [9.659707, 44.142951, 0], [9.659664, 44.142952, 0]]}, "geometry_name": "GEOMETRY", "properties": {"ID_LINEA": "PTAMC17_350", "AMBITO": "17", "COD_UF": "28", "NOME_UF": "Cinque Terre", "COD_PAR": "2", "NOME_PAR": "Vernazza", "LIM_PAR_W": "Punta Corone", "LIM_PAR_E": "Punta Palma", "LUNGH": 3002, "TIPO_LINEA": "costa alta", "CAT_LINEA": "1757", "FASE_ITER": "approvazione", "DATA_ITER": "D.C.R. n.2 del 21/02/2023", "DATA_DIGIT": 20191025}, "bbox": [9.659459, 44.136054, 9.682289, 44.143871]}, {"type": "Feature", "id": "L7173.PTAMC17_161", "geometry": {"type": "LineString", "coordinates": [[9.681447, 44.134836, 0], [9.681325, 44.134878, 0], [9.681217, 44.134959, 0], [9.6813, 44.134992, 0], [9.681382, 44.134992, 0], [9.681449, 44.135065, 0], [9.681427, 44.135127, 0], [9.681666, 44.135209, 0], [9.681788, 44.135154, 0], [9.68188, 44.135101, 0], [9.681883, 44.135096, 0], [9.681929, 44.135031, 0], [9.682232, 44.13497, 0]]}, "geometry_name": "GEOMETRY", "properties": {"ID_LINEA": "PTAMC17_161", "AMBITO": "17", "COD_UF": "28", "NOME_UF": "Cinque Terre", "COD_PAR": "2", "NOME_PAR": "Vernazza", "LIM_PAR_W": "Punta Corone", "LIM_PAR_E": "Punta Palma", "LUNGH": 130, "TIPO_LINEA": "artificiale", "CAT_LINEA": "161", "FASE_ITER": "approvazione", "DATA_ITER": "D.C.R. n.2 del 21/02/2023", "DATA_DIGIT": 20191025}, "bbox": [9.681217, 44.134836, 9.682232, 44.135209]}, {"type": "Feature", "id": "L7173.PTAMC17_313", "geometry": {"type": "LineString", "coordinates": [[9.683484, 44.134232, 0], [9.683537, 44.134127, 0], [9.683509, 44.134102, 0], [9.683489, 44.134109, 0], [9.683455, 44.134096, 0], [9.683364, 44.134106, 0], [9.683307, 44.134128, 0], [9.683287, 44.134145, 0], [9.683295, 44.134161, 0], [9.683335, 44.134172, 0], [9.683331, 44.134205, 0], [9.683311, 44.134242, 0], [9.68329, 44.134267, 0], [9.683211, 44.134247, 0], [9.683128, 44.134221, 0], [9.682759, 44.134216, 0], [9.682627, 44.134252, 0], [9.68231, 44.134261, 0], [9.682141, 44.134258, 0], [9.681929, 44.134233, 0], [9.681781, 44.13425, 0], [9.681642, 44.134275, 0], [9.681477, 44.134314, 0], [9.681448, 44.134367, 0], [9.68157, 44.13434, 0], [9.681676, 44.134339, 0], [9.681689, 44.134368, 0], [9.681654, 44.134437, 0], [9.681628, 44.134487, 0], [9.681652, 44.134575, 0], [9.681659, 44.134637, 0], [9.68165, 44.134723, 0], [9.681592, 44.13479, 0], [9.681447, 44.134836, 0]]}, "geometry_name": "GEOMETRY", "properties": {"ID_LINEA": "PTAMC17_313", "AMBITO": "17", "COD_UF": "28", "NOME_UF": "Cinque Terre", "COD_PAR": "2", "NOME_PAR": "Vernazza", "LIM_PAR_W": "Punta Corone", "LIM_PAR_E": "Punta Palma", "LUNGH": 291, "TIPO_LINEA": "costa alta", "CAT_LINEA": "417", "FASE_ITER": "approvazione", "DATA_ITER": "D.C.R. n.2 del 21/02/2023", "DATA_DIGIT": 20191025}, "bbox": [9.681447, 44.134096, 9.683537, 44.134836]}, {"type": "Feature", "id": "L7173.PTAMC17_162", "geometry": {"type": "LineString", "coordinates": [[9.682232, 44.13497, 0], [9.682348, 44.135092, 0], [9.682505, 44.135262, 0]]}, "geometry_name": "GEOMETRY", "properties": {"ID_LINEA": "PTAMC17_162", "AMBITO": "17", "COD_UF": "28", "NOME_UF": "Cinque Terre", "COD_PAR": "2", "NOME_PAR": "Vernazza", "LIM_PAR_W": "Punta Corone", "LIM_PAR_E": "Punta Palma", "LUNGH": 39, "TIPO_LINEA": "spiaggia", "CAT_LINEA": "162", "FASE_ITER": "approvazione", "DATA_ITER": "D.C.R. n.2 del 21/02/2023", "DATA_DIGIT": 20191025}, "bbox": [9.682232, 44.13497, 9.682505, 44.135262]}, {"type": "Feature", "id": "L7173.PTAMC17_163", "geometry": {"type": "LineString", "coordinates": [[9.682505, 44.135262, 0], [9.68244, 44.135334, 0], [9.682371, 44.13543, 0], [9.682355, 44.135569, 0], [9.682379, 44.135635, 0], [9.682419, 44.135709, 0], [9.682464, 44.135742, 0], [9.682486, 44.135778, 0], [9.682447, 44.135847, 0], [9.682364, 44.135929, 0], [9.682343, 44.13599, 0], [9.682309, 44.136034, 0], [9.682289, 44.136054, 0]]}, "geometry_name": "GEOMETRY", "properties": {"ID_LINEA": "PTAMC17_163", "AMBITO": "17", "COD_UF": "28", "NOME_UF": "Cinque Terre", "COD_PAR": "2", "NOME_PAR": "Vernazza", "LIM_PAR_W": "Punta Corone", "LIM_PAR_E": "Punta Palma", "LUNGH": 98, "TIPO_LINEA": "artificiale", "CAT_LINEA": "163", "FASE_ITER": "approvazione", "DATA_ITER": "D.C.R. n.2 del 21/02/2023", "DATA_DIGIT": 20191025}, "bbox": [9.682289, 44.135262, 9.682505, 44.136054]}, {"type": "Feature", "id": "L7173.PTAMC17_314", "geometry": {"type": "LineString", "coordinates": [[9.684452, 44.133595, 0], [9.68442, 44.133652, 0], [9.684236, 44.133776, 0], [9.684118, 44.133856, 0], [9.683901, 44.134003, 0], [9.683813, 44.13408, 0], [9.683836, 44.134125, 0], [9.68386, 44.134165, 0], [9.683851, 44.134208, 0], [9.683802, 44.134254, 0], [9.68367, 44.134276, 0], [9.68357, 44.134265, 0], [9.683484, 44.134232, 0]]}, "geometry_name": "GEOMETRY", "properties": {"ID_LINEA": "PTAMC17_314", "AMBITO": "17", "COD_UF": "28", "NOME_UF": "Cinque Terre", "COD_PAR": "2", "NOME_PAR": "Vernazza", "LIM_PAR_W": "Punta Corone", "LIM_PAR_E": "Punta Palma", "LUNGH": 123, "TIPO_LINEA": "spiaggia", "CAT_LINEA": "418", "FASE_ITER": "approvazione", "DATA_ITER": "D.C.R. n.2 del 21/02/2023", "DATA_DIGIT": 20191025}, "bbox": [9.683484, 44.133595, 9.684452, 44.134276]}, {"type": "Feature", "id": "L7173.PTAMC17_160", "geometry": {"type": "LineString", "coordinates": [[9.68842, 44.131825, 0], [9.688241, 44.13174, 0], [9.688217, 44.131705, 0], [9.688141, 44.1317, 0], [9.688009, 44.131711, 0], [9.68795, 44.131732, 0], [9.6879, 44.131733, 0], [9.68783, 44.131702, 0], [9.687797, 44.131664, 0], [9.687763, 44.131641, 0], [9.687691, 44.131632, 0], [9.687463, 44.131654, 0], [9.686848, 44.131691, 0], [9.686809, 44.131734, 0], [9.686747, 44.131792, 0], [9.686684, 44.131814, 0], [9.6865, 44.13196, 0], [9.686444, 44.131972, 0], [9.686454, 44.131937, 0], [9.686467, 44.131887, 0], [9.686436, 44.131861, 0], [9.686482, 44.131815, 0], [9.686577, 44.131733, 0], [9.686521, 44.131705, 0], [9.686465, 44.131729, 0], [9.686412, 44.131739, 0], [9.686324, 44.131704, 0], [9.686159, 44.131736, 0], [9.685898, 44.131783, 0], [9.685682, 44.131939, 0], [9.685502, 44.13215, 0], [9.685462, 44.132284, 0], [9.685555, 44.132343, 0], [9.685638, 44.132393, 0], [9.685692, 44.132495, 0], [9.685723, 44.132571, 0], [9.685717, 44.132645, 0], [9.685648, 44.132707, 0], [9.685562, 44.132694, 0], [9.685363, 44.132635, 0], [9.685234, 44.132662, 0], [9.685075, 44.132745, 0], [9.684963, 44.132748, 0], [9.684785, 44.132738, 0], [9.684616, 44.132848, 0], [9.684447, 44.133035, 0], [9.684452, 44.133089, 0], [9.684488, 44.133163, 0], [9.684543, 44.133245, 0], [9.684524, 44.133333, 0], [9.684475, 44.133372, 0], [9.684446, 44.13346, 0], [9.684477, 44.133548, 0], [9.684452, 44.133595, 0]]}, "geometry_name": "GEOMETRY", "properties": {"ID_LINEA": "PTAMC17_160", "AMBITO": "17", "COD_UF": "28", "NOME_UF": "Cinque Terre", "COD_PAR": "2", "NOME_PAR": "Vernazza", "LIM_PAR_W": "Punta Corone", "LIM_PAR_E": "Punta Palma", "LUNGH": 580, "TIPO_LINEA": "costa alta", "CAT_LINEA": "160", "FASE_ITER": "approvazione", "DATA_ITER": "D.C.R. n.2 del 21/02/2023", "DATA_DIGIT": 20191025}, "bbox": [9.684446, 44.131632, 9.68842, 44.133595]}, {"type": "Feature", "id": "L7173.PTAMC17_159", "geometry": {"type": "LineString", "coordinates": [[9.690936, 44.130406, 0], [9.690742, 44.130502, 0], [9.69062, 44.130558, 0], [9.690442, 44.130609, 0], [9.69032, 44.130665, 0], [9.690185, 44.130701, 0], [9.690018, 44.130743, 0], [9.689873, 44.130817, 0], [9.68964, 44.130966, 0], [9.689394, 44.131132, 0], [9.689197, 44.131303, 0], [9.688971, 44.131459, 0], [9.688522, 44.131729, 0], [9.68842, 44.131825, 0]]}, "geometry_name": "GEOMETRY", "properties": {"ID_LINEA": "PTAMC17_159", "AMBITO": "17", "COD_UF": "28", "NOME_UF": "Cinque Terre", "COD_PAR": "2", "NOME_PAR": "Vernazza", "LIM_PAR_W": "Punta Corone", "LIM_PAR_E": "Punta Palma", "LUNGH": 259, "TIPO_LINEA": "artificiale", "CAT_LINEA": "159", "FASE_ITER": "approvazione", "DATA_ITER": "D.C.R. n.2 del 21/02/2023", "DATA_DIGIT": 20191025}, "bbox": [9.68842, 44.130406, 9.690936, 44.131825]}, {"type": "Feature", "id": "L7173.PTAMC17_374", "geometry": {"type": "LineString", "coordinates": [[9.692569, 44.127995, 0], [9.692275, 44.128089, 0], [9.692163, 44.128175, 0], [9.692118, 44.128256, 0], [9.691986, 44.128333, 0], [9.691737, 44.128492, 0], [9.691685, 44.128559, 0], [9.691673, 44.128659, 0], [9.691581, 44.128774, 0], [9.691483, 44.128851, 0], [9.691451, 44.128918, 0], [9.691359, 44.128961, 0], [9.691102, 44.129067, 0], [9.690892, 44.129202, 0], [9.690716, 44.12941, 0], [9.690749, 44.129453, 0], [9.690881, 44.129429, 0], [9.690875, 44.129476, 0], [9.69081, 44.129572, 0], [9.690804, 44.129639, 0], [9.69093, 44.1296, 0], [9.691016, 44.129652, 0], [9.691037, 44.129737, 0], [9.691011, 44.129804, 0], [9.691104, 44.129832, 0], [9.691151, 44.12987, 0], [9.691173, 44.130018, 0], [9.691147, 44.130099, 0], [9.691022, 44.130171, 0], [9.690885, 44.130281, 0], [9.690918, 44.130343, 0], [9.690936, 44.130406, 0]]}, "geometry_name": "GEOMETRY", "properties": {"ID_LINEA": "PTAMC17_374", "AMBITO": "17", "COD_UF": "28", "NOME_UF": "Cinque Terre", "COD_PAR": "2", "NOME_PAR": "Vernazza", "LIM_PAR_W": "Punta Corone", "LIM_PAR_E": "Punta Palma", "LUNGH": 386, "TIPO_LINEA": "costa alta", "CAT_LINEA": "1819", "FASE_ITER": "approvazione", "DATA_ITER": "D.C.R. n.2 del 21/02/2023", "DATA_DIGIT": 20191025}, "bbox": [9.690716, 44.127995, 9.692569, 44.130406]}, {"type": "Feature", "id": "L7173.PTAMC17_373", "geometry": {"type": "LineString", "coordinates": [[9.699796, 44.127369, 0], [9.699749, 44.127357, 0], [9.699713, 44.127343, 0], [9.699651, 44.1274, 0], [9.699578, 44.127429, 0], [9.69947, 44.127485, 0], [9.69943, 44.127507, 0], [9.699371, 44.127509, 0], [9.699357, 44.127493, 0], [9.699304, 44.127441, 0], [9.699274, 44.127446, 0], [9.699228, 44.127486, 0], [9.699152, 44.12748, 0], [9.699106, 44.127449, 0], [9.699024, 44.127526, 0], [9.698938, 44.127574, 0], [9.698831, 44.1275, 0], [9.698652, 44.127486, 0], [9.698435, 44.127592, 0], [9.698278, 44.127774, 0], [9.698147, 44.127861, 0], [9.698029, 44.127905, 0], [9.697876, 44.127877, 0], [9.697777, 44.127878, 0], [9.697663, 44.127764, 0], [9.69755, 44.127727, 0], [9.697398, 44.127727, 0], [9.69736, 44.127866, 0], [9.697308, 44.127938, 0], [9.697242, 44.127962, 0], [9.697136, 44.12792, 0], [9.696977, 44.127882, 0], [9.696831, 44.127874, 0], [9.696751, 44.127817, 0], [9.696646, 44.12787, 0], [9.696548, 44.127957, 0], [9.696461, 44.127924, 0], [9.696434, 44.127829, 0], [9.69638, 44.127757, 0], [9.696249, 44.127858, 0], [9.696097, 44.127878, 0], [9.695799, 44.127852, 0], [9.695652, 44.127767, 0], [9.695513, 44.127725, 0], [9.695335, 44.12774, 0], [9.694858, 44.127724, 0], [9.694615, 44.127749, 0], [9.694397, 44.12776, 0], [9.694232, 44.127732, 0], [9.694054, 44.127776, 0], [9.693876, 44.12783, 0], [9.693712, 44.127964, 0], [9.693554, 44.128032, 0], [9.693317, 44.128124, 0], [9.693271, 44.128205, 0], [9.69316, 44.128268, 0], [9.692988, 44.128264, 0], [9.692954, 44.128217, 0], [9.693031, 44.127997, 0], [9.693017, 44.12793, 0], [9.692918, 44.127926, 0], [9.692805, 44.127951, 0], [9.692647, 44.127971, 0], [9.692569, 44.127995, 0]]}, "geometry_name": "GEOMETRY", "properties": {"ID_LINEA": "PTAMC17_373", "AMBITO": "17", "COD_UF": "28", "NOME_UF": "Cinque Terre", "COD_PAR": "3", "NOME_PAR": "Guvano", "LIM_PAR_W": "Punta Palma", "LIM_PAR_E": "Punta del Luogo", "LUNGH": 747, "TIPO_LINEA": "costa alta", "CAT_LINEA": "1818", "FASE_ITER": "approvazione", "DATA_ITER": "D.C.R. n.2 del 21/02/2023", "DATA_DIGIT": 20191025}, "bbox": [9.692569, 44.127343, 9.699796, 44.128268]}, {"type": "Feature", "id": "L7173.PTAMC17_158", "geometry": {"type": "LineString", "coordinates": [[9.700858, 44.126625, 0], [9.700518, 44.126883, 0], [9.700226, 44.127094, 0], [9.700062, 44.127215, 0], [9.699944, 44.127289, 0], [9.699858, 44.127342, 0], [9.699796, 44.127369, 0]]}, "geometry_name": "GEOMETRY", "properties": {"ID_LINEA": "PTAMC17_158", "AMBITO": "17", "COD_UF": "28", "NOME_UF": "Cinque Terre", "COD_PAR": "3", "NOME_PAR": "Guvano", "LIM_PAR_W": "Punta Palma", "LIM_PAR_E": "Punta del Luogo", "LUNGH": 119, "TIPO_LINEA": "spiaggia", "CAT_LINEA": "158", "FASE_ITER": "approvazione", "DATA_ITER": "D.C.R. n.2 del 21/02/2023", "DATA_DIGIT": 20191025}, "bbox": [9.699796, 44.126625, 9.700858, 44.127369]}, {"type": "Feature", "id": "L7173.PTAMC17_157", "geometry": {"type": "LineString", "coordinates": [[9.702711, 44.125653, 0], [9.702552, 44.125635, 0], [9.702412, 44.125612, 0], [9.702277, 44.125661, 0], [9.702142, 44.125695, 0], [9.70205, 44.1257, 0], [9.701911, 44.125706, 0], [9.701746, 44.125748, 0], [9.701343, 44.126045, 0], [9.701242, 44.12614, 0], [9.701122, 44.126288, 0], [9.700939, 44.126532, 0], [9.700858, 44.126625, 0]]}, "geometry_name": "GEOMETRY", "properties": {"ID_LINEA": "PTAMC17_157", "AMBITO": "17", "COD_UF": "28", "NOME_UF": "Cinque Terre", "COD_PAR": "3", "NOME_PAR": "Guvano", "LIM_PAR_W": "Punta Palma", "LIM_PAR_E": "Punta del Luogo", "LUNGH": 202, "TIPO_LINEA": "artificiale", "CAT_LINEA": "157", "FASE_ITER": "approvazione", "DATA_ITER": "D.C.R. n.2 del 21/02/2023", "DATA_DIGIT": 20191025}, "bbox": [9.700858, 44.125612, 9.702711, 44.126625]}, {"type": "Feature", "id": "L7173.PTAMC17_312", "geometry": {"type": "LineString", "coordinates": [[9.703714, 44.125211, 0], [9.703514, 44.125358, 0], [9.703195, 44.125522, 0], [9.702932, 44.125616, 0], [9.702833, 44.125643, 0], [9.702711, 44.125653, 0]]}, "geometry_name": "GEOMETRY", "properties": {"ID_LINEA": "PTAMC17_312", "AMBITO": "17", "COD_UF": "28", "NOME_UF": "Cinque Terre", "COD_PAR": "3", "NOME_PAR": "Guvano", "LIM_PAR_W": "Punta Palma", "LIM_PAR_E": "Punta del Luogo", "LUNGH": 96, "TIPO_LINEA": "spiaggia", "CAT_LINEA": "416", "FASE_ITER": "approvazione", "DATA_ITER": "D.C.R. n.2 del 21/02/2023", "DATA_DIGIT": 20191025}, "bbox": [9.702711, 44.125211, 9.703714, 44.125653]}, {"type": "Feature", "id": "L7173.PTAMC17_372", "geometry": {"type": "LineString", "coordinates": [[9.70312, 44.120902, 0], [9.703109, 44.120944, 0], [9.703106, 44.120954, 0], [9.703095, 44.121149, 0], [9.703214, 44.12116, 0], [9.703373, 44.121159, 0], [9.703501, 44.121344, 0], [9.703609, 44.121544, 0], [9.703711, 44.121757, 0], [9.703746, 44.121891, 0], [9.703742, 44.122153, 0], [9.703744, 44.122348, 0], [9.703832, 44.122476, 0], [9.703926, 44.122571, 0], [9.703941, 44.122723, 0], [9.704042, 44.122904, 0], [9.70405, 44.123056, 0], [9.704086, 44.123227, 0], [9.704128, 44.123444, 0], [9.704294, 44.123557, 0], [9.704296, 44.123648, 0], [9.704297, 44.123743, 0], [9.704285, 44.123867, 0], [9.704188, 44.124053, 0], [9.704151, 44.124263, 0], [9.704047, 44.124402, 0], [9.703956, 44.124574, 0], [9.70401, 44.124674, 0], [9.703998, 44.12474, 0], [9.703833, 44.124784, 0], [9.703774, 44.12487, 0], [9.703729, 44.12499, 0], [9.703744, 44.125104, 0], [9.703714, 44.125211, 0]]}, "geometry_name": "GEOMETRY", "properties": {"ID_LINEA": "PTAMC17_372", "AMBITO": "17", "COD_UF": "28", "NOME_UF": "Cinque Terre", "COD_PAR": "3", "NOME_PAR": "Guvano", "LIM_PAR_W": "Punta Palma", "LIM_PAR_E": "Punta del Luogo", "LUNGH": 534, "TIPO_LINEA": "costa alta", "CAT_LINEA": "1817", "FASE_ITER": "approvazione", "DATA_ITER": "D.C.R. n.2 del 21/02/2023", "DATA_DIGIT": 20191025}, "bbox": [9.703095, 44.120902, 9.704297, 44.125211]}, {"type": "Feature", "id": "L7173.PTAMC17_371", "geometry": {"type": "LineString", "coordinates": [[9.71144, 44.119394, 0], [9.711262, 44.119414, 0], [9.711023, 44.119344, 0], [9.710704, 44.119232, 0], [9.710538, 44.119181, 0], [9.710498, 44.119143, 0], [9.710491, 44.119052, 0], [9.710443, 44.118976, 0], [9.710376, 44.118891, 0], [9.710256, 44.118816, 0], [9.710204, 44.118897, 0], [9.710205, 44.118954, 0], [9.710152, 44.118983, 0], [9.710093, 44.11895, 0], [9.709946, 44.118875, 0], [9.709668, 44.118853, 0], [9.709456, 44.118811, 0], [9.709171, 44.118789, 0], [9.709119, 44.118842, 0], [9.709173, 44.118946, 0], [9.709207, 44.118994, 0], [9.709102, 44.119056, 0], [9.708917, 44.119095, 0], [9.708712, 44.119092, 0], [9.708547, 44.119126, 0], [9.708461, 44.119117, 0], [9.70821, 44.119128, 0], [9.708091, 44.119153, 0], [9.707906, 44.11913, 0], [9.707726, 44.119065, 0], [9.707455, 44.119081, 0], [9.707291, 44.119129, 0], [9.707052, 44.119117, 0], [9.706973, 44.119074, 0], [9.706972, 44.119027, 0], [9.706962, 44.118996, 0], [9.706889, 44.11897, 0], [9.706823, 44.11902, 0], [9.706784, 44.119092, 0], [9.706715, 44.119111, 0], [9.706474, 44.119163, 0], [9.706369, 44.11918, 0], [9.705637, 44.119094, 0], [9.705373, 44.119125, 0], [9.705229, 44.119268, 0], [9.705204, 44.119411, 0], [9.705368, 44.119801, 0], [9.705396, 44.119982, 0], [9.705332, 44.120116, 0], [9.705149, 44.120374, 0], [9.705045, 44.120518, 0], [9.704874, 44.120585, 0], [9.70469, 44.120634, 0], [9.704518, 44.120645, 0], [9.704412, 44.120636, 0], [9.704357, 44.120489, 0], [9.704269, 44.120294, 0], [9.704189, 44.120285, 0], [9.704031, 44.120305, 0], [9.703768, 44.120454, 0], [9.70365, 44.120522, 0], [9.703598, 44.120631, 0], [9.703513, 44.120689, 0], [9.703374, 44.120695, 0], [9.703144, 44.120815, 0], [9.70312, 44.120902, 0]]}, "geometry_name": "GEOMETRY", "properties": {"ID_LINEA": "PTAMC17_371", "AMBITO": "17", "COD_UF": "28", "NOME_UF": "Cinque Terre", "COD_PAR": "4", "NOME_PAR": "Corniglia", "LIM_PAR_W": "Punta del Luogo", "LIM_PAR_E": "Punta Buonfiglio", "LUNGH": 976, "TIPO_LINEA": "costa alta", "CAT_LINEA": "1816", "FASE_ITER": "approvazione", "DATA_ITER": "D.C.R. n.2 del 21/02/2023", "DATA_DIGIT": 20191025}, "bbox": [9.70312, 44.118789, 9.71144, 44.120902]}, {"type": "Feature", "id": "L7173.PTAMC17_156", "geometry": {"type": "LineString", "coordinates": [[9.718606, 44.117465, 0], [9.718359, 44.117591, 0], [9.718012, 44.117755, 0], [9.717462, 44.117968, 0], [9.717317, 44.118003, 0], [9.717195, 44.118011, 0], [9.716917, 44.118039, 0], [9.716614, 44.118091, 0], [9.71637, 44.118137, 0], [9.715896, 44.118258, 0], [9.715661, 44.118292, 0], [9.713901, 44.118708, 0], [9.712871, 44.118988, 0], [9.712692, 44.118998, 0], [9.712346, 44.119046, 0], [9.71192, 44.119117, 0], [9.711561, 44.119215, 0], [9.71138, 44.119297, 0], [9.71144, 44.119394, 0]]}, "geometry_name": "GEOMETRY", "properties": {"ID_LINEA": "PTAMC17_156", "AMBITO": "17", "COD_UF": "28", "NOME_UF": "Cinque Terre", "COD_PAR": "4", "NOME_PAR": "Corniglia", "LIM_PAR_W": "Punta del Luogo", "LIM_PAR_E": "Punta Buonfiglio", "LUNGH": 630, "TIPO_LINEA": "artificiale", "CAT_LINEA": "156", "FASE_ITER": "approvazione", "DATA_ITER": "D.C.R. n.2 del 21/02/2023", "DATA_DIGIT": 20191025}, "bbox": [9.71138, 44.117465, 9.718606, 44.119394]}, {"type": "Feature", "id": "L7173.PTAMC17_155", "geometry": {"type": "LineString", "coordinates": [[9.72068, 44.116046, 0], [9.720506, 44.116125, 0], [9.720259, 44.116267, 0], [9.720069, 44.1164, 0], [9.719764, 44.116611, 0], [9.719376, 44.116877, 0], [9.719153, 44.117038, 0], [9.718939, 44.117165, 0], [9.718802, 44.117254, 0], [9.718693, 44.117324, 0], [9.718661, 44.117358, 0], [9.718606, 44.117465, 0]]}, "geometry_name": "GEOMETRY", "properties": {"ID_LINEA": "PTAMC17_155", "AMBITO": "17", "COD_UF": "28", "NOME_UF": "Cinque Terre", "COD_PAR": "4", "NOME_PAR": "Corniglia", "LIM_PAR_W": "Punta del Luogo", "LIM_PAR_E": "Punta Buonfiglio", "LUNGH": 231, "TIPO_LINEA": "spiaggia", "CAT_LINEA": "155", "FASE_ITER": "approvazione", "DATA_ITER": "D.C.R. n.2 del 21/02/2023", "DATA_DIGIT": 20191025}, "bbox": [9.718606, 44.116046, 9.72068, 44.117465]}, {"type": "Feature", "id": "L7173.PTAMC17_154", "geometry": {"type": "LineString", "coordinates": [[9.721391, 44.115481, 0], [9.72068, 44.116046, 0]]}, "geometry_name": "GEOMETRY", "properties": {"ID_LINEA": "PTAMC17_154", "AMBITO": "17", "COD_UF": "28", "NOME_UF": "Cinque Terre", "COD_PAR": "4", "NOME_PAR": "Corniglia", "LIM_PAR_W": "Punta del Luogo", "LIM_PAR_E": "Punta Buonfiglio", "LUNGH": 85, "TIPO_LINEA": "artificiale", "CAT_LINEA": "154", "FASE_ITER": "approvazione", "DATA_ITER": "D.C.R. n.2 del 21/02/2023", "DATA_DIGIT": 20191025}, "bbox": [9.72068, 44.115481, 9.721391, 44.116046]}, {"type": "Feature", "id": "L7173.PTAMC16_206", "geometry": {"type": "LineString", "coordinates": [[9.590214, 44.174383, 0], [9.590036, 44.174484, 0], [9.589931, 44.174556, 0], [9.589816, 44.174645, 0], [9.589667, 44.174674, 0], [9.589493, 44.174732, 0], [9.589403, 44.174752, 0], [9.5893, 44.174688, 0], [9.589221, 44.17467, 0], [9.589224, 44.174734, 0], [9.589155, 44.17477, 0], [9.588977, 44.174821, 0], [9.588641, 44.174927, 0], [9.588492, 44.174985, 0], [9.58838, 44.175019, 0], [9.588165, 44.175054, 0]]}, "geometry_name": "GEOMETRY", "properties": {"ID_LINEA": "PTAMC16_206", "AMBITO": "16", "COD_UF": "27", "NOME_UF": "Ghiararo", "COD_PAR": "1", "NOME_PAR": "Bonassola", "LIM_PAR_W": "Punta Monte Grosso", "LIM_PAR_E": "Punta Gone", "LUNGH": 195, "TIPO_LINEA": "artificiale", "CAT_LINEA": "206", "FASE_ITER": "approvazione", "DATA_ITER": "D.C.R. n.2 del 21/02/2023", "DATA_DIGIT": 20191025}, "bbox": [9.588165, 44.174383, 9.590214, 44.175054]}, {"type": "Feature", "id": "L7173.PTAMC16_356", "geometry": {"type": "LineString", "coordinates": [[9.590697, 44.172866, 0], [9.590659, 44.17288, 0], [9.590583, 44.172909, 0], [9.590538, 44.172983, 0], [9.590535, 44.173066, 0], [9.590559, 44.173145, 0], [9.590629, 44.173164, 0], [9.590646, 44.173207, 0], [9.59058, 44.173245, 0], [9.590507, 44.173267, 0], [9.590488, 44.173339, 0], [9.590538, 44.173393, 0], [9.590598, 44.173426, 0], [9.590612, 44.173469, 0], [9.590523, 44.173507, 0], [9.590484, 44.173582, 0], [9.590438, 44.173656, 0], [9.590346, 44.173704, 0], [9.590403, 44.173787, 0], [9.590455, 44.173828, 0], [9.59048, 44.173882, 0], [9.590524, 44.17396, 0], [9.590547, 44.174018, 0], [9.590469, 44.174113, 0], [9.590483, 44.174168, 0], [9.590474, 44.174236, 0], [9.590364, 44.174332, 0], [9.590287, 44.174354, 0], [9.590214, 44.174383, 0]]}, "geometry_name": "GEOMETRY", "properties": {"ID_LINEA": "PTAMC16_356", "AMBITO": "16", "COD_UF": "27", "NOME_UF": "Ghiararo", "COD_PAR": "1", "NOME_PAR": "Bonassola", "LIM_PAR_W": "Punta Monte Grosso", "LIM_PAR_E": "Punta Gone", "LUNGH": 215, "TIPO_LINEA": "costa alta", "CAT_LINEA": "1763", "FASE_ITER": "approvazione", "DATA_ITER": "D.C.R. n.2 del 21/02/2023", "DATA_DIGIT": 20191025}, "bbox": [9.590214, 44.172866, 9.590697, 44.174383]}, {"type": "Feature", "id": "L7173.PTAMC16_355", "geometry": {"type": "LineString", "coordinates": [[9.59756, 44.172806, 0], [9.597549, 44.172765, 0], [9.597526, 44.172708, 0], [9.597561, 44.172632, 0], [9.597577, 44.172579, 0], [9.597544, 44.172527, 0], [9.597527, 44.172489, 0], [9.597589, 44.172465, 0], [9.597626, 44.172458, 0], [9.597607, 44.172407, 0], [9.597547, 44.172396, 0], [9.597504, 44.172336, 0], [9.59752, 44.172296, 0], [9.597542, 44.172226, 0], [9.597502, 44.172177, 0], [9.597561, 44.172112, 0], [9.597554, 44.172072, 0], [9.597441, 44.172044, 0], [9.597335, 44.172044, 0], [9.597259, 44.172054, 0], [9.597223, 44.17209, 0], [9.597247, 44.172145, 0], [9.5973, 44.172173, 0], [9.597324, 44.172211, 0], [9.597357, 44.172244, 0], [9.597371, 44.172277, 0], [9.597338, 44.172297, 0], [9.597292, 44.172321, 0], [9.597246, 44.172354, 0], [9.597213, 44.172378, 0], [9.597123, 44.172367, 0], [9.597087, 44.172384, 0], [9.597011, 44.17237, 0], [9.596954, 44.172334, 0], [9.596921, 44.172301, 0], [9.59692, 44.17223, 0], [9.5969, 44.17218, 0], [9.596807, 44.172161, 0], [9.596771, 44.172202, 0], [9.596688, 44.172231, 0], [9.596596, 44.172217, 0], [9.596556, 44.172172, 0], [9.596529, 44.17212, 0], [9.596478, 44.172041, 0], [9.596379, 44.17202, 0], [9.596313, 44.172071, 0], [9.596304, 44.172138, 0], [9.596397, 44.172206, 0], [9.596504, 44.172275, 0], [9.5966, 44.172334, 0], [9.596673, 44.172338, 0], [9.596739, 44.172338, 0], [9.596802, 44.172364, 0], [9.596882, 44.172423, 0], [9.596946, 44.172463, 0], [9.596959, 44.172496, 0], [9.596917, 44.172575, 0], [9.596835, 44.172654, 0], [9.59679, 44.172752, 0], [9.596781, 44.172828, 0], [9.596715, 44.172936, 0], [9.596534, 44.173027, 0], [9.596492, 44.173092, 0], [9.596397, 44.173161, 0], [9.596308, 44.1732, 0], [9.596212, 44.173212, 0], [9.596103, 44.173201, 0], [9.59601, 44.17318, 0], [9.59595, 44.173209, 0], [9.595838, 44.173241, 0], [9.595733, 44.173274, 0], [9.595697, 44.173344, 0], [9.595581, 44.173344, 0], [9.595372, 44.173276, 0], [9.595266, 44.173246, 0], [9.595215, 44.173189, 0], [9.595139, 44.173142, 0], [9.595042, 44.173068, 0], [9.594976, 44.173054, 0], [9.594915, 44.172955, 0], [9.594888, 44.172893, 0], [9.594835, 44.172728, 0], [9.594735, 44.172626, 0], [9.594635, 44.172548, 0], [9.594548, 44.172503, 0], [9.594452, 44.172502, 0], [9.594379, 44.172476, 0], [9.594359, 44.172421, 0], [9.594292, 44.172383, 0], [9.594226, 44.172415, 0], [9.594114, 44.172484, 0], [9.594059, 44.172561, 0], [9.594, 44.172592, 0], [9.593901, 44.172621, 0], [9.593855, 44.172648, 0], [9.593775, 44.172667, 0], [9.593696, 44.172667, 0], [9.5936, 44.172654, 0], [9.593546, 44.172611, 0], [9.593457, 44.172597, 0], [9.593351, 44.172622, 0], [9.593275, 44.172608, 0], [9.593189, 44.172584, 0], [9.593159, 44.172546, 0], [9.593099, 44.172511, 0], [9.593029, 44.172521, 0], [9.592953, 44.172507, 0], [9.592734, 44.172458, 0], [9.592658, 44.172475, 0], [9.592605, 44.172471, 0], [9.592489, 44.172443, 0], [9.592426, 44.172419, 0], [9.592359, 44.17237, 0], [9.592289, 44.172456, 0], [9.592187, 44.172492, 0], [9.592074, 44.172514, 0], [9.591966, 44.172569, 0], [9.591837, 44.172577, 0], [9.591661, 44.172599, 0], [9.591586, 44.172624, 0], [9.591537, 44.172686, 0], [9.591521, 44.172741, 0], [9.591478, 44.172808, 0], [9.591346, 44.172858, 0], [9.59123, 44.172854, 0], [9.591121, 44.172864, 0], [9.591039, 44.172888, 0], [9.590949, 44.172877, 0], [9.590912, 44.17283, 0], [9.590793, 44.17283, 0], [9.590697, 44.172866, 0]]}, "geometry_name": "GEOMETRY", "properties": {"ID_LINEA": "PTAMC16_355", "AMBITO": "16", "COD_UF": "27", "NOME_UF": "Ghiararo", "COD_PAR": "2", "NOME_PAR": "Levanto", "LIM_PAR_W": "Punta Gone", "LIM_PAR_E": "Punta Picetto", "LUNGH": 1015, "TIPO_LINEA": "costa alta", "CAT_LINEA": "1762", "FASE_ITER": "approvazione", "DATA_ITER": "D.C.R. n.2 del 21/02/2023", "DATA_DIGIT": 20191025}, "bbox": [9.590697, 44.17202, 9.597626, 44.173344]}, {"type": "Feature", "id": "L7173.PTAMC16_315", "geometry": {"type": "LineString", "coordinates": [[9.597938, 44.172871, 0], [9.597892, 44.172906, 0], [9.597792, 44.172909, 0], [9.59767, 44.172877, 0], [9.597593, 44.172856, 0], [9.59756, 44.172806, 0]]}, "geometry_name": "GEOMETRY", "properties": {"ID_LINEA": "PTAMC16_315", "AMBITO": "16", "COD_UF": "27", "NOME_UF": "Ghiararo", "COD_PAR": "2", "NOME_PAR": "Levanto", "LIM_PAR_W": "Punta Gone", "LIM_PAR_E": "Punta Picetto", "LUNGH": 36, "TIPO_LINEA": "spiaggia", "CAT_LINEA": "419", "FASE_ITER": "approvazione", "DATA_ITER": "D.C.R. n.2 del 21/02/2023", "DATA_DIGIT": 20191025}, "bbox": [9.59756, 44.172806, 9.597938, 44.172909]}, {"type": "Feature", "id": "L7173.PTAMC16_205", "geometry": {"type": "LineString", "coordinates": [[9.598544, 44.17291, 0], [9.598415, 44.172911, 0], [9.598299, 44.172902, 0], [9.598249, 44.172871, 0], [9.598249, 44.172843, 0], [9.598284, 44.172795, 0], [9.59834, 44.172754, 0], [9.59837, 44.172709, 0], [9.598376, 44.172666, 0], [9.598303, 44.172618, 0], [9.59824, 44.172619, 0], [9.598217, 44.172647, 0], [9.598217, 44.172674, 0], [9.598214, 44.172707, 0], [9.598168, 44.172736, 0], [9.598128, 44.17275, 0], [9.598072, 44.172774, 0], [9.598053, 44.17277, 0], [9.598013, 44.172775, 0], [9.597993, 44.172806, 0], [9.597951, 44.172861, 0], [9.597938, 44.172871, 0]]}, "geometry_name": "GEOMETRY", "properties": {"ID_LINEA": "PTAMC16_205", "AMBITO": "16", "COD_UF": "27", "NOME_UF": "Ghiararo", "COD_PAR": "2", "NOME_PAR": "Levanto", "LIM_PAR_W": "Punta Gone", "LIM_PAR_E": "Punta Picetto", "LUNGH": 105, "TIPO_LINEA": "costa alta", "CAT_LINEA": "205", "FASE_ITER": "approvazione", "DATA_ITER": "D.C.R. n.2 del 21/02/2023", "DATA_DIGIT": 20191025}, "bbox": [9.597938, 44.172618, 9.598544, 44.172911]}, {"type": "Feature", "id": "L7173.PTAMC16_204", "geometry": {"type": "LineString", "coordinates": [[9.599767, 44.172806, 0], [9.599695, 44.172861, 0], [9.599613, 44.172883, 0], [9.599424, 44.172898, 0], [9.599024, 44.172903, 0], [9.598544, 44.17291, 0]]}, "geometry_name": "GEOMETRY", "properties": {"ID_LINEA": "PTAMC16_204", "AMBITO": "16", "COD_UF": "27", "NOME_UF": "Ghiararo", "COD_PAR": "2", "NOME_PAR": "Levanto", "LIM_PAR_W": "Punta Gone", "LIM_PAR_E": "Punta Picetto", "LUNGH": 101, "TIPO_LINEA": "artificiale", "CAT_LINEA": "204", "FASE_ITER": "approvazione", "DATA_ITER": "D.C.R. n.2 del 21/02/2023", "DATA_DIGIT": 20191025}, "bbox": [9.598544, 44.172806, 9.599767, 44.17291]}, {"type": "Feature", "id": "L7173.PTAMC16_203", "geometry": {"type": "LineString", "coordinates": [[9.599843, 44.172784, 0], [9.59981, 44.172722, 0], [9.5997, 44.172649, 0], [9.599627, 44.172628, 0], [9.599587, 44.172664, 0], [9.599641, 44.172711, 0], [9.599734, 44.172766, 0], [9.599767, 44.172806, 0]]}, "geometry_name": "GEOMETRY", "properties": {"ID_LINEA": "PTAMC16_203", "AMBITO": "16", "COD_UF": "27", "NOME_UF": "Ghiararo", "COD_PAR": "2", "NOME_PAR": "Levanto", "LIM_PAR_W": "Punta Gone", "LIM_PAR_E": "Punta Picetto", "LUNGH": 52, "TIPO_LINEA": "costa alta", "CAT_LINEA": "203", "FASE_ITER": "approvazione", "DATA_ITER": "D.C.R. n.2 del 21/02/2023", "DATA_DIGIT": 20191025}, "bbox": [9.599587, 44.172628, 9.599843, 44.172806]}, {"type": "Feature", "id": "L7173.PTAMC16_202", "geometry": {"type": "LineString", "coordinates": [[9.600007, 44.172651, 0], [9.599958, 44.17271, 0], [9.599909, 44.172753, 0], [9.599843, 44.172784, 0]]}, "geometry_name": "GEOMETRY", "properties": {"ID_LINEA": "PTAMC16_202", "AMBITO": "16", "COD_UF": "27", "NOME_UF": "Ghiararo", "COD_PAR": "2", "NOME_PAR": "Levanto", "LIM_PAR_W": "Punta Gone", "LIM_PAR_E": "Punta Picetto", "LUNGH": 20, "TIPO_LINEA": "spiaggia", "CAT_LINEA": "202", "FASE_ITER": "approvazione", "DATA_ITER": "D.C.R. n.2 del 21/02/2023", "DATA_DIGIT": 20191025}, "bbox": [9.599843, 44.172651, 9.600007, 44.172784]}, {"type": "Feature", "id": "L7173.PTAMC16_201", "geometry": {"type": "LineString", "coordinates": [[9.600961, 44.172778, 0], [9.600933, 44.172746, 0], [9.600898, 44.172743, 0], [9.600855, 44.172758, 0], [9.600829, 44.172756, 0], [9.60078, 44.172717, 0], [9.600737, 44.172703, 0], [9.600696, 44.17269, 0], [9.600679, 44.172645, 0], [9.600649, 44.172611, 0], [9.60062, 44.172576, 0], [9.600587, 44.172562, 0], [9.600592, 44.172538, 0], [9.600628, 44.172499, 0], [9.600631, 44.172458, 0], [9.600628, 44.17242, 0], [9.60062, 44.172384, 0], [9.600608, 44.172376, 0], [9.600567, 44.172392, 0], [9.600516, 44.172416, 0], [9.600431, 44.172408, 0], [9.600358, 44.172392, 0], [9.600318, 44.172365, 0], [9.600276, 44.172279, 0], [9.600251, 44.172241, 0], [9.600185, 44.172248, 0], [9.600091, 44.172298, 0], [9.599999, 44.172364, 0], [9.599942, 44.172427, 0], [9.599934, 44.172503, 0], [9.599953, 44.172562, 0], [9.600007, 44.172651, 0]]}, "geometry_name": "GEOMETRY", "properties": {"ID_LINEA": "PTAMC16_201", "AMBITO": "16", "COD_UF": "27", "NOME_UF": "Ghiararo", "COD_PAR": "2", "NOME_PAR": "Levanto", "LIM_PAR_W": "Punta Gone", "LIM_PAR_E": "Punta Picetto", "LUNGH": 166, "TIPO_LINEA": "costa alta", "CAT_LINEA": "201", "FASE_ITER": "approvazione", "DATA_ITER": "D.C.R. n.2 del 21/02/2023", "DATA_DIGIT": 20191025}, "bbox": [9.599934, 44.172241, 9.600961, 44.172778]}, {"type": "Feature", "id": "L7173.PTAMC16_200", "geometry": {"type": "LineString", "coordinates": [[9.601533, 44.172552, 0], [9.601567, 44.17257, 0], [9.601573, 44.172585, 0], [9.60156, 44.172605, 0], [9.601546, 44.172612, 0], [9.601537, 44.172631, 0], [9.601536, 44.172649, 0], [9.601515, 44.17267, 0], [9.601477, 44.172697, 0], [9.601393, 44.172737, 0], [9.601324, 44.172757, 0], [9.601249, 44.172769, 0], [9.601125, 44.172776, 0], [9.600961, 44.172778, 0]]}, "geometry_name": "GEOMETRY", "properties": {"ID_LINEA": "PTAMC16_200", "AMBITO": "16", "COD_UF": "27", "NOME_UF": "Ghiararo", "COD_PAR": "2", "NOME_PAR": "Levanto", "LIM_PAR_W": "Punta Gone", "LIM_PAR_E": "Punta Picetto", "LUNGH": 63, "TIPO_LINEA": "spiaggia", "CAT_LINEA": "200", "FASE_ITER": "approvazione", "DATA_ITER": "D.C.R. n.2 del 21/02/2023", "DATA_DIGIT": 20191025}, "bbox": [9.600961, 44.172552, 9.601573, 44.172778]}, {"type": "Feature", "id": "L7173.PTAMC16_199", "geometry": {"type": "LineString", "coordinates": [[9.601485, 44.172468, 0], [9.601453, 44.172478, 0], [9.601448, 44.1725, 0], [9.601479, 44.172532, 0], [9.60151, 44.172545, 0], [9.601533, 44.172552, 0]]}, "geometry_name": "GEOMETRY", "properties": {"ID_LINEA": "PTAMC16_199", "AMBITO": "16", "COD_UF": "27", "NOME_UF": "Ghiararo", "COD_PAR": "2", "NOME_PAR": "Levanto", "LIM_PAR_W": "Punta Gone", "LIM_PAR_E": "Punta Picetto", "LUNGH": 14, "TIPO_LINEA": "costa alta", "CAT_LINEA": "199", "FASE_ITER": "approvazione", "DATA_ITER": "D.C.R. n.2 del 21/02/2023", "DATA_DIGIT": 20191025}, "bbox": [9.601448, 44.172468, 9.601533, 44.172552]}, {"type": "Feature", "id": "L7173.PTAMC16_198", "geometry": {"type": "LineString", "coordinates": [[9.601589, 44.172527, 0], [9.601485, 44.172468, 0]]}, "geometry_name": "GEOMETRY", "properties": {"ID_LINEA": "PTAMC16_198", "AMBITO": "16", "COD_UF": "27", "NOME_UF": "Ghiararo", "COD_PAR": "2", "NOME_PAR": "Levanto", "LIM_PAR_W": "Punta Gone", "LIM_PAR_E": "Punta Picetto", "LUNGH": 11, "TIPO_LINEA": "artificiale", "CAT_LINEA": "198", "FASE_ITER": "approvazione", "DATA_ITER": "D.C.R. n.2 del 21/02/2023", "DATA_DIGIT": 20191025}, "bbox": [9.601485, 44.172468, 9.601589, 44.172527]}, {"type": "Feature", "id": "L7173.PTAMC16_197", "geometry": {"type": "LineString", "coordinates": [[9.603041, 44.172593, 0], [9.602836, 44.172617, 0], [9.602693, 44.172631, 0], [9.602497, 44.17264, 0], [9.602317, 44.17264, 0], [9.60218, 44.172635, 0], [9.60207, 44.172627, 0], [9.601908, 44.172611, 0], [9.60177, 44.172589, 0], [9.601646, 44.172552, 0], [9.601589, 44.172527, 0]]}, "geometry_name": "GEOMETRY", "properties": {"ID_LINEA": "PTAMC16_197", "AMBITO": "16", "COD_UF": "27", "NOME_UF": "Ghiararo", "COD_PAR": "2", "NOME_PAR": "Levanto", "LIM_PAR_W": "Punta Gone", "LIM_PAR_E": "Punta Picetto", "LUNGH": 118, "TIPO_LINEA": "spiaggia", "CAT_LINEA": "197", "FASE_ITER": "approvazione", "DATA_ITER": "D.C.R. n.2 del 21/02/2023", "DATA_DIGIT": 20191025}, "bbox": [9.601589, 44.172527, 9.603041, 44.17264]}, {"type": "Feature", "id": "L7173.PTAMC16_196", "geometry": {"type": "LineString", "coordinates": [[9.603092, 44.172572, 0], [9.603041, 44.172593, 0]]}, "geometry_name": "GEOMETRY", "properties": {"ID_LINEA": "PTAMC16_196", "AMBITO": "16", "COD_UF": "27", "NOME_UF": "Ghiararo", "COD_PAR": "2", "NOME_PAR": "Levanto", "LIM_PAR_W": "Punta Gone", "LIM_PAR_E": "Punta Picetto", "LUNGH": 5, "TIPO_LINEA": "artificiale", "CAT_LINEA": "196", "FASE_ITER": "approvazione", "DATA_ITER": "D.C.R. n.2 del 21/02/2023", "DATA_DIGIT": 20191025}, "bbox": [9.603041, 44.172572, 9.603092, 44.172593]}, {"type": "Feature", "id": "L7173.PTAMC16_195", "geometry": {"type": "LineString", "coordinates": [[9.603166, 44.17255, 0], [9.603092, 44.172572, 0]]}, "geometry_name": "GEOMETRY", "properties": {"ID_LINEA": "PTAMC16_195", "AMBITO": "16", "COD_UF": "27", "NOME_UF": "Ghiararo", "COD_PAR": "2", "NOME_PAR": "Levanto", "LIM_PAR_W": "Punta Gone", "LIM_PAR_E": "Punta Picetto", "LUNGH": 6, "TIPO_LINEA": "foce", "CAT_LINEA": "195", "FASE_ITER": "approvazione", "DATA_ITER": "D.C.R. n.2 del 21/02/2023", "DATA_DIGIT": 20191025}, "bbox": [9.603092, 44.17255, 9.603166, 44.172572]}, {"type": "Feature", "id": "L7173.PTAMC16_194", "geometry": {"type": "LineString", "coordinates": [[9.605347, 44.171691, 0], [9.605049, 44.17181, 0], [9.604182, 44.172112, 0], [9.604076, 44.172117, 0], [9.603827, 44.172083, 0], [9.603603, 44.17202, 0], [9.603609, 44.17196, 0], [9.603572, 44.171925, 0], [9.60349, 44.171932, 0], [9.603431, 44.172004, 0], [9.603445, 44.172071, 0], [9.603539, 44.172189, 0], [9.603529, 44.17222, 0], [9.603483, 44.172263, 0], [9.60348, 44.172306, 0], [9.603514, 44.172361, 0], [9.603438, 44.172404, 0], [9.603301, 44.172487, 0], [9.603166, 44.17255, 0]]}, "geometry_name": "GEOMETRY", "properties": {"ID_LINEA": "PTAMC16_194", "AMBITO": "16", "COD_UF": "27", "NOME_UF": "Ghiararo", "COD_PAR": "2", "NOME_PAR": "Levanto", "LIM_PAR_W": "Punta Gone", "LIM_PAR_E": "Punta Picetto", "LUNGH": 258, "TIPO_LINEA": "artificiale", "CAT_LINEA": "194", "FASE_ITER": "approvazione", "DATA_ITER": "D.C.R. n.2 del 21/02/2023", "DATA_DIGIT": 20191025}, "bbox": [9.603166, 44.171691, 9.605347, 44.17255]}, {"type": "Feature", "id": "L7173.PTAMC16_193", "geometry": {"type": "LineString", "coordinates": [[9.606693, 44.170895, 0], [9.606717, 44.170958, 0], [9.606718, 44.170999, 0], [9.606699, 44.171089, 0], [9.60665, 44.17118, 0], [9.60659, 44.171258, 0], [9.606473, 44.171363, 0], [9.606357, 44.171452, 0], [9.60627, 44.171517, 0], [9.606159, 44.171578, 0], [9.606099, 44.171613, 0], [9.606, 44.171654, 0], [9.605914, 44.171682, 0], [9.60581, 44.171705, 0], [9.605709, 44.171722, 0], [9.605639, 44.171729, 0], [9.605528, 44.171729, 0], [9.605442, 44.171717, 0], [9.605392, 44.171702, 0], [9.605347, 44.171691, 0]]}, "geometry_name": "GEOMETRY", "properties": {"ID_LINEA": "PTAMC16_193", "AMBITO": "16", "COD_UF": "27", "NOME_UF": "Ghiararo", "COD_PAR": "2", "NOME_PAR": "Levanto", "LIM_PAR_W": "Punta Gone", "LIM_PAR_E": "Punta Picetto", "LUNGH": 162, "TIPO_LINEA": "spiaggia", "CAT_LINEA": "193", "FASE_ITER": "approvazione", "DATA_ITER": "D.C.R. n.2 del 21/02/2023", "DATA_DIGIT": 20191025}, "bbox": [9.605347, 44.170895, 9.606718, 44.171729]}, {"type": "Feature", "id": "L7173.PTAMC16_354", "geometry": {"type": "LineString", "coordinates": [[9.606513, 44.15769, 0], [9.606486, 44.15772, 0], [9.606486, 44.157728, 0], [9.60649, 44.157844, 0], [9.606419, 44.157954, 0], [9.606122, 44.158183, 0], [9.605939, 44.15835, 0], [9.605837, 44.158413, 0], [9.605785, 44.158532, 0], [9.605858, 44.158577, 0], [9.606023, 44.158452, 0], [9.60626, 44.158332, 0], [9.606405, 44.158274, 0], [9.606477, 44.158224, 0], [9.606533, 44.158235, 0], [9.60661, 44.15828, 0], [9.606611, 44.158421, 0], [9.606566, 44.158497, 0], [9.606444, 44.158595, 0], [9.606362, 44.15861, 0], [9.606256, 44.158653, 0], [9.606201, 44.15873, 0], [9.606182, 44.158828, 0], [9.605898, 44.159118, 0], [9.605803, 44.159257, 0], [9.605819, 44.159457, 0], [9.60582, 44.159918, 0], [9.605821, 44.160051, 0], [9.605877, 44.160327, 0], [9.605862, 44.160419, 0], [9.60577, 44.160534, 0], [9.605782, 44.160686, 0], [9.60587, 44.160874, 0], [9.606026, 44.160954, 0], [9.606083, 44.161008, 0], [9.606077, 44.161073, 0], [9.606041, 44.161164, 0], [9.605963, 44.161295, 0], [9.605842, 44.161419, 0], [9.605698, 44.161561, 0], [9.605679, 44.161647, 0], [9.605623, 44.161709, 0], [9.605468, 44.161725, 0], [9.605389, 44.161758, 0], [9.605396, 44.161834, 0], [9.605443, 44.161877, 0], [9.605441, 44.162037, 0], [9.605551, 44.16212, 0], [9.605754, 44.162227, 0], [9.605927, 44.162331, 0], [9.606052, 44.162511, 0], [9.60607, 44.162656, 0], [9.606008, 44.162811, 0], [9.605996, 44.162931, 0], [9.606031, 44.163031, 0], [9.606236, 44.163068, 0], [9.606448, 44.163119, 0], [9.606644, 44.163171, 0], [9.606973, 44.163313, 0], [9.607243, 44.163502, 0], [9.607599, 44.163789, 0], [9.607843, 44.163987, 0], [9.60796, 44.164113, 0], [9.608049, 44.164382, 0], [9.608068, 44.164508, 0], [9.608101, 44.164581, 0], [9.608161, 44.164688, 0], [9.608285, 44.164685, 0], [9.608338, 44.164735, 0], [9.608394, 44.164833, 0]]}, "geometry_name": "GEOMETRY", "properties": {"ID_LINEA": "PTAMC16_354", "AMBITO": "16", "COD_UF": "27", "NOME_UF": "Ghiararo", "COD_PAR": "2", "NOME_PAR": "Levanto", "LIM_PAR_W": "Punta Gone", "LIM_PAR_E": "Punta Picetto", "LUNGH": 1106, "TIPO_LINEA": "costa alta", "CAT_LINEA": "1761", "FASE_ITER": "approvazione", "DATA_ITER": "D.C.R. n.2 del 21/02/2023", "DATA_DIGIT": 20191025}, "bbox": [9.605389, 44.15769, 9.608394, 44.164833]}, {"type": "Feature", "id": "L7173.PTAMC16_353", "geometry": {"type": "LineString", "coordinates": [[9.635702, 44.133384, 0], [9.635634, 44.133451, 0], [9.635581, 44.133501, 0], [9.635521, 44.133497, 0], [9.635515, 44.133497, 0], [9.635511, 44.133496, 0], [9.635373, 44.133481, 0], [9.635206, 44.133565, 0], [9.635084, 44.133668, 0], [9.634914, 44.133793, 0], [9.634805, 44.133841, 0], [9.634651, 44.133928, 0], [9.634578, 44.133931, 0], [9.634515, 44.133893, 0], [9.634458, 44.133834, 0], [9.634385, 44.133803, 0], [9.634279, 44.133816, 0], [9.63417, 44.133842, 0], [9.634108, 44.133912, 0], [9.633996, 44.133979, 0], [9.633443, 44.134348, 0], [9.633391, 44.134427, 0], [9.633405, 44.134496, 0], [9.633491, 44.134495, 0], [9.633576, 44.134469, 0], [9.633679, 44.134461, 0], [9.633712, 44.134504, 0], [9.63371, 44.134549, 0], [9.63371, 44.134623, 0], [9.633731, 44.13472, 0], [9.633778, 44.134761, 0], [9.633867, 44.13477, 0], [9.633907, 44.134788, 0], [9.633918, 44.134857, 0], [9.633873, 44.134989, 0], [9.633851, 44.135044, 0], [9.633792, 44.135165, 0], [9.633764, 44.135264, 0], [9.63379, 44.135307, 0], [9.633821, 44.135369, 0], [9.633723, 44.135481, 0], [9.633529, 44.135621, 0], [9.633498, 44.135764, 0], [9.633439, 44.135833, 0], [9.63335, 44.135912, 0], [9.633229, 44.135963, 0], [9.633094, 44.136035, 0], [9.632968, 44.136067, 0], [9.632853, 44.136101, 0], [9.632626, 44.136219, 0], [9.632501, 44.136277, 0], [9.632475, 44.136322, 0], [9.632429, 44.136337, 0], [9.632372, 44.136308, 0], [9.632199, 44.136145, 0], [9.632109, 44.136129, 0], [9.631922, 44.136145, 0], [9.631735, 44.13622, 0], [9.631468, 44.136324, 0], [9.631234, 44.136406, 0], [9.63103, 44.13655, 0], [9.63087, 44.136689, 0], [9.630762, 44.136783, 0], [9.630755, 44.136833, 0], [9.630785, 44.136854, 0], [9.630898, 44.136839, 0], [9.63099, 44.136813, 0], [9.631063, 44.136834, 0], [9.631014, 44.136884, 0], [9.630925, 44.136934, 0], [9.630656, 44.137096, 0], [9.630429, 44.13716, 0], [9.630377, 44.137205, 0], [9.630321, 44.137237, 0], [9.630245, 44.137235, 0], [9.630152, 44.137221, 0], [9.630014, 44.137336, 0], [9.630025, 44.13741, 0], [9.630078, 44.137472, 0], [9.630168, 44.137459, 0], [9.630332, 44.137377, 0], [9.630418, 44.137386, 0], [9.630485, 44.137431, 0], [9.630433, 44.137503, 0], [9.630361, 44.137575, 0], [9.630298, 44.137635, 0], [9.630256, 44.137692, 0], [9.630217, 44.13773, 0], [9.630104, 44.137745, 0], [9.630018, 44.137748, 0], [9.629867, 44.137835, 0], [9.629428, 44.138136, 0], [9.629382, 44.138191, 0], [9.629452, 44.138214, 0], [9.629617, 44.138194, 0], [9.629848, 44.138162, 0], [9.630033, 44.138149, 0], [9.630087, 44.138158, 0], [9.630061, 44.138211, 0], [9.62986, 44.138298, 0], [9.629708, 44.138353, 0], [9.629511, 44.138461, 0], [9.629426, 44.138543, 0], [9.629304, 44.138622, 0], [9.629004, 44.138738, 0], [9.628856, 44.138803, 0], [9.628725, 44.138878, 0], [9.628758, 44.138906, 0], [9.628782, 44.13893, 0], [9.62863, 44.139017, 0], [9.628456, 44.139075, 0], [9.628216, 44.139141, 0], [9.628139, 44.139132, 0], [9.628014, 44.139152, 0], [9.627764, 44.139282, 0], [9.627619, 44.13935, 0], [9.627576, 44.139369, 0], [9.627558, 44.13924, 0], [9.627482, 44.139238, 0], [9.62742, 44.139301, 0], [9.627381, 44.13931, 0], [9.627307, 44.139261, 0], [9.627179, 44.139342, 0], [9.62713, 44.139378, 0], [9.627117, 44.139417, 0], [9.627174, 44.139451, 0], [9.627198, 44.139479, 0], [9.627135, 44.139513, 0], [9.627106, 44.139566, 0], [9.626988, 44.139628, 0], [9.626922, 44.139693, 0], [9.626992, 44.139709, 0], [9.626992, 44.139735, 0], [9.626953, 44.139776, 0], [9.626864, 44.139848, 0], [9.626881, 44.139893, 0], [9.627001, 44.13995, 0], [9.627137, 44.139975, 0], [9.627197, 44.139975, 0], [9.6272, 44.140001, 0], [9.627191, 44.140073, 0], [9.627214, 44.140094, 0], [9.627185, 44.140149, 0], [9.627064, 44.140242, 0], [9.626965, 44.140302, 0], [9.626877, 44.140374, 0], [9.626831, 44.140437, 0], [9.626791, 44.140451, 0], [9.626652, 44.140388, 0], [9.626582, 44.140376, 0], [9.62648, 44.14045, 0], [9.626259, 44.140437, 0], [9.626193, 44.14044, 0], [9.625946, 44.140544, 0], [9.625903, 44.140596, 0], [9.625791, 44.140647, 0], [9.625675, 44.140653, 0], [9.625481, 44.140742, 0], [9.625104, 44.141002, 0], [9.624937, 44.141167, 0], [9.624928, 44.141244, 0], [9.624919, 44.141337, 0], [9.624782, 44.141447, 0], [9.624661, 44.141574, 0], [9.624398, 44.141745, 0], [9.624253, 44.141844, 0], [9.624122, 44.141944, 0], [9.623951, 44.142021, 0], [9.623835, 44.142063, 0], [9.623543, 44.142267, 0], [9.623304, 44.142366, 0], [9.623185, 44.142415, 0], [9.623083, 44.142439, 0], [9.622974, 44.142482, 0], [9.622955, 44.142518, 0], [9.622915, 44.142576, 0], [9.62281, 44.142607, 0], [9.622728, 44.142653, 0], [9.622695, 44.142663, 0], [9.622642, 44.142656, 0], [9.622624, 44.142544, 0], [9.62259, 44.142492, 0], [9.622497, 44.142456, 0], [9.622376, 44.142519, 0], [9.62226, 44.142565, 0], [9.622145, 44.142589, 0], [9.622088, 44.142525, 0], [9.62193, 44.142629, 0], [9.621937, 44.142667, 0], [9.62197, 44.142678, 0], [9.621971, 44.142717, 0], [9.621738, 44.142889, 0], [9.621719, 44.142968, 0], [9.62167, 44.143028, 0], [9.621463, 44.143193, 0], [9.621507, 44.143244, 0], [9.621441, 44.14328, 0], [9.621402, 44.143357, 0], [9.621436, 44.143428, 0], [9.62143, 44.1435, 0], [9.621374, 44.143552, 0], [9.621355, 44.143633, 0], [9.621385, 44.143671, 0], [9.621379, 44.143727, 0], [9.621374, 44.143801, 0], [9.621417, 44.14386, 0], [9.621543, 44.143871, 0], [9.621616, 44.143899, 0], [9.62168, 44.14397, 0], [9.621664, 44.144018, 0], [9.621651, 44.144052, 0], [9.621595, 44.144131, 0], [9.621625, 44.144159, 0], [9.621616, 44.144214, 0], [9.62159, 44.144264, 0], [9.621492, 44.14436, 0], [9.621407, 44.144427, 0], [9.62144, 44.144479, 0], [9.621458, 44.144544, 0], [9.62139, 44.144642, 0], [9.62118, 44.144853, 0], [9.620977, 44.145006, 0], [9.620705, 44.145197, 0], [9.620563, 44.145248, 0], [9.620508, 44.145296, 0], [9.620505, 44.145336, 0], [9.620499, 44.145386, 0], [9.620358, 44.145502, 0], [9.619884, 44.145807, 0], [9.619938, 44.14584, 0], [9.620027, 44.145873, 0], [9.620144, 44.145927, 0], [9.620194, 44.145955, 0], [9.620191, 44.146, 0], [9.620155, 44.14606, 0], [9.61983, 44.146298, 0], [9.619754, 44.146284, 0], [9.619438, 44.146478, 0], [9.619218, 44.146634, 0], [9.619274, 44.146644, 0], [9.619423, 44.146636, 0], [9.619497, 44.146679, 0], [9.61952, 44.146729, 0], [9.619474, 44.14678, 0], [9.619458, 44.146811, 0], [9.619492, 44.146834, 0], [9.619578, 44.146865, 0], [9.619585, 44.146912, 0], [9.619463, 44.14698, 0], [9.619299, 44.147071, 0], [9.619299, 44.147135, 0], [9.619333, 44.147169, 0], [9.619333, 44.147207, 0], [9.619308, 44.147302, 0], [9.619252, 44.147374, 0], [9.61921, 44.147449, 0], [9.619062, 44.147554, 0], [9.619063, 44.147645, 0], [9.61909, 44.14769, 0], [9.619104, 44.147743, 0], [9.619069, 44.147838, 0], [9.619016, 44.1479, 0], [9.618921, 44.147949, 0], [9.618812, 44.147985, 0], [9.618582, 44.148079, 0], [9.618417, 44.148151, 0], [9.618294, 44.148095, 0], [9.618134, 44.147993, 0], [9.61798, 44.147963, 0], [9.617887, 44.147978, 0], [9.61766, 44.148108, 0], [9.617523, 44.148249, 0], [9.617547, 44.148304, 0], [9.617656, 44.148356, 0], [9.617736, 44.148334, 0], [9.617811, 44.148279, 0], [9.617921, 44.148303, 0], [9.6181, 44.148388, 0], [9.61824, 44.14848, 0], [9.618297, 44.148532, 0], [9.618304, 44.148639, 0], [9.618267, 44.148835, 0], [9.618136, 44.149009, 0], [9.618088, 44.149091, 0], [9.618002, 44.149103, 0], [9.617758, 44.14918, 0], [9.617844, 44.149225, 0], [9.617956, 44.149203, 0], [9.618033, 44.149212, 0], [9.618063, 44.149253, 0], [9.61805, 44.149305, 0], [9.618051, 44.149394, 0], [9.618062, 44.149483, 0], [9.618067, 44.149623, 0], [9.618144, 44.149711, 0], [9.618177, 44.149749, 0], [9.618128, 44.149799, 0], [9.618056, 44.149878, 0], [9.617954, 44.149967, 0], [9.617856, 44.150043, 0], [9.617668, 44.150104, 0], [9.617599, 44.150145, 0], [9.617583, 44.1502, 0], [9.617607, 44.150257, 0], [9.617601, 44.15035, 0], [9.617526, 44.150446, 0], [9.617356, 44.150614, 0], [9.617175, 44.150741, 0], [9.616847, 44.151022, 0], [9.616597, 44.151192, 0], [9.616325, 44.151414, 0], [9.616139, 44.151612, 0], [9.616008, 44.151739, 0], [9.615883, 44.151828, 0], [9.615771, 44.151933, 0], [9.615678, 44.151964, 0], [9.615543, 44.151972, 0], [9.615394, 44.151987, 0], [9.615288, 44.152006, 0], [9.615157, 44.152069, 0], [9.614963, 44.152199, 0], [9.614828, 44.152314, 0], [9.614714, 44.152419, 0], [9.614551, 44.152642, 0], [9.614469, 44.152762, 0], [9.61437, 44.152829, 0], [9.614262, 44.152868, 0], [9.614057, 44.152916, 0], [9.613995, 44.152969, 0], [9.613999, 44.153031, 0], [9.614019, 44.153069, 0], [9.61398, 44.153138, 0], [9.613951, 44.153217, 0], [9.613833, 44.153323, 0], [9.613667, 44.153456, 0], [9.613632, 44.153542, 0], [9.613609, 44.153602, 0], [9.613553, 44.153626, 0], [9.61351, 44.153648, 0], [9.613471, 44.153655, 0], [9.613421, 44.153648, 0], [9.613342, 44.153634, 0], [9.613259, 44.153668, 0], [9.613187, 44.153754, 0], [9.613089, 44.153829, 0], [9.613001, 44.153931, 0], [9.612955, 44.154051, 0], [9.612885, 44.154249, 0], [9.612829, 44.154337, 0], [9.612747, 44.154381, 0], [9.612638, 44.154415, 0], [9.612559, 44.154415, 0], [9.612499, 44.154396, 0], [9.612439, 44.154347, 0], [9.612356, 44.154328, 0], [9.61229, 44.154326, 0], [9.612214, 44.154307, 0], [9.612141, 44.154339, 0], [9.611914, 44.154426, 0], [9.611723, 44.154489, 0], [9.611607, 44.154508, 0], [9.611468, 44.154511, 0], [9.611412, 44.154538, 0], [9.611263, 44.154505, 0], [9.611137, 44.154475, 0], [9.610932, 44.154486, 0], [9.610654, 44.15448, 0], [9.610508, 44.1545, 0], [9.610416, 44.154481, 0], [9.610279, 44.15442, 0], [9.610319, 44.154384, 0], [9.610411, 44.154388, 0], [9.610613, 44.154342, 0], [9.610662, 44.154313, 0], [9.610602, 44.154285, 0], [9.610443, 44.154293, 0], [9.610169, 44.154323, 0], [9.609876, 44.154429, 0], [9.609774, 44.154523, 0], [9.609821, 44.154575, 0], [9.609864, 44.154601, 0], [9.609895, 44.154675, 0], [9.609855, 44.154805, 0], [9.609789, 44.154881, 0], [9.60973, 44.15492, 0], [9.609625, 44.154968, 0], [9.609523, 44.154999, 0], [9.609333, 44.154917, 0], [9.609231, 44.15496, 0], [9.609189, 44.155018, 0], [9.609233, 44.155118, 0], [9.609356, 44.155203, 0], [9.60946, 44.155306, 0], [9.609514, 44.155386, 0], [9.609528, 44.155467, 0], [9.609502, 44.155529, 0], [9.609427, 44.155599, 0], [9.609328, 44.155657, 0], [9.60919, 44.155748, 0], [9.609154, 44.155803, 0], [9.609099, 44.155884, 0], [9.609116, 44.155958, 0], [9.609182, 44.155948, 0], [9.60924, 44.156029, 0], [9.609311, 44.156186, 0], [9.609332, 44.156319, 0], [9.6093, 44.156443, 0], [9.609175, 44.156463, 0], [9.609082, 44.156454, 0], [9.608985, 44.156381, 0], [9.608935, 44.156381, 0], [9.608853, 44.15642, 0], [9.608791, 44.156449, 0], [9.608718, 44.156427, 0], [9.608661, 44.156411, 0], [9.608525, 44.156409, 0], [9.608417, 44.156467, 0], [9.608282, 44.156575, 0], [9.608177, 44.156654, 0], [9.608096, 44.156752, 0], [9.608097, 44.156855, 0], [9.608019, 44.156987, 0], [9.607921, 44.157085, 0], [9.607865, 44.157083, 0], [9.607779, 44.157057, 0], [9.60764, 44.157086, 0], [9.607601, 44.157137, 0], [9.607645, 44.157267, 0], [9.607709, 44.157391, 0], [9.607717, 44.157467, 0], [9.607645, 44.157541, 0], [9.607569, 44.157559, 0], [9.607493, 44.157564, 0], [9.607466, 44.157547, 0], [9.607422, 44.157471, 0], [9.607421, 44.157388, 0], [9.607364, 44.157326, 0], [9.607295, 44.157381, 0], [9.607266, 44.157417, 0], [9.607226, 44.157429, 0], [9.607193, 44.157403, 0], [9.607182, 44.157294, 0], [9.607119, 44.157235, 0], [9.607036, 44.15724, 0], [9.606983, 44.157283, 0], [9.606878, 44.157376, 0], [9.60678, 44.157484, 0], [9.606711, 44.157527, 0], [9.606619, 44.157571, 0], [9.606513, 44.15769, 0]]}, "geometry_name": "GEOMETRY", "properties": {"ID_LINEA": "PTAMC16_353", "AMBITO": "16", "COD_UF": "27", "NOME_UF": "Ghiararo", "COD_PAR": "3", "NOME_PAR": "Mesco", "LIM_PAR_W": "Punta Picetto", "LIM_PAR_E": "Punta Mesco", "LUNGH": 5034, "TIPO_LINEA": "costa alta", "CAT_LINEA": "1760", "FASE_ITER": "approvazione", "DATA_ITER": "D.C.R. n.2 del 21/02/2023", "DATA_DIGIT": 20191025}, "bbox": [9.606513, 44.133384, 9.635702, 44.15769]}, {"type": "Feature", "id": "L7173.PTAMC16_192", "geometry": {"type": "LineString", "coordinates": [[9.606842, 44.170883, 0], [9.606693, 44.170895, 0]]}, "geometry_name": "GEOMETRY", "properties": {"ID_LINEA": "PTAMC16_192", "AMBITO": "16", "COD_UF": "27", "NOME_UF": "Ghiararo", "COD_PAR": "2", "NOME_PAR": "Levanto", "LIM_PAR_W": "Punta Gone", "LIM_PAR_E": "Punta Picetto", "LUNGH": 12, "TIPO_LINEA": "artificiale", "CAT_LINEA": "192", "FASE_ITER": "approvazione", "DATA_ITER": "D.C.R. n.2 del 21/02/2023", "DATA_DIGIT": 20191025}, "bbox": [9.606693, 44.170883, 9.606842, 44.170895]}, {"type": "Feature", "id": "L7173.PTAMC16_191", "geometry": {"type": "LineString", "coordinates": [[9.608765, 44.169204, 0], [9.608745, 44.169237, 0], [9.608729, 44.169276, 0], [9.608685, 44.169362, 0], [9.608636, 44.169425, 0], [9.608583, 44.16949, 0], [9.608419, 44.169651, 0], [9.608316, 44.169747, 0], [9.608163, 44.16987, 0], [9.608057, 44.169952, 0], [9.607969, 44.170005, 0], [9.607879, 44.170061, 0], [9.607797, 44.170121, 0], [9.60773, 44.170195, 0], [9.607502, 44.170409, 0], [9.607383, 44.170523, 0], [9.607284, 44.170614, 0], [9.607207, 44.170669, 0], [9.607135, 44.170718, 0], [9.607025, 44.170796, 0], [9.606975, 44.170825, 0], [9.60691, 44.170859, 0], [9.606842, 44.170883, 0]]}, "geometry_name": "GEOMETRY", "properties": {"ID_LINEA": "PTAMC16_191", "AMBITO": "16", "COD_UF": "27", "NOME_UF": "Ghiararo", "COD_PAR": "2", "NOME_PAR": "Levanto", "LIM_PAR_W": "Punta Gone", "LIM_PAR_E": "Punta Picetto", "LUNGH": 245, "TIPO_LINEA": "spiaggia", "CAT_LINEA": "191", "FASE_ITER": "approvazione", "DATA_ITER": "D.C.R. n.2 del 21/02/2023", "DATA_DIGIT": 20191025}, "bbox": [9.606842, 44.169204, 9.608765, 44.170883]}, {"type": "Feature", "id": "L7173.PTAMC16_182", "geometry": {"type": "LineString", "coordinates": [[9.608394, 44.164833, 0], [9.60844, 44.164945, 0]]}, "geometry_name": "GEOMETRY", "properties": {"ID_LINEA": "PTAMC16_182", "AMBITO": "16", "COD_UF": "27", "NOME_UF": "Ghiararo", "COD_PAR": "2", "NOME_PAR": "Levanto", "LIM_PAR_W": "Punta Gone", "LIM_PAR_E": "Punta Picetto", "LUNGH": 13, "TIPO_LINEA": "artificiale", "CAT_LINEA": "182", "FASE_ITER": "approvazione", "DATA_ITER": "D.C.R. n.2 del 21/02/2023", "DATA_DIGIT": 20191025}, "bbox": [9.608394, 44.164833, 9.60844, 44.164945]}, {"type": "Feature", "id": "L7173.PTAMC16_183", "geometry": {"type": "LineString", "coordinates": [[9.60844, 44.164945, 0], [9.60854, 44.164997, 0], [9.608699, 44.165073, 0], [9.608836, 44.165129, 0], [9.608959, 44.165197, 0], [9.609088, 44.16527, 0], [9.609185, 44.165345, 0], [9.609265, 44.165413, 0], [9.609311, 44.165464, 0], [9.609374, 44.165555, 0]]}, "geometry_name": "GEOMETRY", "properties": {"ID_LINEA": "PTAMC16_183", "AMBITO": "16", "COD_UF": "27", "NOME_UF": "Ghiararo", "COD_PAR": "2", "NOME_PAR": "Levanto", "LIM_PAR_W": "Punta Gone", "LIM_PAR_E": "Punta Picetto", "LUNGH": 103, "TIPO_LINEA": "spiaggia", "CAT_LINEA": "183", "FASE_ITER": "approvazione", "DATA_ITER": "D.C.R. n.2 del 21/02/2023", "DATA_DIGIT": 20191025}, "bbox": [9.60844, 44.164945, 9.609374, 44.165555]}, {"type": "Feature", "id": "L7173.PTAMC16_190", "geometry": {"type": "LineString", "coordinates": [[9.608832, 44.169135, 0], [9.608765, 44.169204, 0]]}, "geometry_name": "GEOMETRY", "properties": {"ID_LINEA": "PTAMC16_190", "AMBITO": "16", "COD_UF": "27", "NOME_UF": "Ghiararo", "COD_PAR": "2", "NOME_PAR": "Levanto", "LIM_PAR_W": "Punta Gone", "LIM_PAR_E": "Punta Picetto", "LUNGH": 9, "TIPO_LINEA": "artificiale", "CAT_LINEA": "190", "FASE_ITER": "approvazione", "DATA_ITER": "D.C.R. n.2 del 21/02/2023", "DATA_DIGIT": 20191025}, "bbox": [9.608765, 44.169135, 9.608832, 44.169204]}, {"type": "Feature", "id": "L7173.PTAMC16_189", "geometry": {"type": "LineString", "coordinates": [[9.609761, 44.167775, 0], [9.609706, 44.167866, 0], [9.609681, 44.16797, 0], [9.609623, 44.168144, 0], [9.609545, 44.168349, 0], [9.609432, 44.168585, 0], [9.60936, 44.168698, 0], [9.609253, 44.168827, 0], [9.609169, 44.168923, 0], [9.609077, 44.169003, 0], [9.608962, 44.169068, 0], [9.608896, 44.169105, 0], [9.608832, 44.169135, 0]]}, "geometry_name": "GEOMETRY", "properties": {"ID_LINEA": "PTAMC16_189", "AMBITO": "16", "COD_UF": "27", "NOME_UF": "Ghiararo", "COD_PAR": "2", "NOME_PAR": "Levanto", "LIM_PAR_W": "Punta Gone", "LIM_PAR_E": "Punta Picetto", "LUNGH": 173, "TIPO_LINEA": "spiaggia", "CAT_LINEA": "189", "FASE_ITER": "approvazione", "DATA_ITER": "D.C.R. n.2 del 21/02/2023", "DATA_DIGIT": 20191025}, "bbox": [9.608832, 44.167775, 9.609761, 44.169135]}, {"type": "Feature", "id": "L7173.PTAMC16_186", "geometry": {"type": "LineString", "coordinates": [[9.60891, 44.165989, 0], [9.608882, 44.166034, 0], [9.60887, 44.166102, 0], [9.60888, 44.166136, 0], [9.608966, 44.166158, 0], [9.609121, 44.166073, 0], [9.609168, 44.166045, 0], [9.609201, 44.16599, 0], [9.60927, 44.165842, 0]]}, "geometry_name": "GEOMETRY", "properties": {"ID_LINEA": "PTAMC16_186", "AMBITO": "16", "COD_UF": "27", "NOME_UF": "Ghiararo", "COD_PAR": "2", "NOME_PAR": "Levanto", "LIM_PAR_W": "Punta Gone", "LIM_PAR_E": "Punta Picetto", "LUNGH": 69, "TIPO_LINEA": "artificiale", "CAT_LINEA": "186", "FASE_ITER": "approvazione", "DATA_ITER": "D.C.R. n.2 del 21/02/2023", "DATA_DIGIT": 20191025}, "bbox": [9.60887, 44.165842, 9.60927, 44.166158]}, {"type": "Feature", "id": "L7173.PTAMC16_185", "geometry": {"type": "LineString", "coordinates": [[9.609271, 44.165677, 0], [9.609155, 44.165693, 0], [9.609084, 44.165728, 0], [9.609007, 44.165802, 0], [9.608963, 44.165857, 0], [9.60891, 44.165989, 0]]}, "geometry_name": "GEOMETRY", "properties": {"ID_LINEA": "PTAMC16_185", "AMBITO": "16", "COD_UF": "27", "NOME_UF": "Ghiararo", "COD_PAR": "2", "NOME_PAR": "Levanto", "LIM_PAR_W": "Punta Gone", "LIM_PAR_E": "Punta Picetto", "LUNGH": 49, "TIPO_LINEA": "costa alta", "CAT_LINEA": "185", "FASE_ITER": "approvazione", "DATA_ITER": "D.C.R. n.2 del 21/02/2023", "DATA_DIGIT": 20191025}, "bbox": [9.60891, 44.165677, 9.609271, 44.165989]}, {"type": "Feature", "id": "L7173.PTAMC16_187", "geometry": {"type": "LineString", "coordinates": [[9.60927, 44.165842, 0], [9.609334, 44.165857, 0], [9.60942, 44.165883, 0], [9.609488, 44.16591, 0], [9.60955, 44.165946, 0], [9.609645, 44.166006, 0], [9.609721, 44.16608, 0], [9.609786, 44.166158, 0], [9.609833, 44.166236, 0], [9.609882, 44.166333, 0], [9.609905, 44.166422, 0], [9.60991, 44.16652, 0], [9.609908, 44.166596, 0], [9.609899, 44.16665, 0], [9.60987, 44.166735, 0], [9.609841, 44.166804, 0], [9.60983, 44.166886, 0], [9.609841, 44.167, 0], [9.609847, 44.167141, 0], [9.609845, 44.167248, 0], [9.609836, 44.167367, 0], [9.609818, 44.16752, 0], [9.609806, 44.167651, 0]]}, "geometry_name": "GEOMETRY", "properties": {"ID_LINEA": "PTAMC16_187", "AMBITO": "16", "COD_UF": "27", "NOME_UF": "Ghiararo", "COD_PAR": "2", "NOME_PAR": "Levanto", "LIM_PAR_W": "Punta Gone", "LIM_PAR_E": "Punta Picetto", "LUNGH": 224, "TIPO_LINEA": "spiaggia", "CAT_LINEA": "187", "FASE_ITER": "approvazione", "DATA_ITER": "D.C.R. n.2 del 21/02/2023", "DATA_DIGIT": 20191025}, "bbox": [9.60927, 44.165842, 9.60991, 44.167651]}, {"type": "Feature", "id": "L7173.PTAMC16_184", "geometry": {"type": "LineString", "coordinates": [[9.609374, 44.165555, 0], [9.609271, 44.165677, 0]]}, "geometry_name": "GEOMETRY", "properties": {"ID_LINEA": "PTAMC16_184", "AMBITO": "16", "COD_UF": "27", "NOME_UF": "Ghiararo", "COD_PAR": "2", "NOME_PAR": "Levanto", "LIM_PAR_W": "Punta Gone", "LIM_PAR_E": "Punta Picetto", "LUNGH": 16, "TIPO_LINEA": "artificiale", "CAT_LINEA": "184", "FASE_ITER": "approvazione", "DATA_ITER": "D.C.R. n.2 del 21/02/2023", "DATA_DIGIT": 20191025}, "bbox": [9.609271, 44.165555, 9.609374, 44.165677]}, {"type": "Feature", "id": "L7173.PTAMC16_188", "geometry": {"type": "LineString", "coordinates": [[9.609806, 44.167651, 0], [9.609761, 44.167775, 0]]}, "geometry_name": "GEOMETRY", "properties": {"ID_LINEA": "PTAMC16_188", "AMBITO": "16", "COD_UF": "27", "NOME_UF": "Ghiararo", "COD_PAR": "2", "NOME_PAR": "Levanto", "LIM_PAR_W": "Punta Gone", "LIM_PAR_E": "Punta Picetto", "LUNGH": 14, "TIPO_LINEA": "foce", "CAT_LINEA": "188", "FASE_ITER": "approvazione", "DATA_ITER": "D.C.R. n.2 del 21/02/2023", "DATA_DIGIT": 20191025}, "bbox": [9.609761, 44.167651, 9.609806, 44.167775]}, {"type": "Feature", "id": "L7173.PTAMC17_352", "geometry": {"type": "LineString", "coordinates": [[9.642282, 44.142488, 0], [9.642195, 44.142426, 0], [9.64213, 44.142354, 0], [9.642046, 44.142222, 0], [9.64197, 44.142085, 0], [9.641933, 44.141998, 0], [9.641895, 44.14191, 0], [9.641807, 44.141774, 0], [9.641718, 44.141642, 0], [9.641638, 44.141522, 0], [9.641622, 44.141508, 0], [9.641575, 44.141473, 0], [9.641542, 44.141444, 0], [9.641492, 44.141393, 0], [9.641419, 44.141275, 0], [9.641382, 44.141196, 0], [9.641351, 44.141104, 0], [9.641317, 44.140983, 0], [9.641301, 44.140935, 0], [9.641263, 44.14088, 0], [9.641219, 44.140817, 0], [9.641169, 44.140753, 0], [9.641127, 44.140705, 0], [9.641101, 44.140655, 0], [9.641073, 44.140582, 0], [9.640988, 44.140489, 0], [9.640887, 44.140366, 0], [9.640813, 44.140264, 0], [9.640864, 44.14024, 0], [9.640907, 44.140208, 0], [9.640897, 44.140184, 0], [9.640862, 44.140177, 0], [9.640805, 44.140143, 0], [9.640739, 44.140102, 0], [9.640629, 44.139948, 0], [9.640581, 44.139879, 0], [9.640584, 44.139834, 0], [9.640577, 44.1398, 0], [9.640538, 44.139774, 0], [9.640493, 44.139748, 0], [9.64043, 44.139669, 0], [9.640355, 44.139569, 0], [9.640339, 44.139515, 0], [9.640279, 44.139425, 0], [9.640265, 44.139398, 0], [9.640265, 44.139367, 0], [9.640261, 44.139319, 0], [9.64022, 44.139223, 0], [9.640155, 44.139134, 0], [9.640111, 44.139078, 0], [9.640022, 44.138967, 0], [9.639985, 44.138914, 0], [9.639948, 44.138876, 0], [9.639893, 44.138817, 0], [9.639828, 44.138753, 0], [9.639793, 44.138705, 0], [9.63976, 44.138621, 0], [9.639734, 44.138568, 0], [9.639695, 44.138522, 0], [9.63967, 44.138462, 0], [9.639646, 44.138389, 0], [9.639628, 44.138269, 0], [9.639627, 44.138206, 0], [9.639635, 44.138136, 0], [9.639631, 44.138074, 0], [9.639613, 44.137919, 0], [9.639586, 44.137766, 0], [9.639521, 44.137552, 0], [9.639382, 44.13722, 0], [9.639298, 44.137065, 0], [9.63921, 44.13694, 0], [9.639163, 44.136883, 0], [9.638996, 44.136731, 0], [9.638836, 44.1366, 0], [9.638716, 44.136482, 0], [9.638358, 44.13624, 0], [9.638268, 44.13614, 0], [9.638168, 44.136036, 0], [9.638104, 44.135941, 0], [9.637954, 44.135811, 0], [9.63782, 44.135726, 0], [9.637604, 44.135627, 0], [9.637521, 44.135554, 0], [9.637467, 44.135504, 0], [9.637355, 44.135474, 0], [9.637232, 44.135443, 0], [9.637083, 44.135416, 0], [9.636802, 44.135352, 0], [9.636599, 44.13526, 0], [9.636492, 44.135156, 0], [9.636388, 44.135021, 0], [9.636327, 44.134909, 0], [9.63628, 44.134776, 0], [9.636173, 44.134726, 0], [9.636077, 44.134698, 0], [9.63605, 44.134672, 0], [9.63604, 44.13462, 0], [9.636072, 44.134503, 0], [9.636107, 44.134379, 0], [9.636147, 44.13417, 0], [9.63614, 44.134058, 0], [9.636069, 44.133933, 0], [9.635964, 44.133747, 0], [9.635884, 44.133648, 0], [9.63587, 44.133564, 0], [9.635796, 44.133479, 0], [9.635769, 44.133427, 0], [9.635702, 44.133384, 0]]}, "geometry_name": "GEOMETRY", "properties": {"ID_LINEA": "PTAMC17_352", "AMBITO": "17", "COD_UF": "28", "NOME_UF": "Cinque Terre", "COD_PAR": "1", "NOME_PAR": "Monterosso", "LIM_PAR_W": "Punta Mesco", "LIM_PAR_E": "Punta Corone", "LUNGH": 1208, "TIPO_LINEA": "costa alta", "CAT_LINEA": "1759", "FASE_ITER": "approvazione", "DATA_ITER": "D.C.R. n.2 del 21/02/2023", "DATA_DIGIT": 20191025}, "bbox": [9.635702, 44.133384, 9.642282, 44.142488]}, {"type": "Feature", "id": "L7173.PTAMC17_181", "geometry": {"type": "LineString", "coordinates": [[9.642184, 44.142879, 0], [9.642146, 44.142772, 0], [9.642136, 44.142738, 0], [9.642226, 44.14266, 0], [9.642237, 44.142626, 0], [9.642325, 44.142508, 0], [9.642282, 44.142488, 0]]}, "geometry_name": "GEOMETRY", "properties": {"ID_LINEA": "PTAMC17_181", "AMBITO": "17", "COD_UF": "28", "NOME_UF": "Cinque Terre", "COD_PAR": "1", "NOME_PAR": "Monterosso", "LIM_PAR_W": "Punta Mesco", "LIM_PAR_E": "Punta Corone", "LUNGH": 50, "TIPO_LINEA": "artificiale", "CAT_LINEA": "181", "FASE_ITER": "approvazione", "DATA_ITER": "D.C.R. n.2 del 21/02/2023", "DATA_DIGIT": 20191025}, "bbox": [9.642136, 44.142488, 9.642325, 44.142879]}, {"type": "Feature", "id": "L7173.PTAMC17_180", "geometry": {"type": "LineString", "coordinates": [[9.642772, 44.143322, 0], [9.642691, 44.14329, 0], [9.642561, 44.143221, 0], [9.642456, 44.14316, 0], [9.642363, 44.143091, 0], [9.642278, 44.143011, 0], [9.642224, 44.142945, 0], [9.642184, 44.142879, 0]]}, "geometry_name": "GEOMETRY", "properties": {"ID_LINEA": "PTAMC17_180", "AMBITO": "17", "COD_UF": "28", "NOME_UF": "Cinque Terre", "COD_PAR": "1", "NOME_PAR": "Monterosso", "LIM_PAR_W": "Punta Mesco", "LIM_PAR_E": "Punta Corone", "LUNGH": 69, "TIPO_LINEA": "spiaggia", "CAT_LINEA": "180", "FASE_ITER": "approvazione", "DATA_ITER": "D.C.R. n.2 del 21/02/2023", "DATA_DIGIT": 20191025}, "bbox": [9.642184, 44.142879, 9.642772, 44.143322]}, {"type": "Feature", "id": "L7173.PTAMC17_179", "geometry": {"type": "LineString", "coordinates": [[9.643232, 44.143866, 0], [9.643149, 44.14393, 0], [9.642981, 44.143864, 0], [9.642912, 44.143862, 0], [9.642822, 44.143791, 0], [9.642762, 44.143814, 0], [9.642693, 44.143779, 0], [9.642589, 44.143669, 0], [9.642582, 44.14362, 0], [9.642649, 44.14357, 0], [9.64269, 44.143544, 0], [9.642772, 44.143322, 0]]}, "geometry_name": "GEOMETRY", "properties": {"ID_LINEA": "PTAMC17_179", "AMBITO": "17", "COD_UF": "28", "NOME_UF": "Cinque Terre", "COD_PAR": "1", "NOME_PAR": "Monterosso", "LIM_PAR_W": "Punta Mesco", "LIM_PAR_E": "Punta Corone", "LUNGH": 111, "TIPO_LINEA": "artificiale", "CAT_LINEA": "179", "FASE_ITER": "approvazione", "DATA_ITER": "D.C.R. n.2 del 21/02/2023", "DATA_DIGIT": 20191025}, "bbox": [9.642582, 44.143322, 9.643232, 44.14393]}, {"type": "Feature", "id": "L7173.PTAMC16_236", "geometry": {"type": "LineString", "coordinates": [[9.550362, 44.205977, 0], [9.550276, 44.206018, 0], [9.550179, 44.206053, 0], [9.550121, 44.206075, 0], [9.550023, 44.206123, 0], [9.549912, 44.206221, 0], [9.549813, 44.206321, 0], [9.549692, 44.206435, 0], [9.54959, 44.206518, 0], [9.549507, 44.206573, 0], [9.549412, 44.206622, 0], [9.549281, 44.206673, 0], [9.549179, 44.206701, 0], [9.549089, 44.206725, 0], [9.54899, 44.206745, 0], [9.548896, 44.206759, 0], [9.548796, 44.206775, 0], [9.548744, 44.206788, 0], [9.548708, 44.206808, 0], [9.548622, 44.206866, 0], [9.54856, 44.206911, 0], [9.548513, 44.206962, 0], [9.548436, 44.207013, 0], [9.548362, 44.207052, 0], [9.548264, 44.207086, 0], [9.548149, 44.207119, 0], [9.548062, 44.207138, 0]]}, "geometry_name": "GEOMETRY", "properties": {"ID_LINEA": "PTAMC16_236", "AMBITO": "16", "COD_UF": "26", "NOME_UF": "Deiva", "COD_PAR": "2", "NOME_PAR": "Framura", "LIM_PAR_W": "Porticciolo", "LIM_PAR_E": "Punta Monte Grosso", "LUNGH": 231, "TIPO_LINEA": "spiaggia", "CAT_LINEA": "236", "FASE_ITER": "approvazione", "DATA_ITER": "D.C.R. n.2 del 21/02/2023", "DATA_DIGIT": 20191025}, "bbox": [9.548062, 44.205977, 9.550362, 44.207138]}, {"type": "Feature", "id": "L7173.PTAMC16_235", "geometry": {"type": "LineString", "coordinates": [[9.551027, 44.20545, 0], [9.550687, 44.205653, 0], [9.550475, 44.205788, 0], [9.55037, 44.205879, 0], [9.55035, 44.205928, 0], [9.550362, 44.205977, 0]]}, "geometry_name": "GEOMETRY", "properties": {"ID_LINEA": "PTAMC16_235", "AMBITO": "16", "COD_UF": "26", "NOME_UF": "Deiva", "COD_PAR": "2", "NOME_PAR": "Framura", "LIM_PAR_W": "Porticciolo", "LIM_PAR_E": "Punta Monte Grosso", "LUNGH": 82, "TIPO_LINEA": "costa alta", "CAT_LINEA": "235", "FASE_ITER": "approvazione", "DATA_ITER": "D.C.R. n.2 del 21/02/2023", "DATA_DIGIT": 20191025}, "bbox": [9.55035, 44.20545, 9.551027, 44.205977]}, {"type": "Feature", "id": "L7173.PTAMC16_234", "geometry": {"type": "LineString", "coordinates": [[9.551539, 44.205195, 0], [9.551481, 44.2052, 0], [9.551376, 44.205217, 0], [9.55128, 44.205249, 0], [9.55116, 44.205298, 0], [9.551105, 44.205338, 0], [9.551027, 44.20545, 0]]}, "geometry_name": "GEOMETRY", "properties": {"ID_LINEA": "PTAMC16_234", "AMBITO": "16", "COD_UF": "26", "NOME_UF": "Deiva", "COD_PAR": "2", "NOME_PAR": "Framura", "LIM_PAR_W": "Porticciolo", "LIM_PAR_E": "Punta Monte Grosso", "LUNGH": 53, "TIPO_LINEA": "spiaggia", "CAT_LINEA": "234", "FASE_ITER": "approvazione", "DATA_ITER": "D.C.R. n.2 del 21/02/2023", "DATA_DIGIT": 20191025}, "bbox": [9.551027, 44.205195, 9.551539, 44.20545]}, {"type": "Feature", "id": "L7173.PTAMC16_233", "geometry": {"type": "LineString", "coordinates": [[9.552441, 44.204614, 0], [9.552237, 44.204843, 0], [9.552149, 44.204918, 0], [9.551956, 44.20504, 0], [9.551842, 44.20508, 0], [9.551737, 44.205112, 0], [9.551616, 44.205145, 0], [9.551553, 44.205166, 0], [9.551539, 44.205195, 0]]}, "geometry_name": "GEOMETRY", "properties": {"ID_LINEA": "PTAMC16_233", "AMBITO": "16", "COD_UF": "26", "NOME_UF": "Deiva", "COD_PAR": "2", "NOME_PAR": "Framura", "LIM_PAR_W": "Porticciolo", "LIM_PAR_E": "Punta Monte Grosso", "LUNGH": 100, "TIPO_LINEA": "artificiale", "CAT_LINEA": "233", "FASE_ITER": "approvazione", "DATA_ITER": "D.C.R. n.2 del 21/02/2023", "DATA_DIGIT": 20191025}, "bbox": [9.551539, 44.204614, 9.552441, 44.205195]}, {"type": "Feature", "id": "L7173.PTAMC16_232", "geometry": {"type": "LineString", "coordinates": [[9.554788, 44.201812, 0], [9.554781, 44.201768, 0], [9.554756, 44.201752, 0], [9.554728, 44.20174, 0], [9.554702, 44.20171, 0], [9.554694, 44.20169, 0], [9.554659, 44.201673, 0], [9.554626, 44.201674, 0], [9.554606, 44.201671, 0], [9.554561, 44.201682, 0], [9.554536, 44.201692, 0], [9.554498, 44.201695, 0], [9.554461, 44.201672, 0], [9.554441, 44.201644, 0], [9.554424, 44.201612, 0], [9.554402, 44.201568, 0], [9.5544, 44.20154, 0], [9.554364, 44.201514, 0], [9.554356, 44.2015, 0], [9.554378, 44.20148, 0], [9.554462, 44.201466, 0], [9.554517, 44.201424, 0], [9.554533, 44.20139, 0], [9.554533, 44.201358, 0], [9.554485, 44.201358, 0], [9.554417, 44.201375, 0], [9.554361, 44.201378, 0], [9.554302, 44.201379, 0], [9.554268, 44.201382, 0], [9.554227, 44.201389, 0], [9.554171, 44.20142, 0], [9.554153, 44.201429, 0], [9.554111, 44.201431, 0], [9.554092, 44.201424, 0], [9.554053, 44.201436, 0], [9.554044, 44.20147, 0], [9.554062, 44.201515, 0], [9.554067, 44.201552, 0], [9.554054, 44.201704, 0], [9.554063, 44.201794, 0], [9.554018, 44.20185, 0], [9.554005, 44.201915, 0], [9.554005, 44.201963, 0], [9.553982, 44.201981, 0], [9.553938, 44.201994, 0], [9.553835, 44.202005, 0], [9.553692, 44.202024, 0], [9.553589, 44.202053, 0], [9.553504, 44.202103, 0], [9.553418, 44.20223, 0], [9.55333, 44.202372, 0], [9.553335, 44.202404, 0], [9.553366, 44.20243, 0], [9.553427, 44.20246, 0], [9.553413, 44.202496, 0], [9.553362, 44.202535, 0], [9.553318, 44.202568, 0], [9.553273, 44.202612, 0], [9.553247, 44.20263, 0], [9.553202, 44.202629, 0], [9.553117, 44.202652, 0], [9.552964, 44.202725, 0], [9.552874, 44.202871, 0], [9.552859, 44.203004, 0], [9.552834, 44.203103, 0], [9.552792, 44.203181, 0], [9.552717, 44.203254, 0], [9.552629, 44.203316, 0], [9.552587, 44.203394, 0], [9.55262, 44.203434, 0], [9.5527, 44.203514, 0], [9.552756, 44.203554, 0], [9.552812, 44.203627, 0], [9.55281, 44.203695, 0], [9.552729, 44.203884, 0], [9.552681, 44.203945, 0], [9.552629, 44.203966, 0], [9.55258, 44.203995, 0], [9.552537, 44.204047, 0], [9.552561, 44.204111, 0], [9.552558, 44.204167, 0], [9.552552, 44.204193, 0], [9.552526, 44.204241, 0], [9.552484, 44.204304, 0], [9.552475, 44.204347, 0], [9.552462, 44.204408, 0], [9.552437, 44.204486, 0], [9.552426, 44.204554, 0], [9.552441, 44.204614, 0]]}, "geometry_name": "GEOMETRY", "properties": {"ID_LINEA": "PTAMC16_232", "AMBITO": "16", "COD_UF": "26", "NOME_UF": "Deiva", "COD_PAR": "2", "NOME_PAR": "Framura", "LIM_PAR_W": "Porticciolo", "LIM_PAR_E": "Punta Monte Grosso", "LUNGH": 556, "TIPO_LINEA": "costa alta", "CAT_LINEA": "232", "FASE_ITER": "approvazione", "DATA_ITER": "D.C.R. n.2 del 21/02/2023", "DATA_DIGIT": 20191025}, "bbox": [9.552426, 44.201358, 9.554788, 44.204614]}, {"type": "Feature", "id": "L7173.PTAMC16_231", "geometry": {"type": "LineString", "coordinates": [[9.554875, 44.201805, 0], [9.554788, 44.201812, 0]]}, "geometry_name": "GEOMETRY", "properties": {"ID_LINEA": "PTAMC16_231", "AMBITO": "16", "COD_UF": "26", "NOME_UF": "Deiva", "COD_PAR": "2", "NOME_PAR": "Framura", "LIM_PAR_W": "Porticciolo", "LIM_PAR_E": "Punta Monte Grosso", "LUNGH": 7, "TIPO_LINEA": "spiaggia", "CAT_LINEA": "231", "FASE_ITER": "approvazione", "DATA_ITER": "D.C.R. n.2 del 21/02/2023", "DATA_DIGIT": 20191025}, "bbox": [9.554788, 44.201805, 9.554875, 44.201812]}, {"type": "Feature", "id": "L7173.PTAMC16_230", "geometry": {"type": "LineString", "coordinates": [[9.554985, 44.201772, 0], [9.554875, 44.201805, 0]]}, "geometry_name": "GEOMETRY", "properties": {"ID_LINEA": "PTAMC16_230", "AMBITO": "16", "COD_UF": "26", "NOME_UF": "Deiva", "COD_PAR": "2", "NOME_PAR": "Framura", "LIM_PAR_W": "Porticciolo", "LIM_PAR_E": "Punta Monte Grosso", "LUNGH": 9, "TIPO_LINEA": "costa alta", "CAT_LINEA": "230", "FASE_ITER": "approvazione", "DATA_ITER": "D.C.R. n.2 del 21/02/2023", "DATA_DIGIT": 20191025}, "bbox": [9.554875, 44.201772, 9.554985, 44.201805]}, {"type": "Feature", "id": "L7173.PTAMC16_229", "geometry": {"type": "LineString", "coordinates": [[9.555204, 44.201348, 0], [9.555019, 44.201527, 0], [9.555026, 44.201571, 0], [9.555081, 44.201637, 0], [9.555055, 44.201694, 0], [9.554985, 44.201772, 0]]}, "geometry_name": "GEOMETRY", "properties": {"ID_LINEA": "PTAMC16_229", "AMBITO": "16", "COD_UF": "26", "NOME_UF": "Deiva", "COD_PAR": "2", "NOME_PAR": "Framura", "LIM_PAR_W": "Porticciolo", "LIM_PAR_E": "Punta Monte Grosso", "LUNGH": 55, "TIPO_LINEA": "artificiale", "CAT_LINEA": "229", "FASE_ITER": "approvazione", "DATA_ITER": "D.C.R. n.2 del 21/02/2023", "DATA_DIGIT": 20191025}, "bbox": [9.554985, 44.201348, 9.555204, 44.201772]}, {"type": "Feature", "id": "L7173.PTAMC16_228", "geometry": {"type": "LineString", "coordinates": [[9.555546, 44.201164, 0], [9.555362, 44.20108, 0], [9.555211, 44.201088, 0], [9.555175, 44.201131, 0], [9.555231, 44.201152, 0], [9.555229, 44.201194, 0], [9.555199, 44.20123, 0], [9.55518, 44.201263, 0], [9.555184, 44.201305, 0], [9.555204, 44.201348, 0]]}, "geometry_name": "GEOMETRY", "properties": {"ID_LINEA": "PTAMC16_228", "AMBITO": "16", "COD_UF": "26", "NOME_UF": "Deiva", "COD_PAR": "2", "NOME_PAR": "Framura", "LIM_PAR_W": "Porticciolo", "LIM_PAR_E": "Punta Monte Grosso", "LUNGH": 63, "TIPO_LINEA": "costa alta", "CAT_LINEA": "228", "FASE_ITER": "approvazione", "DATA_ITER": "D.C.R. n.2 del 21/02/2023", "DATA_DIGIT": 20191025}, "bbox": [9.555175, 44.20108, 9.555546, 44.201348]}, {"type": "Feature", "id": "L7173.PTAMC16_222", "geometry": {"type": "LineString", "coordinates": [[9.556695, 44.19916, 0], [9.556756, 44.199063, 0], [9.556804, 44.198959, 0], [9.556804, 44.198886, 0], [9.556815, 44.198763, 0], [9.556773, 44.198744, 0], [9.556743, 44.19874, 0], [9.556736, 44.198702, 0], [9.556677, 44.198691, 0], [9.556579, 44.198696, 0], [9.556458, 44.198765, 0], [9.55639, 44.19886, 0], [9.556381, 44.198928, 0], [9.556388, 44.19898, 0], [9.556353, 44.199067, 0], [9.556245, 44.199165, 0], [9.556121, 44.199234, 0], [9.556063, 44.199317, 0], [9.556122, 44.199347, 0], [9.556119, 44.199382, 0], [9.556093, 44.19942, 0], [9.555979, 44.199444, 0], [9.555832, 44.199488, 0], [9.555753, 44.199495, 0], [9.555674, 44.199488, 0], [9.555586, 44.199477, 0], [9.555487, 44.199496, 0], [9.555429, 44.199624, 0], [9.555417, 44.199733, 0], [9.555444, 44.199815, 0], [9.555439, 44.199914, 0], [9.555548, 44.199973, 0], [9.555646, 44.200015, 0], [9.555719, 44.200062, 0], [9.555805, 44.200101, 0], [9.555965, 44.200034, 0]]}, "geometry_name": "GEOMETRY", "properties": {"ID_LINEA": "PTAMC16_222", "AMBITO": "16", "COD_UF": "26", "NOME_UF": "Deiva", "COD_PAR": "2", "NOME_PAR": "Framura", "LIM_PAR_W": "Porticciolo", "LIM_PAR_E": "Punta Monte Grosso", "LUNGH": 317, "TIPO_LINEA": "costa alta", "CAT_LINEA": "222", "FASE_ITER": "approvazione", "DATA_ITER": "D.C.R. n.2 del 21/02/2023", "DATA_DIGIT": 20191025}, "bbox": [9.555417, 44.198691, 9.556815, 44.200101]}, {"type": "Feature", "id": "L7173.PTAMC16_227", "geometry": {"type": "LineString", "coordinates": [[9.555741, 44.200939, 0], [9.555546, 44.201164, 0]]}, "geometry_name": "GEOMETRY", "properties": {"ID_LINEA": "PTAMC16_227", "AMBITO": "16", "COD_UF": "26", "NOME_UF": "Deiva", "COD_PAR": "2", "NOME_PAR": "Framura", "LIM_PAR_W": "Porticciolo", "LIM_PAR_E": "Punta Monte Grosso", "LUNGH": 29, "TIPO_LINEA": "artificiale", "CAT_LINEA": "227", "FASE_ITER": "approvazione", "DATA_ITER": "D.C.R. n.2 del 21/02/2023", "DATA_DIGIT": 20191025}, "bbox": [9.555546, 44.200939, 9.555741, 44.201164]}, {"type": "Feature", "id": "L7173.PTAMC16_226", "geometry": {"type": "LineString", "coordinates": [[9.556086, 44.200554, 0], [9.555944, 44.200504, 0], [9.555855, 44.200478, 0], [9.555764, 44.200528, 0], [9.555751, 44.200576, 0], [9.555725, 44.200592, 0], [9.555627, 44.200626, 0], [9.555555, 44.200669, 0], [9.555582, 44.20076, 0], [9.555632, 44.200829, 0], [9.555688, 44.200897, 0], [9.555741, 44.200939, 0]]}, "geometry_name": "GEOMETRY", "properties": {"ID_LINEA": "PTAMC16_226", "AMBITO": "16", "COD_UF": "26", "NOME_UF": "Deiva", "COD_PAR": "2", "NOME_PAR": "Framura", "LIM_PAR_W": "Porticciolo", "LIM_PAR_E": "Punta Monte Grosso", "LUNGH": 88, "TIPO_LINEA": "costa alta", "CAT_LINEA": "226", "FASE_ITER": "approvazione", "DATA_ITER": "D.C.R. n.2 del 21/02/2023", "DATA_DIGIT": 20191025}, "bbox": [9.555555, 44.200478, 9.556086, 44.200939]}, {"type": "Feature", "id": "L7173.PTAMC16_224", "geometry": {"type": "LineString", "coordinates": [[9.555965, 44.200034, 0], [9.556066, 44.199956, 0]]}, "geometry_name": "GEOMETRY", "properties": {"ID_LINEA": "PTAMC16_224", "AMBITO": "16", "COD_UF": "26", "NOME_UF": "Deiva", "COD_PAR": "2", "NOME_PAR": "Framura", "LIM_PAR_W": "Porticciolo", "LIM_PAR_E": "Punta Monte Grosso", "LUNGH": 12, "TIPO_LINEA": "artificiale", "CAT_LINEA": "224", "FASE_ITER": "approvazione", "DATA_ITER": "D.C.R. n.2 del 21/02/2023", "DATA_DIGIT": 20191025}, "bbox": [9.555965, 44.199956, 9.556066, 44.200034]}, {"type": "Feature", "id": "L7173.PTAMC16_223", "geometry": {"type": "LineString", "coordinates": [[9.556066, 44.199956, 0], [9.556104, 44.19989, 0], [9.556158, 44.199838, 0], [9.556222, 44.199785, 0], [9.556298, 44.199724, 0], [9.556374, 44.19964, 0], [9.556429, 44.199565, 0], [9.556478, 44.199497, 0], [9.556525, 44.199418, 0]]}, "geometry_name": "GEOMETRY", "properties": {"ID_LINEA": "PTAMC16_223", "AMBITO": "16", "COD_UF": "26", "NOME_UF": "Deiva", "COD_PAR": "2", "NOME_PAR": "Framura", "LIM_PAR_W": "Porticciolo", "LIM_PAR_E": "Punta Monte Grosso", "LUNGH": 71, "TIPO_LINEA": "costa alta", "CAT_LINEA": "223", "FASE_ITER": "approvazione", "DATA_ITER": "D.C.R. n.2 del 21/02/2023", "DATA_DIGIT": 20191025}, "bbox": [9.556066, 44.199418, 9.556525, 44.199956]}, {"type": "Feature", "id": "L7173.PTAMC16_225", "geometry": {"type": "LineString", "coordinates": [[9.556525, 44.199418, 0], [9.556808, 44.199547, 0], [9.556794, 44.199596, 0], [9.556769, 44.199698, 0], [9.556728, 44.19977, 0], [9.556666, 44.199823, 0], [9.556555, 44.199865, 0], [9.556467, 44.19991, 0], [9.556462, 44.200035, 0], [9.556437, 44.200146, 0], [9.556326, 44.200286, 0], [9.556086, 44.200554, 0]]}, "geometry_name": "GEOMETRY", "properties": {"ID_LINEA": "PTAMC16_225", "AMBITO": "16", "COD_UF": "26", "NOME_UF": "Deiva", "COD_PAR": "2", "NOME_PAR": "Framura", "LIM_PAR_W": "Porticciolo", "LIM_PAR_E": "Punta Monte Grosso", "LUNGH": 159, "TIPO_LINEA": "artificiale", "CAT_LINEA": "225", "FASE_ITER": "approvazione", "DATA_ITER": "D.C.R. n.2 del 21/02/2023", "DATA_DIGIT": 20191025}, "bbox": [9.556086, 44.199418, 9.556808, 44.200554]}, {"type": "Feature", "id": "L7173.PTAMC16_221", "geometry": {"type": "LineString", "coordinates": [[9.557156, 44.19924, 0], [9.556695, 44.19916, 0]]}, "geometry_name": "GEOMETRY", "properties": {"ID_LINEA": "PTAMC16_221", "AMBITO": "16", "COD_UF": "26", "NOME_UF": "Deiva", "COD_PAR": "2", "NOME_PAR": "Framura", "LIM_PAR_W": "Porticciolo", "LIM_PAR_E": "Punta Monte Grosso", "LUNGH": 38, "TIPO_LINEA": "artificiale", "CAT_LINEA": "221", "FASE_ITER": "approvazione", "DATA_ITER": "D.C.R. n.2 del 21/02/2023", "DATA_DIGIT": 20191025}, "bbox": [9.556695, 44.19916, 9.557156, 44.19924]}, {"type": "Feature", "id": "L7173.PTAMC16_220", "geometry": {"type": "LineString", "coordinates": [[9.560089, 44.197634, 0], [9.56, 44.197615, 0], [9.559951, 44.197573, 0], [9.559853, 44.19759, 0], [9.559706, 44.197676, 0], [9.559641, 44.197752, 0], [9.559674, 44.197841, 0], [9.559698, 44.197891, 0], [9.55965, 44.197981, 0], [9.559591, 44.198045, 0], [9.559464, 44.198104, 0], [9.559322, 44.198173, 0], [9.559217, 44.198226, 0], [9.559195, 44.198304, 0], [9.559143, 44.198379, 0], [9.559042, 44.198422, 0], [9.558895, 44.198468, 0], [9.558777, 44.198506, 0], [9.55861, 44.198569, 0], [9.558469, 44.198581, 0], [9.558349, 44.198648, 0], [9.558283, 44.198688, 0], [9.558173, 44.19875, 0], [9.558081, 44.1988, 0], [9.558055, 44.198798, 0], [9.558045, 44.198742, 0], [9.55799, 44.198747, 0], [9.557889, 44.198813, 0], [9.557826, 44.198856, 0], [9.557806, 44.198871, 0], [9.557806, 44.198892, 0], [9.557759, 44.198916, 0], [9.557643, 44.198918, 0], [9.557589, 44.198916, 0], [9.557577, 44.198944, 0], [9.557615, 44.198945, 0], [9.557665, 44.19897, 0], [9.557615, 44.198984, 0], [9.557497, 44.198974, 0], [9.557377, 44.199003, 0], [9.557289, 44.199075, 0], [9.55726, 44.1991, 0], [9.557195, 44.1992, 0], [9.557156, 44.19924, 0]]}, "geometry_name": "GEOMETRY", "properties": {"ID_LINEA": "PTAMC16_220", "AMBITO": "16", "COD_UF": "26", "NOME_UF": "Deiva", "COD_PAR": "2", "NOME_PAR": "Framura", "LIM_PAR_W": "Porticciolo", "LIM_PAR_E": "Punta Monte Grosso", "LUNGH": 355, "TIPO_LINEA": "costa alta", "CAT_LINEA": "220", "FASE_ITER": "approvazione", "DATA_ITER": "D.C.R. n.2 del 21/02/2023", "DATA_DIGIT": 20191025}, "bbox": [9.557156, 44.197573, 9.560089, 44.19924]}, {"type": "Feature", "id": "L7173.PTAMC16_317", "geometry": {"type": "LineString", "coordinates": [[9.563013, 44.195319, 0], [9.562938, 44.19523, 0], [9.562793, 44.195198, 0], [9.562623, 44.19517, 0], [9.562478, 44.195192, 0], [9.562391, 44.195263, 0], [9.562306, 44.195304, 0], [9.562243, 44.195255, 0], [9.562239, 44.195184, 0], [9.562199, 44.195132, 0], [9.562143, 44.195097, 0], [9.562113, 44.195088, 0], [9.562012, 44.195086, 0], [9.56193, 44.195086, 0], [9.561874, 44.195084, 0], [9.561818, 44.195068, 0], [9.561795, 44.195037, 0], [9.561785, 44.195014, 0], [9.561735, 44.195005, 0], [9.561706, 44.194995, 0], [9.561696, 44.194958, 0], [9.561734, 44.194915, 0], [9.561734, 44.194863, 0], [9.561727, 44.194816, 0], [9.561704, 44.194774, 0], [9.561635, 44.194765, 0], [9.561553, 44.194833, 0], [9.561521, 44.194897, 0], [9.561436, 44.194945, 0], [9.561341, 44.194962, 0], [9.5612, 44.19497, 0], [9.561105, 44.194979, 0], [9.561007, 44.195008, 0], [9.560939, 44.195027, 0], [9.560844, 44.195085, 0], [9.560863, 44.195216, 0], [9.56091, 44.195343, 0], [9.560977, 44.19548, 0], [9.561116, 44.195578, 0], [9.561208, 44.195649, 0], [9.561144, 44.195776, 0], [9.561053, 44.195899, 0], [9.560897, 44.196028, 0], [9.560799, 44.196099, 0], [9.560774, 44.196179, 0], [9.560736, 44.196274, 0], [9.560592, 44.196336, 0], [9.560487, 44.19636, 0], [9.560349, 44.196304, 0], [9.560198, 44.196305, 0], [9.5601, 44.196315, 0], [9.559975, 44.196344, 0], [9.559903, 44.196306, 0], [9.559935, 44.196207, 0], [9.560005, 44.196046, 0], [9.559939, 44.196004, 0], [9.55984, 44.195915, 0], [9.559767, 44.195849, 0], [9.559709, 44.195911, 0], [9.559559, 44.195992, 0], [9.559362, 44.196045, 0], [9.559252, 44.196135, 0], [9.5592, 44.196239, 0], [9.55924, 44.196314, 0], [9.559313, 44.196342, 0], [9.559496, 44.196313, 0], [9.559581, 44.196284, 0], [9.559706, 44.196345, 0], [9.559766, 44.196401, 0], [9.559812, 44.196467, 0], [9.559878, 44.196505, 0], [9.560016, 44.196494, 0], [9.560055, 44.196494, 0], [9.560128, 44.196546, 0], [9.560233, 44.196597, 0], [9.560116, 44.196664, 0], [9.559946, 44.196745, 0], [9.55977, 44.196859, 0], [9.559575, 44.19716, 0], [9.559576, 44.197334, 0], [9.559597, 44.197452, 0], [9.559617, 44.197499, 0], [9.559722, 44.197504, 0], [9.559873, 44.197489, 0], [9.560049, 44.197436, 0], [9.560162, 44.197419, 0]]}, "geometry_name": "GEOMETRY", "properties": {"ID_LINEA": "PTAMC16_317", "AMBITO": "16", "COD_UF": "26", "NOME_UF": "Deiva", "COD_PAR": "2", "NOME_PAR": "Framura", "LIM_PAR_W": "Porticciolo", "LIM_PAR_E": "Punta Monte Grosso", "LUNGH": 867, "TIPO_LINEA": "costa alta", "CAT_LINEA": "421", "FASE_ITER": "approvazione", "DATA_ITER": "D.C.R. n.2 del 21/02/2023", "DATA_DIGIT": 20191025}, "bbox": [9.5592, 44.194765, 9.563013, 44.197504]}, {"type": "Feature", "id": "L7173.PTAMC16_219", "geometry": {"type": "LineString", "coordinates": [[9.560162, 44.197419, 0], [9.560157, 44.197494, 0], [9.560138, 44.197553, 0], [9.560089, 44.197634, 0]]}, "geometry_name": "GEOMETRY", "properties": {"ID_LINEA": "PTAMC16_219", "AMBITO": "16", "COD_UF": "26", "NOME_UF": "Deiva", "COD_PAR": "2", "NOME_PAR": "Framura", "LIM_PAR_W": "Porticciolo", "LIM_PAR_E": "Punta Monte Grosso", "LUNGH": 25, "TIPO_LINEA": "spiaggia", "CAT_LINEA": "219", "FASE_ITER": "approvazione", "DATA_ITER": "D.C.R. n.2 del 21/02/2023", "DATA_DIGIT": 20191025}, "bbox": [9.560089, 44.197419, 9.560162, 44.197634]}, {"type": "Feature", "id": "L7173.PTAMC16_316", "geometry": {"type": "LineString", "coordinates": [[9.564026, 44.195682, 0], [9.563888, 44.19565, 0], [9.56369, 44.195538, 0], [9.563506, 44.195477, 0], [9.563322, 44.195407, 0], [9.56319, 44.195385, 0], [9.563013, 44.195319, 0]]}, "geometry_name": "GEOMETRY", "properties": {"ID_LINEA": "PTAMC16_316", "AMBITO": "16", "COD_UF": "26", "NOME_UF": "Deiva", "COD_PAR": "2", "NOME_PAR": "Framura", "LIM_PAR_W": "Porticciolo", "LIM_PAR_E": "Punta Monte Grosso", "LUNGH": 91, "TIPO_LINEA": "spiaggia", "CAT_LINEA": "420", "FASE_ITER": "approvazione", "DATA_ITER": "D.C.R. n.2 del 21/02/2023", "DATA_DIGIT": 20191025}, "bbox": [9.563013, 44.195319, 9.564026, 44.195682]}, {"type": "Feature", "id": "L7173.PTAMC16_358", "geometry": {"type": "LineString", "coordinates": [[9.56881, 44.182261, 0], [9.56878, 44.182288, 0], [9.56869, 44.182372, 0], [9.5687, 44.182419, 0], [9.568609, 44.182474, 0], [9.568478, 44.182545, 0], [9.56841, 44.182659, 0], [9.568424, 44.182737, 0], [9.568461, 44.182822, 0], [9.568452, 44.182876, 0], [9.5684, 44.182942, 0], [9.568296, 44.182997, 0], [9.568194, 44.183009, 0], [9.568063, 44.183024, 0], [9.567925, 44.18303, 0], [9.567837, 44.183004, 0], [9.567729, 44.183026, 0], [9.567549, 44.1831, 0], [9.567346, 44.183279, 0], [9.567201, 44.183471, 0], [9.567052, 44.183705, 0], [9.566881, 44.184015, 0], [9.566896, 44.184171, 0], [9.566844, 44.184271, 0], [9.566648, 44.184347, 0], [9.566607, 44.184447, 0], [9.566654, 44.184584, 0], [9.566768, 44.184829, 0], [9.566867, 44.184939, 0], [9.567017, 44.18505, 0], [9.567175, 44.185129, 0], [9.567283, 44.185171, 0], [9.56735, 44.185249, 0], [9.567334, 44.185322, 0], [9.567295, 44.185384, 0], [9.567408, 44.185525, 0], [9.567599, 44.185594, 0], [9.567885, 44.18564, 0], [9.568019, 44.185642, 0], [9.568098, 44.185668, 0], [9.568151, 44.185722, 0], [9.568139, 44.185778, 0], [9.568169, 44.185881, 0], [9.568265, 44.185909, 0], [9.568386, 44.185953, 0], [9.568439, 44.186014, 0], [9.568408, 44.186151, 0], [9.568399, 44.186234, 0], [9.568331, 44.1863, 0], [9.568203, 44.186331, 0], [9.568158, 44.186383, 0], [9.568207, 44.186419, 0], [9.568181, 44.186466, 0], [9.56806, 44.18649, 0], [9.567883, 44.186507, 0], [9.567772, 44.18653, 0], [9.567616, 44.186644, 0], [9.567548, 44.18681, 0], [9.567562, 44.186916, 0], [9.567605, 44.186989, 0], [9.567726, 44.186984, 0], [9.567818, 44.186957, 0], [9.567809, 44.187049, 0], [9.567738, 44.187139, 0], [9.56764, 44.187182, 0], [9.567502, 44.187178, 0], [9.567364, 44.187184, 0], [9.567123, 44.187329, 0], [9.567209, 44.187378, 0], [9.56735, 44.187375, 0], [9.567497, 44.187367, 0], [9.567606, 44.187386, 0], [9.567763, 44.187427, 0], [9.567839, 44.18745, 0], [9.567833, 44.187502, 0], [9.567712, 44.187536, 0], [9.567594, 44.187581, 0], [9.567631, 44.187664, 0], [9.56776, 44.187708, 0], [9.567797, 44.18782, 0], [9.567906, 44.187895, 0], [9.567965, 44.18798, 0], [9.568016, 44.188095, 0], [9.568086, 44.188189, 0], [9.568238, 44.188231, 0], [9.568574, 44.188336, 0], [9.568774, 44.188344, 0], [9.569007, 44.188301, 0], [9.569115, 44.188291, 0], [9.569214, 44.188344, 0], [9.569285, 44.188568, 0], [9.569375, 44.188794, 0], [9.569419, 44.188886, 0], [9.569046, 44.188981, 0], [9.568814, 44.1891, 0], [9.568838, 44.189215, 0], [9.569111, 44.189294, 0], [9.569312, 44.189317, 0], [9.569482, 44.189356, 0], [9.569487, 44.189469, 0], [9.569326, 44.18948, 0], [9.568948, 44.189399, 0], [9.568715, 44.189383, 0], [9.568565, 44.18942, 0], [9.56855, 44.189599, 0], [9.568584, 44.189764, 0], [9.568829, 44.189935, 0], [9.56899, 44.189965, 0], [9.569278, 44.189923, 0], [9.569485, 44.18992, 0], [9.56958, 44.190002, 0], [9.569617, 44.190087, 0], [9.569605, 44.19016, 0], [9.569317, 44.190532, 0], [9.569123, 44.1905, 0], [9.568978, 44.190487, 0], [9.568864, 44.190531, 0], [9.56877, 44.19065, 0], [9.568902, 44.190777, 0], [9.569028, 44.190861, 0], [9.569048, 44.190934, 0], [9.568971, 44.191031, 0], [9.568774, 44.19111, 0], [9.568604, 44.191165, 0], [9.5685, 44.191206, 0], [9.568442, 44.191293, 0], [9.568443, 44.191388, 0], [9.568417, 44.191457, 0], [9.568309, 44.191519, 0], [9.568211, 44.191545, 0], [9.568142, 44.19152, 0], [9.568072, 44.191433, 0], [9.568039, 44.191369, 0], [9.567993, 44.191324, 0], [9.567865, 44.191323, 0], [9.567731, 44.191352, 0], [9.56758, 44.191367, 0], [9.567459, 44.191372, 0], [9.567394, 44.191633, 0], [9.567206, 44.191893, 0], [9.567005, 44.192159, 0], [9.567058, 44.192229, 0], [9.56702, 44.192352, 0], [9.566734, 44.192613, 0], [9.566525, 44.192652, 0], [9.566454, 44.192789, 0], [9.566449, 44.192931, 0], [9.566299, 44.193083, 0], [9.566267, 44.193205, 0], [9.566399, 44.19329, 0], [9.566401, 44.193427, 0], [9.566284, 44.193536, 0], [9.566153, 44.193574, 0], [9.565963, 44.19358, 0], [9.565772, 44.193739, 0], [9.565676, 44.193952, 0], [9.565685, 44.194235, 0], [9.56572, 44.194461, 0], [9.565813, 44.194593, 0], [9.565946, 44.194705, 0], [9.56592, 44.194776, 0], [9.565796, 44.194867, 0], [9.56562, 44.194995, 0], [9.565365, 44.195076, 0], [9.564744, 44.195249, 0], [9.564561, 44.195373, 0], [9.564536, 44.195491, 0], [9.564458, 44.195577, 0], [9.564301, 44.195629, 0], [9.564105, 44.195668, 0], [9.564026, 44.195682, 0]]}, "geometry_name": "GEOMETRY", "properties": {"ID_LINEA": "PTAMC16_358", "AMBITO": "16", "COD_UF": "26", "NOME_UF": "Deiva", "COD_PAR": "2", "NOME_PAR": "Framura", "LIM_PAR_W": "Porticciolo", "LIM_PAR_E": "Punta Monte Grosso", "LUNGH": 2495, "TIPO_LINEA": "costa alta", "CAT_LINEA": "1765", "FASE_ITER": "approvazione", "DATA_ITER": "D.C.R. n.2 del 21/02/2023", "DATA_DIGIT": 20191025}, "bbox": [9.564026, 44.182261, 9.569617, 44.195682]}, {"type": "Feature", "id": "L7173.PTAMC16_357", "geometry": {"type": "LineString", "coordinates": [[9.578289, 44.182858, 0], [9.578299, 44.182801, 0], [9.578342, 44.182784, 0], [9.578356, 44.182761, 0], [9.578376, 44.182742, 0], [9.578398, 44.18271, 0], [9.578415, 44.182683, 0], [9.578426, 44.182637, 0], [9.578447, 44.182604, 0], [9.578464, 44.182571, 0], [9.578484, 44.182535, 0], [9.578487, 44.182496, 0], [9.578486, 44.182463, 0], [9.578473, 44.18243, 0], [9.578485, 44.182376, 0], [9.578508, 44.182297, 0], [9.578507, 44.182264, 0], [9.578488, 44.182195, 0], [9.578452, 44.182154, 0], [9.578421, 44.182135, 0], [9.578414, 44.182109, 0], [9.578394, 44.18209, 0], [9.578369, 44.182091, 0], [9.578348, 44.1821, 0], [9.57833, 44.182105, 0], [9.578304, 44.182099, 0], [9.578296, 44.182079, 0], [9.578294, 44.182056, 0], [9.578315, 44.182039, 0], [9.578379, 44.182016, 0], [9.578427, 44.181979, 0], [9.578435, 44.181958, 0], [9.578425, 44.181931, 0], [9.578414, 44.181908, 0], [9.578413, 44.181886, 0], [9.578405, 44.181854, 0], [9.57839, 44.181828, 0], [9.57836, 44.181806, 0], [9.578316, 44.181805, 0], [9.578281, 44.181806, 0], [9.578267, 44.181829, 0], [9.578261, 44.181858, 0], [9.578272, 44.181884, 0], [9.578254, 44.181902, 0], [9.578245, 44.181923, 0], [9.578227, 44.181941, 0], [9.578214, 44.181915, 0], [9.578215, 44.181861, 0], [9.5782, 44.181828, 0], [9.578154, 44.181807, 0], [9.57802, 44.181776, 0], [9.578015, 44.181758, 0], [9.577987, 44.181739, 0], [9.577938, 44.18173, 0], [9.5779, 44.181729, 0], [9.577859, 44.181718, 0], [9.577821, 44.181703, 0], [9.577817, 44.181681, 0], [9.577774, 44.181654, 0], [9.577747, 44.181655, 0], [9.577719, 44.181676, 0], [9.577693, 44.18169, 0], [9.57765, 44.18169, 0], [9.577624, 44.181676, 0], [9.577602, 44.181655, 0], [9.577576, 44.181637, 0], [9.577523, 44.181625, 0], [9.577487, 44.181609, 0], [9.577448, 44.181599, 0], [9.577421, 44.181593, 0], [9.577393, 44.18158, 0], [9.577388, 44.181571, 0], [9.577372, 44.181541, 0], [9.577338, 44.181519, 0], [9.577294, 44.181514, 0], [9.577253, 44.181518, 0], [9.577228, 44.181536, 0], [9.57721, 44.181549, 0], [9.577182, 44.181553, 0], [9.577145, 44.18155, 0], [9.577115, 44.181541, 0], [9.577102, 44.181525, 0], [9.57713, 44.18151, 0], [9.577131, 44.181489, 0], [9.577096, 44.181465, 0], [9.577045, 44.181458, 0], [9.576996, 44.181441, 0], [9.57695, 44.181411, 0], [9.576901, 44.181397, 0], [9.576835, 44.18136, 0], [9.576772, 44.181325, 0], [9.576716, 44.181306, 0], [9.576653, 44.181285, 0], [9.57663, 44.181257, 0], [9.576643, 44.181224, 0], [9.576607, 44.181177, 0], [9.576547, 44.181146, 0], [9.576481, 44.181114, 0], [9.576402, 44.181102, 0], [9.576327, 44.181096, 0], [9.576304, 44.181089, 0], [9.576291, 44.181053, 0], [9.576297, 44.181015, 0], [9.576247, 44.180992, 0], [9.576168, 44.180962, 0], [9.576086, 44.18091, 0], [9.576046, 44.180894, 0], [9.575961, 44.180902, 0], [9.575886, 44.180895, 0], [9.575827, 44.180898, 0], [9.575735, 44.180943, 0], [9.575631, 44.180983, 0], [9.575519, 44.181001, 0], [9.575457, 44.180949, 0], [9.575394, 44.180904, 0], [9.575335, 44.180876, 0], [9.575272, 44.18087, 0], [9.575314, 44.180792, 0], [9.575268, 44.18073, 0], [9.57507, 44.180668, 0], [9.574984, 44.180619, 0], [9.574869, 44.180563, 0], [9.574728, 44.180551, 0], [9.574508, 44.180531, 0], [9.574576, 44.180432, 0], [9.574606, 44.180308, 0], [9.574533, 44.180252, 0], [9.574392, 44.180252, 0], [9.574314, 44.180286, 0], [9.574284, 44.180276, 0], [9.574323, 44.18021, 0], [9.574247, 44.18018, 0], [9.573739, 44.180204, 0], [9.573654, 44.180204, 0], [9.573575, 44.180209, 0], [9.573566, 44.18024, 0], [9.573619, 44.180296, 0], [9.573823, 44.180406, 0], [9.573975, 44.180507, 0], [9.574045, 44.180617, 0], [9.573999, 44.180646, 0], [9.573898, 44.180679, 0], [9.573869, 44.180746, 0], [9.573886, 44.180842, 0], [9.573861, 44.180873, 0], [9.573789, 44.180892, 0], [9.573739, 44.180893, 0], [9.57367, 44.180843, 0], [9.573633, 44.18077, 0], [9.573508, 44.180703, 0], [9.57334, 44.1806, 0], [9.573215, 44.180534, 0], [9.573129, 44.180511, 0], [9.573097, 44.18058, 0], [9.573101, 44.180681, 0], [9.573029, 44.180796, 0], [9.573014, 44.180916, 0], [9.573021, 44.180973, 0], [9.572976, 44.18103, 0], [9.57291, 44.181051, 0], [9.572802, 44.181052, 0], [9.57273, 44.181015, 0], [9.57267, 44.180956, 0], [9.572624, 44.180932, 0], [9.57247, 44.180921, 0], [9.572451, 44.180969, 0], [9.572264, 44.18097, 0], [9.572214, 44.180949, 0], [9.571981, 44.180924, 0], [9.571797, 44.180904, 0], [9.571709, 44.180928, 0], [9.571572, 44.180987, 0], [9.571504, 44.181066, 0], [9.571438, 44.18117, 0], [9.571363, 44.181244, 0], [9.571184, 44.181363, 0], [9.570851, 44.181551, 0], [9.570678, 44.181646, 0], [9.570564, 44.181665, 0], [9.570406, 44.181685, 0], [9.570253, 44.181754, 0], [9.570115, 44.18176, 0], [9.569958, 44.181777, 0], [9.569847, 44.181822, 0], [9.569739, 44.181908, 0], [9.569612, 44.181982, 0], [9.569429, 44.182056, 0], [9.569092, 44.182135, 0], [9.568927, 44.182189, 0], [9.56881, 44.182261, 0]]}, "geometry_name": "GEOMETRY", "properties": {"ID_LINEA": "PTAMC16_357", "AMBITO": "16", "COD_UF": "27", "NOME_UF": "Ghiararo", "COD_PAR": "1", "NOME_PAR": "Bonassola", "LIM_PAR_W": "Punta Monte Grosso", "LIM_PAR_E": "Punta Gone", "LUNGH": 1317, "TIPO_LINEA": "costa alta", "CAT_LINEA": "1764", "FASE_ITER": "approvazione", "DATA_ITER": "D.C.R. n.2 del 21/02/2023", "DATA_DIGIT": 20191025}, "bbox": [9.56881, 44.18018, 9.578508, 44.182858]}, {"type": "Feature", "id": "L7173.PTAMC16_218", "geometry": {"type": "LineString", "coordinates": [[9.578447, 44.182974, 0], [9.578425, 44.182954, 0], [9.578396, 44.182927, 0], [9.578367, 44.182905, 0], [9.578344, 44.182888, 0], [9.578289, 44.182858, 0]]}, "geometry_name": "GEOMETRY", "properties": {"ID_LINEA": "PTAMC16_218", "AMBITO": "16", "COD_UF": "27", "NOME_UF": "Ghiararo", "COD_PAR": "1", "NOME_PAR": "Bonassola", "LIM_PAR_W": "Punta Monte Grosso", "LIM_PAR_E": "Punta Gone", "LUNGH": 18, "TIPO_LINEA": "spiaggia", "CAT_LINEA": "218", "FASE_ITER": "approvazione", "DATA_ITER": "D.C.R. n.2 del 21/02/2023", "DATA_DIGIT": 20191025}, "bbox": [9.578289, 44.182858, 9.578447, 44.182974]}, {"type": "Feature", "id": "L7173.PTAMC16_217", "geometry": {"type": "LineString", "coordinates": [[9.579554, 44.183189, 0], [9.579527, 44.183171, 0], [9.579525, 44.183157, 0], [9.57953, 44.183137, 0], [9.579528, 44.183121, 0], [9.579509, 44.183093, 0], [9.579488, 44.183067, 0], [9.579462, 44.183067, 0], [9.57943, 44.183065, 0], [9.579396, 44.183055, 0], [9.579366, 44.183044, 0], [9.579352, 44.183034, 0], [9.57935, 44.183012, 0], [9.57935, 44.18299, 0], [9.57932, 44.182963, 0], [9.579264, 44.182957, 0], [9.579202, 44.182955, 0], [9.579137, 44.182957, 0], [9.579094, 44.182965, 0], [9.579065, 44.18299, 0], [9.579047, 44.183026, 0], [9.579028, 44.183048, 0], [9.579008, 44.183067, 0], [9.578985, 44.183086, 0], [9.578966, 44.18309, 0], [9.578952, 44.183086, 0], [9.578941, 44.183061, 0], [9.57894, 44.183032, 0], [9.578925, 44.183009, 0], [9.578874, 44.182985, 0], [9.578832, 44.182978, 0], [9.578792, 44.182987, 0], [9.578726, 44.183026, 0], [9.578674, 44.183046, 0], [9.578644, 44.18305, 0], [9.578599, 44.183028, 0], [9.578565, 44.183009, 0], [9.57855, 44.182994, 0], [9.578531, 44.182985, 0], [9.578504, 44.182978, 0], [9.578476, 44.182975, 0], [9.578447, 44.182974, 0]]}, "geometry_name": "GEOMETRY", "properties": {"ID_LINEA": "PTAMC16_217", "AMBITO": "16", "COD_UF": "27", "NOME_UF": "Ghiararo", "COD_PAR": "1", "NOME_PAR": "Bonassola", "LIM_PAR_W": "Punta Monte Grosso", "LIM_PAR_E": "Punta Gone", "LUNGH": 126, "TIPO_LINEA": "costa alta", "CAT_LINEA": "217", "FASE_ITER": "approvazione", "DATA_ITER": "D.C.R. n.2 del 21/02/2023", "DATA_DIGIT": 20191025}, "bbox": [9.578447, 44.182955, 9.579554, 44.183189]}, {"type": "Feature", "id": "L7173.PTAMC16_216", "geometry": {"type": "LineString", "coordinates": [[9.579742, 44.183185, 0], [9.579721, 44.183197, 0], [9.579693, 44.183204, 0], [9.579661, 44.183208, 0], [9.579638, 44.183206, 0], [9.579614, 44.183203, 0], [9.579593, 44.183199, 0], [9.579554, 44.183189, 0]]}, "geometry_name": "GEOMETRY", "properties": {"ID_LINEA": "PTAMC16_216", "AMBITO": "16", "COD_UF": "27", "NOME_UF": "Ghiararo", "COD_PAR": "1", "NOME_PAR": "Bonassola", "LIM_PAR_W": "Punta Monte Grosso", "LIM_PAR_E": "Punta Gone", "LUNGH": 16, "TIPO_LINEA": "spiaggia", "CAT_LINEA": "216", "FASE_ITER": "approvazione", "DATA_ITER": "D.C.R. n.2 del 21/02/2023", "DATA_DIGIT": 20191025}, "bbox": [9.579554, 44.183185, 9.579742, 44.183208]}, {"type": "Feature", "id": "L7173.PTAMC16_215", "geometry": {"type": "LineString", "coordinates": [[9.579867, 44.18318, 0], [9.579896, 44.18316, 0], [9.579899, 44.183143, 0], [9.579864, 44.18312, 0], [9.579805, 44.183091, 0], [9.579749, 44.183071, 0], [9.579715, 44.183069, 0], [9.579708, 44.183081, 0], [9.579742, 44.183185, 0]]}, "geometry_name": "GEOMETRY", "properties": {"ID_LINEA": "PTAMC16_215", "AMBITO": "16", "COD_UF": "27", "NOME_UF": "Ghiararo", "COD_PAR": "1", "NOME_PAR": "Bonassola", "LIM_PAR_W": "Punta Monte Grosso", "LIM_PAR_E": "Punta Gone", "LUNGH": 36, "TIPO_LINEA": "costa alta", "CAT_LINEA": "215", "FASE_ITER": "approvazione", "DATA_ITER": "D.C.R. n.2 del 21/02/2023", "DATA_DIGIT": 20191025}, "bbox": [9.579708, 44.183069, 9.579899, 44.183185]}, {"type": "Feature", "id": "L7173.PTAMC16_214", "geometry": {"type": "LineString", "coordinates": [[9.583822, 44.18153, 0], [9.583526, 44.181659, 0], [9.583076, 44.181855, 0], [9.582599, 44.182082, 0], [9.582435, 44.182168, 0], [9.582197, 44.182294, 0], [9.581779, 44.182516, 0], [9.581544, 44.182638, 0], [9.581274, 44.182769, 0], [9.581058, 44.182867, 0], [9.580794, 44.182964, 0], [9.580208, 44.18316, 0], [9.580149, 44.18318, 0], [9.580076, 44.183201, 0], [9.580019, 44.183212, 0], [9.579978, 44.183215, 0], [9.57996, 44.183214, 0], [9.579927, 44.183209, 0], [9.579909, 44.183204, 0], [9.579893, 44.183196, 0], [9.579867, 44.18318, 0]]}, "geometry_name": "GEOMETRY", "properties": {"ID_LINEA": "PTAMC16_214", "AMBITO": "16", "COD_UF": "27", "NOME_UF": "Ghiararo", "COD_PAR": "1", "NOME_PAR": "Bonassola", "LIM_PAR_W": "Punta Monte Grosso", "LIM_PAR_E": "Punta Gone", "LUNGH": 371, "TIPO_LINEA": "spiaggia", "CAT_LINEA": "214", "FASE_ITER": "approvazione", "DATA_ITER": "D.C.R. n.2 del 21/02/2023", "DATA_DIGIT": 20191025}, "bbox": [9.579867, 44.18153, 9.583822, 44.183215]}, {"type": "Feature", "id": "L7173.PTAMC16_211", "geometry": {"type": "LineString", "coordinates": [[9.58688, 44.175456, 0], [9.586843, 44.175515, 0], [9.586779, 44.17558, 0], [9.586734, 44.175616, 0], [9.586655, 44.175655, 0], [9.586561, 44.17568, 0], [9.586455, 44.175684, 0], [9.586348, 44.175693, 0], [9.586302, 44.175696, 0], [9.58619, 44.175674, 0], [9.586084, 44.175631, 0], [9.586025, 44.175593, 0], [9.585945, 44.175569, 0], [9.585837, 44.175531, 0], [9.585782, 44.175515, 0], [9.585744, 44.175485, 0], [9.585662, 44.175461, 0], [9.585591, 44.175449, 0], [9.585557, 44.175461, 0], [9.585585, 44.175511, 0], [9.585612, 44.175541, 0], [9.585594, 44.175584, 0], [9.58559, 44.17563, 0], [9.585546, 44.175653, 0], [9.585409, 44.175685, 0], [9.585352, 44.175746, 0], [9.585229, 44.175874, 0], [9.585153, 44.175949, 0], [9.585088, 44.17599, 0], [9.584989, 44.176028, 0], [9.584853, 44.176034, 0], [9.584714, 44.176056, 0], [9.584628, 44.17608, 0], [9.584542, 44.176085, 0], [9.584443, 44.176074, 0], [9.584357, 44.176053, 0], [9.584333, 44.17601, 0], [9.584266, 44.17596, 0], [9.584207, 44.175975, 0], [9.584144, 44.175971, 0], [9.584068, 44.175954, 0], [9.584031, 44.175921, 0], [9.584027, 44.175845, 0], [9.583994, 44.175809, 0], [9.583924, 44.175772, 0], [9.583748, 44.175739, 0], [9.583689, 44.175782, 0], [9.583617, 44.17584, 0], [9.58365, 44.175902, 0], [9.58372, 44.17597, 0], [9.583715, 44.176039, 0], [9.583695, 44.176094, 0], [9.583649, 44.176145, 0], [9.58357, 44.176195, 0], [9.583501, 44.176222, 0], [9.583581, 44.176303, 0], [9.583549, 44.176396, 0], [9.583477, 44.176477, 0], [9.583505, 44.176587, 0], [9.583578, 44.176646, 0], [9.583629, 44.176729, 0], [9.58366, 44.176874, 0], [9.583585, 44.176959, 0], [9.583543, 44.177093, 0], [9.58357, 44.177173, 0], [9.583505, 44.177245, 0], [9.583495, 44.177322, 0], [9.583526, 44.177414, 0], [9.583454, 44.177441, 0], [9.583362, 44.177551, 0], [9.583335, 44.177787, 0], [9.58327, 44.177888, 0], [9.583179, 44.178026, 0], [9.583176, 44.178117, 0], [9.583158, 44.178242, 0], [9.583208, 44.17833, 0], [9.583287, 44.178537, 0], [9.583484, 44.178714, 0], [9.583584, 44.178826, 0], [9.583771, 44.178958, 0], [9.584194, 44.179224, 0], [9.58437, 44.17933, 0], [9.584464, 44.179453, 0], [9.584681, 44.179612, 0], [9.584808, 44.179744, 0], [9.584871, 44.179792, 0]]}, "geometry_name": "GEOMETRY", "properties": {"ID_LINEA": "PTAMC16_211", "AMBITO": "16", "COD_UF": "27", "NOME_UF": "Ghiararo", "COD_PAR": "1", "NOME_PAR": "Bonassola", "LIM_PAR_W": "Punta Monte Grosso", "LIM_PAR_E": "Punta Gone", "LUNGH": 869, "TIPO_LINEA": "costa alta", "CAT_LINEA": "211", "FASE_ITER": "approvazione", "DATA_ITER": "D.C.R. n.2 del 21/02/2023", "DATA_DIGIT": 20191025}, "bbox": [9.583158, 44.175449, 9.58688, 44.179792]}, {"type": "Feature", "id": "L7173.PTAMC16_213", "geometry": {"type": "LineString", "coordinates": [[9.584816, 44.179924, 0], [9.584691, 44.179939, 0], [9.584559, 44.179996, 0], [9.584394, 44.180052, 0], [9.584173, 44.180179, 0], [9.584012, 44.180295, 0], [9.58399, 44.180375, 0], [9.583965, 44.180572, 0], [9.584012, 44.180598, 0], [9.584055, 44.180608, 0], [9.584029, 44.180684, 0], [9.583957, 44.180777, 0], [9.583862, 44.180852, 0], [9.583906, 44.180892, 0], [9.583985, 44.180925, 0], [9.584002, 44.18097, 0], [9.584059, 44.181034, 0], [9.584113, 44.181089, 0], [9.5841, 44.181155, 0], [9.584065, 44.181259, 0], [9.583976, 44.18136, 0], [9.583822, 44.18153, 0]]}, "geometry_name": "GEOMETRY", "properties": {"ID_LINEA": "PTAMC16_213", "AMBITO": "16", "COD_UF": "27", "NOME_UF": "Ghiararo", "COD_PAR": "1", "NOME_PAR": "Bonassola", "LIM_PAR_W": "Punta Monte Grosso", "LIM_PAR_E": "Punta Gone", "LUNGH": 238, "TIPO_LINEA": "costa alta", "CAT_LINEA": "213", "FASE_ITER": "approvazione", "DATA_ITER": "D.C.R. n.2 del 21/02/2023", "DATA_DIGIT": 20191025}, "bbox": [9.583822, 44.179924, 9.584816, 44.18153]}, {"type": "Feature", "id": "L7173.PTAMC16_212", "geometry": {"type": "LineString", "coordinates": [[9.584871, 44.179792, 0], [9.584816, 44.179924, 0]]}, "geometry_name": "GEOMETRY", "properties": {"ID_LINEA": "PTAMC16_212", "AMBITO": "16", "COD_UF": "27", "NOME_UF": "Ghiararo", "COD_PAR": "1", "NOME_PAR": "Bonassola", "LIM_PAR_W": "Punta Monte Grosso", "LIM_PAR_E": "Punta Gone", "LUNGH": 15, "TIPO_LINEA": "artificiale", "CAT_LINEA": "212", "FASE_ITER": "approvazione", "DATA_ITER": "D.C.R. n.2 del 21/02/2023", "DATA_DIGIT": 20191025}, "bbox": [9.584816, 44.179792, 9.584871, 44.179924]}, {"type": "Feature", "id": "L7173.PTAMC16_209", "geometry": {"type": "LineString", "coordinates": [[9.586802, 44.175241, 0], [9.586726, 44.175297, 0], [9.586705, 44.175339, 0], [9.58671, 44.175374, 0], [9.586734, 44.175402, 0], [9.586795, 44.175389, 0], [9.586816, 44.175379, 0], [9.586843, 44.175353, 0]]}, "geometry_name": "GEOMETRY", "properties": {"ID_LINEA": "PTAMC16_209", "AMBITO": "16", "COD_UF": "27", "NOME_UF": "Ghiararo", "COD_PAR": "1", "NOME_PAR": "Bonassola", "LIM_PAR_W": "Punta Monte Grosso", "LIM_PAR_E": "Punta Gone", "LUNGH": 32, "TIPO_LINEA": "costa alta", "CAT_LINEA": "209", "FASE_ITER": "approvazione", "DATA_ITER": "D.C.R. n.2 del 21/02/2023", "DATA_DIGIT": 20191025}, "bbox": [9.586705, 44.175241, 9.586843, 44.175402]}, {"type": "Feature", "id": "L7173.PTAMC16_208", "geometry": {"type": "LineString", "coordinates": [[9.587176, 44.174908, 0], [9.587122, 44.174976, 0], [9.587051, 44.175058, 0], [9.586969, 44.17513, 0], [9.5869, 44.175177, 0], [9.586802, 44.175241, 0]]}, "geometry_name": "GEOMETRY", "properties": {"ID_LINEA": "PTAMC16_208", "AMBITO": "16", "COD_UF": "27", "NOME_UF": "Ghiararo", "COD_PAR": "1", "NOME_PAR": "Bonassola", "LIM_PAR_W": "Punta Monte Grosso", "LIM_PAR_E": "Punta Gone", "LUNGH": 48, "TIPO_LINEA": "artificiale", "CAT_LINEA": "208", "FASE_ITER": "approvazione", "DATA_ITER": "D.C.R. n.2 del 21/02/2023", "DATA_DIGIT": 20191025}, "bbox": [9.586802, 44.174908, 9.587176, 44.175241]}, {"type": "Feature", "id": "L7173.PTAMC16_210", "geometry": {"type": "LineString", "coordinates": [[9.586843, 44.175353, 0], [9.586874, 44.175371, 0], [9.586893, 44.1754, 0], [9.586896, 44.175425, 0], [9.58688, 44.175456, 0]]}, "geometry_name": "GEOMETRY", "properties": {"ID_LINEA": "PTAMC16_210", "AMBITO": "16", "COD_UF": "27", "NOME_UF": "Ghiararo", "COD_PAR": "1", "NOME_PAR": "Bonassola", "LIM_PAR_W": "Punta Monte Grosso", "LIM_PAR_E": "Punta Gone", "LUNGH": 13, "TIPO_LINEA": "spiaggia", "CAT_LINEA": "210", "FASE_ITER": "approvazione", "DATA_ITER": "D.C.R. n.2 del 21/02/2023", "DATA_DIGIT": 20191025}, "bbox": [9.586843, 44.175353, 9.586896, 44.175456]}, {"type": "Feature", "id": "L7173.PTAMC16_207", "geometry": {"type": "LineString", "coordinates": [[9.588165, 44.175054, 0], [9.588089, 44.175061, 0], [9.588036, 44.175038, 0], [9.588001, 44.175008, 0], [9.587969, 44.174973, 0], [9.587899, 44.17494, 0], [9.58781, 44.174915, 0], [9.587723, 44.174895, 0], [9.587644, 44.174886, 0], [9.587521, 44.174874, 0], [9.587417, 44.174868, 0], [9.587298, 44.174879, 0], [9.587235, 44.174889, 0], [9.587176, 44.174908, 0]]}, "geometry_name": "GEOMETRY", "properties": {"ID_LINEA": "PTAMC16_207", "AMBITO": "16", "COD_UF": "27", "NOME_UF": "Ghiararo", "COD_PAR": "1", "NOME_PAR": "Bonassola", "LIM_PAR_W": "Punta Monte Grosso", "LIM_PAR_E": "Punta Gone", "LUNGH": 86, "TIPO_LINEA": "costa alta", "CAT_LINEA": "207", "FASE_ITER": "approvazione", "DATA_ITER": "D.C.R. n.2 del 21/02/2023", "DATA_DIGIT": 20191025}, "bbox": [9.587176, 44.174868, 9.588165, 44.175061]}, {"type": "Feature", "id": "L7173.PTAMC16_359", "geometry": {"type": "LineString", "coordinates": [[9.497563, 44.230035, 0], [9.497596, 44.230438, 0], [9.497585, 44.230736, 0], [9.497492, 44.231003, 0], [9.497402, 44.231282, 0], [9.497515, 44.231346, 0], [9.497532, 44.231445, 0], [9.4975, 44.231605, 0], [9.497423, 44.231745, 0], [9.497371, 44.231888, 0], [9.497368, 44.231973, 0], [9.497287, 44.232077, 0], [9.497248, 44.232106, 0], [9.49713, 44.232201, 0], [9.497096, 44.232364, 0], [9.496905, 44.232676, 0], [9.496836, 44.232752, 0], [9.496768, 44.232828, 0], [9.496641, 44.232934, 0], [9.496515, 44.233033, 0], [9.496466, 44.233146, 0], [9.496431, 44.233269, 0], [9.496435, 44.233352, 0]]}, "geometry_name": "GEOMETRY", "properties": {"ID_LINEA": "PTAMC16_359", "AMBITO": "16", "COD_UF": "25", "NOME_UF": "Moneglia", "COD_PAR": "2", "NOME_PAR": "Moneglia", "LIM_PAR_W": "Punta Moneglia", "LIM_PAR_E": "Punta Rospo", "LUNGH": 398, "TIPO_LINEA": "artificiale", "CAT_LINEA": "1766", "FASE_ITER": "approvazione", "DATA_ITER": "D.C.R. n.2 del 21/02/2023", "DATA_DIGIT": 20191025}, "bbox": [9.496431, 44.230035, 9.497596, 44.233352]}, {"type": "Feature", "id": "L7173.PTAMC16_255", "geometry": {"type": "LineString", "coordinates": [[9.498547, 44.227246, 0], [9.498384, 44.227512, 0], [9.498075, 44.227996, 0], [9.497881, 44.228336, 0], [9.49778, 44.228514, 0], [9.49768, 44.228649, 0], [9.497612, 44.22876, 0], [9.497606, 44.228858, 0], [9.497685, 44.228902, 0], [9.49764, 44.228973, 0], [9.497537, 44.229222, 0], [9.497518, 44.229342, 0], [9.497456, 44.22948, 0], [9.497431, 44.229633, 0], [9.497555, 44.229869, 0], [9.497563, 44.230035, 0]]}, "geometry_name": "GEOMETRY", "properties": {"ID_LINEA": "PTAMC16_255", "AMBITO": "16", "COD_UF": "25", "NOME_UF": "Moneglia", "COD_PAR": "2", "NOME_PAR": "Moneglia", "LIM_PAR_W": "Punta Moneglia", "LIM_PAR_E": "Punta Rospo", "LUNGH": 334, "TIPO_LINEA": "costa alta", "CAT_LINEA": "255", "FASE_ITER": "approvazione", "DATA_ITER": "D.C.R. n.2 del 21/02/2023", "DATA_DIGIT": 20191025}, "bbox": [9.497431, 44.227246, 9.498547, 44.230035]}, {"type": "Feature", "id": "L7173.PTAMC16_326", "geometry": {"type": "LineString", "coordinates": [[9.499366, 44.226236, 0], [9.499157, 44.226422, 0], [9.498768, 44.22691, 0], [9.498547, 44.227246, 0]]}, "geometry_name": "GEOMETRY", "properties": {"ID_LINEA": "PTAMC16_326", "AMBITO": "16", "COD_UF": "25", "NOME_UF": "Moneglia", "COD_PAR": "2", "NOME_PAR": "Moneglia", "LIM_PAR_W": "Punta Moneglia", "LIM_PAR_E": "Punta Rospo", "LUNGH": 130, "TIPO_LINEA": "artificiale", "CAT_LINEA": "430", "FASE_ITER": "approvazione", "DATA_ITER": "D.C.R. n.2 del 21/02/2023", "DATA_DIGIT": 20191025}, "bbox": [9.498547, 44.226236, 9.499366, 44.227246]}, {"type": "Feature", "id": "L7173.PTAMC16_327", "geometry": {"type": "LineString", "coordinates": [[9.499637, 44.225788, 0], [9.499628, 44.225817, 0], [9.499539, 44.226082, 0], [9.499366, 44.226236, 0]]}, "geometry_name": "GEOMETRY", "properties": {"ID_LINEA": "PTAMC16_327", "AMBITO": "16", "COD_UF": "25", "NOME_UF": "Moneglia", "COD_PAR": "2", "NOME_PAR": "Moneglia", "LIM_PAR_W": "Punta Moneglia", "LIM_PAR_E": "Punta Rospo", "LUNGH": 56, "TIPO_LINEA": "spiaggia", "CAT_LINEA": "431", "FASE_ITER": "approvazione", "DATA_ITER": "D.C.R. n.2 del 21/02/2023", "DATA_DIGIT": 20191025}, "bbox": [9.499366, 44.225788, 9.499637, 44.226236]}, {"type": "Feature", "id": "L7173.PTAMC16_254", "geometry": {"type": "LineString", "coordinates": [[9.500741, 44.223677, 0], [9.500487, 44.224199, 0], [9.500383, 44.224318, 0], [9.500293, 44.224502, 0], [9.500301, 44.22462, 0], [9.49999, 44.225127, 0], [9.49984, 44.22524, 0], [9.499665, 44.225548, 0], [9.499673, 44.225671, 0], [9.499637, 44.225788, 0]]}, "geometry_name": "GEOMETRY", "properties": {"ID_LINEA": "PTAMC16_254", "AMBITO": "16", "COD_UF": "25", "NOME_UF": "Moneglia", "COD_PAR": "2", "NOME_PAR": "Moneglia", "LIM_PAR_W": "Punta Moneglia", "LIM_PAR_E": "Punta Rospo", "LUNGH": 255, "TIPO_LINEA": "artificiale", "CAT_LINEA": "254", "FASE_ITER": "approvazione", "DATA_ITER": "D.C.R. n.2 del 21/02/2023", "DATA_DIGIT": 20191025}, "bbox": [9.499637, 44.223677, 9.500741, 44.225788]}, {"type": "Feature", "id": "L7173.PTAMC16_378", "geometry": {"type": "LineString", "coordinates": [[9.50144, 44.222503, 0], [9.501473, 44.222588, 0], [9.50152, 44.222744, 0], [9.501515, 44.222904, 0], [9.501444, 44.223003, 0], [9.501373, 44.223122, 0], [9.501137, 44.223231, 0], [9.500864, 44.223473, 0], [9.500741, 44.223677, 0]]}, "geometry_name": "GEOMETRY", "properties": {"ID_LINEA": "PTAMC16_378", "AMBITO": "16", "COD_UF": "25", "NOME_UF": "Moneglia", "COD_PAR": "2", "NOME_PAR": "Moneglia", "LIM_PAR_W": "Punta Moneglia", "LIM_PAR_E": "Punta Rospo", "LUNGH": 154, "TIPO_LINEA": "costa alta", "CAT_LINEA": "1823", "FASE_ITER": "approvazione", "DATA_ITER": "D.C.R. n.2 del 21/02/2023", "DATA_DIGIT": 20191025}, "bbox": [9.500741, 44.222503, 9.50152, 44.223677]}, {"type": "Feature", "id": "L7173.PTAMC16_377", "geometry": {"type": "LineString", "coordinates": [[9.502669, 44.222042, 0], [9.502205, 44.222198, 0], [9.501976, 44.222336, 0], [9.501807, 44.222483, 0], [9.501715, 44.222511, 0], [9.501672, 44.222505, 0], [9.501603, 44.222493, 0], [9.501544, 44.222484, 0], [9.50144, 44.222503, 0]]}, "geometry_name": "GEOMETRY", "properties": {"ID_LINEA": "PTAMC16_377", "AMBITO": "16", "COD_UF": "26", "NOME_UF": "Deiva", "COD_PAR": "1", "NOME_PAR": "Deiva Marina", "LIM_PAR_W": "Punta Rospo", "LIM_PAR_E": "Porticciolo", "LUNGH": 117, "TIPO_LINEA": "costa alta", "CAT_LINEA": "1822", "FASE_ITER": "approvazione", "DATA_ITER": "D.C.R. n.2 del 21/02/2023", "DATA_DIGIT": 20191025}, "bbox": [9.50144, 44.222042, 9.502669, 44.222511]}, {"type": "Feature", "id": "L7173.PTAMC16_253", "geometry": {"type": "LineString", "coordinates": [[9.508652, 44.218741, 0], [9.508614, 44.218821, 0], [9.50848, 44.218968, 0], [9.508367, 44.219101, 0], [9.507903, 44.219383, 0], [9.507573, 44.219646, 0], [9.507082, 44.220084, 0], [9.506892, 44.220238, 0], [9.506749, 44.220357, 0], [9.506641, 44.220496, 0], [9.506514, 44.220637, 0], [9.506349, 44.220715, 0], [9.506144, 44.220777, 0], [9.506001, 44.220791, 0], [9.505799, 44.220787, 0], [9.50566, 44.220754, 0], [9.505415, 44.220874, 0], [9.504938, 44.22107, 0], [9.504412, 44.221306, 0], [9.504105, 44.221434, 0], [9.503595, 44.221663, 0], [9.503353, 44.221789, 0], [9.50317, 44.221835, 0], [9.503049, 44.221901, 0], [9.502879, 44.221956, 0], [9.502669, 44.222042, 0]]}, "geometry_name": "GEOMETRY", "properties": {"ID_LINEA": "PTAMC16_253", "AMBITO": "16", "COD_UF": "26", "NOME_UF": "Deiva", "COD_PAR": "1", "NOME_PAR": "Deiva Marina", "LIM_PAR_W": "Punta Rospo", "LIM_PAR_E": "Porticciolo", "LUNGH": 625, "TIPO_LINEA": "artificiale", "CAT_LINEA": "253", "FASE_ITER": "approvazione", "DATA_ITER": "D.C.R. n.2 del 21/02/2023", "DATA_DIGIT": 20191025}, "bbox": [9.502669, 44.218741, 9.508652, 44.222042]}, {"type": "Feature", "id": "L7173.PTAMC16_252", "geometry": {"type": "LineString", "coordinates": [[9.509215, 44.218514, 0], [9.50905, 44.218486, 0], [9.508906, 44.218482, 0], [9.508674, 44.218538, 0], [9.508546, 44.218609, 0], [9.508481, 44.218666, 0], [9.508596, 44.21871, 0], [9.508652, 44.218741, 0]]}, "geometry_name": "GEOMETRY", "properties": {"ID_LINEA": "PTAMC16_252", "AMBITO": "16", "COD_UF": "26", "NOME_UF": "Deiva", "COD_PAR": "1", "NOME_PAR": "Deiva Marina", "LIM_PAR_W": "Punta Rospo", "LIM_PAR_E": "Porticciolo", "LUNGH": 82, "TIPO_LINEA": "costa alta", "CAT_LINEA": "252", "FASE_ITER": "approvazione", "DATA_ITER": "D.C.R. n.2 del 21/02/2023", "DATA_DIGIT": 20191025}, "bbox": [9.508481, 44.218482, 9.509215, 44.218741]}, {"type": "Feature", "id": "L7173.PTAMC16_251", "geometry": {"type": "LineString", "coordinates": [[9.510215, 44.217641, 0], [9.510016, 44.217845, 0], [9.50986, 44.217947, 0], [9.509759, 44.218073, 0], [9.509674, 44.218172, 0], [9.509531, 44.218317, 0], [9.509424, 44.218395, 0], [9.509306, 44.218447, 0], [9.509215, 44.218514, 0]]}, "geometry_name": "GEOMETRY", "properties": {"ID_LINEA": "PTAMC16_251", "AMBITO": "16", "COD_UF": "26", "NOME_UF": "Deiva", "COD_PAR": "1", "NOME_PAR": "Deiva Marina", "LIM_PAR_W": "Punta Rospo", "LIM_PAR_E": "Porticciolo", "LUNGH": 127, "TIPO_LINEA": "artificiale", "CAT_LINEA": "251", "FASE_ITER": "approvazione", "DATA_ITER": "D.C.R. n.2 del 21/02/2023", "DATA_DIGIT": 20191025}, "bbox": [9.509215, 44.217641, 9.510215, 44.218514]}, {"type": "Feature", "id": "L7173.PTAMC16_250", "geometry": {"type": "LineString", "coordinates": [[9.510284, 44.217343, 0], [9.510133, 44.217328, 0], [9.510041, 44.217352, 0], [9.510019, 44.217434, 0], [9.510066, 44.217512, 0], [9.510145, 44.217587, 0], [9.510215, 44.217641, 0]]}, "geometry_name": "GEOMETRY", "properties": {"ID_LINEA": "PTAMC16_250", "AMBITO": "16", "COD_UF": "26", "NOME_UF": "Deiva", "COD_PAR": "1", "NOME_PAR": "Deiva Marina", "LIM_PAR_W": "Punta Rospo", "LIM_PAR_E": "Porticciolo", "LUNGH": 57, "TIPO_LINEA": "costa alta", "CAT_LINEA": "250", "FASE_ITER": "approvazione", "DATA_ITER": "D.C.R. n.2 del 21/02/2023", "DATA_DIGIT": 20191025}, "bbox": [9.510019, 44.217328, 9.510284, 44.217641]}, {"type": "Feature", "id": "L7173.PTAMC16_249", "geometry": {"type": "LineString", "coordinates": [[9.51456, 44.215733, 0], [9.514396, 44.215743, 0], [9.513807, 44.215837, 0], [9.513672, 44.215856, 0], [9.513062, 44.215887, 0], [9.512957, 44.215914, 0], [9.512781, 44.215969, 0], [9.512411, 44.216093, 0], [9.512058, 44.216277, 0], [9.511947, 44.216341, 0], [9.511735, 44.216422, 0], [9.511539, 44.216548, 0], [9.511245, 44.216724, 0], [9.51077, 44.21702, 0], [9.510362, 44.217277, 0], [9.510284, 44.217343, 0]]}, "geometry_name": "GEOMETRY", "properties": {"ID_LINEA": "PTAMC16_249", "AMBITO": "16", "COD_UF": "26", "NOME_UF": "Deiva", "COD_PAR": "1", "NOME_PAR": "Deiva Marina", "LIM_PAR_W": "Punta Rospo", "LIM_PAR_E": "Porticciolo", "LUNGH": 398, "TIPO_LINEA": "artificiale", "CAT_LINEA": "249", "FASE_ITER": "approvazione", "DATA_ITER": "D.C.R. n.2 del 21/02/2023", "DATA_DIGIT": 20191025}, "bbox": [9.510284, 44.215733, 9.51456, 44.217343]}, {"type": "Feature", "id": "L7173.PTAMC16_248", "geometry": {"type": "LineString", "coordinates": [[9.520373, 44.212719, 0], [9.520268, 44.212779, 0], [9.519811, 44.212967, 0], [9.519448, 44.213141, 0], [9.519125, 44.213329, 0], [9.518658, 44.213586, 0], [9.518284, 44.213778, 0], [9.517928, 44.21394, 0], [9.517578, 44.214107, 0], [9.517277, 44.21425, 0], [9.516836, 44.214455, 0], [9.516425, 44.214683, 0], [9.515643, 44.215096, 0], [9.515216, 44.215362, 0], [9.514906, 44.215557, 0], [9.514759, 44.21564, 0], [9.51456, 44.215733, 0]]}, "geometry_name": "GEOMETRY", "properties": {"ID_LINEA": "PTAMC16_248", "AMBITO": "16", "COD_UF": "26", "NOME_UF": "Deiva", "COD_PAR": "1", "NOME_PAR": "Deiva Marina", "LIM_PAR_W": "Punta Rospo", "LIM_PAR_E": "Porticciolo", "LUNGH": 573, "TIPO_LINEA": "spiaggia", "CAT_LINEA": "248", "FASE_ITER": "approvazione", "DATA_ITER": "D.C.R. n.2 del 21/02/2023", "DATA_DIGIT": 20191025}, "bbox": [9.51456, 44.212719, 9.520373, 44.215733]}, {"type": "Feature", "id": "L7173.PTAMC16_247", "geometry": {"type": "LineString", "coordinates": [[9.522263, 44.211517, 0], [9.522161, 44.211473, 0], [9.522079, 44.211436, 0], [9.522006, 44.211375, 0], [9.52192, 44.211299, 0], [9.521803, 44.21138, 0], [9.521895, 44.211422, 0], [9.521928, 44.211472, 0], [9.52185, 44.211522, 0], [9.521755, 44.211553, 0], [9.521715, 44.211517, 0], [9.52149, 44.211577, 0], [9.521231, 44.211697, 0], [9.521069, 44.21183, 0], [9.520994, 44.211884, 0], [9.521072, 44.211893, 0], [9.521086, 44.211919, 0], [9.521109, 44.211976, 0], [9.52111, 44.21203, 0], [9.521009, 44.212111, 0], [9.520659, 44.212294, 0], [9.520583, 44.212419, 0], [9.520373, 44.212719, 0]]}, "geometry_name": "GEOMETRY", "properties": {"ID_LINEA": "PTAMC16_247", "AMBITO": "16", "COD_UF": "26", "NOME_UF": "Deiva", "COD_PAR": "1", "NOME_PAR": "Deiva Marina", "LIM_PAR_W": "Punta Rospo", "LIM_PAR_E": "Porticciolo", "LUNGH": 280, "TIPO_LINEA": "costa alta", "CAT_LINEA": "247", "FASE_ITER": "approvazione", "DATA_ITER": "D.C.R. n.2 del 21/02/2023", "DATA_DIGIT": 20191025}, "bbox": [9.520373, 44.211299, 9.522263, 44.212719]}, {"type": "Feature", "id": "L7173.PTAMC16_246", "geometry": {"type": "LineString", "coordinates": [[9.523584, 44.211156, 0], [9.523399, 44.211194, 0], [9.523232, 44.211218, 0], [9.523081, 44.211235, 0], [9.522852, 44.211319, 0], [9.522656, 44.211416, 0], [9.522551, 44.211426, 0], [9.522453, 44.21145, 0], [9.522263, 44.211517, 0]]}, "geometry_name": "GEOMETRY", "properties": {"ID_LINEA": "PTAMC16_246", "AMBITO": "16", "COD_UF": "26", "NOME_UF": "Deiva", "COD_PAR": "1", "NOME_PAR": "Deiva Marina", "LIM_PAR_W": "Punta Rospo", "LIM_PAR_E": "Porticciolo", "LUNGH": 114, "TIPO_LINEA": "artificiale", "CAT_LINEA": "246", "FASE_ITER": "approvazione", "DATA_ITER": "D.C.R. n.2 del 21/02/2023", "DATA_DIGIT": 20191025}, "bbox": [9.522263, 44.211156, 9.523584, 44.211517]}, {"type": "Feature", "id": "L7173.PTAMC16_245", "geometry": {"type": "LineString", "coordinates": [[9.525299, 44.210296, 0], [9.524989, 44.210461, 0], [9.524868, 44.210525, 0], [9.524731, 44.210608, 0], [9.524636, 44.210658, 0], [9.524525, 44.210699, 0], [9.524433, 44.210718, 0], [9.524315, 44.210761, 0], [9.524185, 44.210818, 0], [9.524031, 44.210904, 0], [9.523832, 44.211006, 0], [9.523584, 44.211156, 0]]}, "geometry_name": "GEOMETRY", "properties": {"ID_LINEA": "PTAMC16_245", "AMBITO": "16", "COD_UF": "26", "NOME_UF": "Deiva", "COD_PAR": "1", "NOME_PAR": "Deiva Marina", "LIM_PAR_W": "Punta Rospo", "LIM_PAR_E": "Porticciolo", "LUNGH": 168, "TIPO_LINEA": "spiaggia", "CAT_LINEA": "245", "FASE_ITER": "approvazione", "DATA_ITER": "D.C.R. n.2 del 21/02/2023", "DATA_DIGIT": 20191025}, "bbox": [9.523584, 44.210296, 9.525299, 44.211156]}, {"type": "Feature", "id": "L7173.PTAMC16_244", "geometry": {"type": "LineString", "coordinates": [[9.526217, 44.208978, 0], [9.526286, 44.209111, 0], [9.526271, 44.209217, 0], [9.526194, 44.209378, 0], [9.526103, 44.209496, 0], [9.526035, 44.209577, 0], [9.525764, 44.209746, 0], [9.525732, 44.209824, 0], [9.525732, 44.20988, 0], [9.525678, 44.209994, 0], [9.525407, 44.210189, 0], [9.525299, 44.210296, 0]]}, "geometry_name": "GEOMETRY", "properties": {"ID_LINEA": "PTAMC16_244", "AMBITO": "16", "COD_UF": "26", "NOME_UF": "Deiva", "COD_PAR": "1", "NOME_PAR": "Deiva Marina", "LIM_PAR_W": "Punta Rospo", "LIM_PAR_E": "Porticciolo", "LUNGH": 175, "TIPO_LINEA": "artificiale", "CAT_LINEA": "244", "FASE_ITER": "approvazione", "DATA_ITER": "D.C.R. n.2 del 21/02/2023", "DATA_DIGIT": 20191025}, "bbox": [9.525299, 44.208978, 9.526286, 44.210296]}, {"type": "Feature", "id": "L7173.PTAMC16_376", "geometry": {"type": "LineString", "coordinates": [[9.526368, 44.208574, 0], [9.526264, 44.20869, 0], [9.526228, 44.208739, 0], [9.52615, 44.208834, 0], [9.526036, 44.208915, 0], [9.525974, 44.208967, 0], [9.526037, 44.20899, 0], [9.526106, 44.208988, 0], [9.526175, 44.208985, 0], [9.526217, 44.208978, 0]]}, "geometry_name": "GEOMETRY", "properties": {"ID_LINEA": "PTAMC16_376", "AMBITO": "16", "COD_UF": "26", "NOME_UF": "Deiva", "COD_PAR": "1", "NOME_PAR": "Deiva Marina", "LIM_PAR_W": "Punta Rospo", "LIM_PAR_E": "Porticciolo", "LUNGH": 74, "TIPO_LINEA": "costa alta", "CAT_LINEA": "1821", "FASE_ITER": "approvazione", "DATA_ITER": "D.C.R. n.2 del 21/02/2023", "DATA_DIGIT": 20191025}, "bbox": [9.525974, 44.208574, 9.526368, 44.20899]}, {"type": "Feature", "id": "L7173.PTAMC16_375", "geometry": {"type": "LineString", "coordinates": [[9.527595, 44.208629, 0], [9.527451, 44.208597, 0], [9.527408, 44.20854, 0], [9.527374, 44.208465, 0], [9.527282, 44.208444, 0], [9.527154, 44.208461, 0], [9.527053, 44.208504, 0], [9.526997, 44.208526, 0], [9.526879, 44.208543, 0], [9.526755, 44.208565, 0], [9.526777, 44.208461, 0], [9.527001, 44.208228, 0], [9.527121, 44.208051, 0], [9.527127, 44.208006, 0], [9.527055, 44.208035, 0], [9.527, 44.208073, 0], [9.526931, 44.208068, 0], [9.526898, 44.208113, 0], [9.526889, 44.208158, 0], [9.526854, 44.208222, 0], [9.526785, 44.208307, 0], [9.526734, 44.208409, 0], [9.526698, 44.208447, 0], [9.526636, 44.208527, 0], [9.526561, 44.208559, 0], [9.526485, 44.208559, 0], [9.526466, 44.208559, 0], [9.526368, 44.208574, 0]]}, "geometry_name": "GEOMETRY", "properties": {"ID_LINEA": "PTAMC16_375", "AMBITO": "16", "COD_UF": "26", "NOME_UF": "Deiva", "COD_PAR": "2", "NOME_PAR": "Framura", "LIM_PAR_W": "Porticciolo", "LIM_PAR_E": "Punta Monte Grosso", "LUNGH": 248, "TIPO_LINEA": "costa alta", "CAT_LINEA": "1820", "FASE_ITER": "approvazione", "DATA_ITER": "D.C.R. n.2 del 21/02/2023", "DATA_DIGIT": 20191025}, "bbox": [9.526368, 44.208006, 9.527595, 44.208629]}, {"type": "Feature", "id": "L7173.PTAMC16_243", "geometry": {"type": "LineString", "coordinates": [[9.528068, 44.208442, 0], [9.527991, 44.208521, 0], [9.527923, 44.208578, 0], [9.527848, 44.20859, 0], [9.527772, 44.208577, 0], [9.527595, 44.208629, 0]]}, "geometry_name": "GEOMETRY", "properties": {"ID_LINEA": "PTAMC16_243", "AMBITO": "16", "COD_UF": "26", "NOME_UF": "Deiva", "COD_PAR": "2", "NOME_PAR": "Framura", "LIM_PAR_W": "Porticciolo", "LIM_PAR_E": "Punta Monte Grosso", "LUNGH": 47, "TIPO_LINEA": "artificiale", "CAT_LINEA": "243", "FASE_ITER": "approvazione", "DATA_ITER": "D.C.R. n.2 del 21/02/2023", "DATA_DIGIT": 20191025}, "bbox": [9.527595, 44.208442, 9.528068, 44.208629]}, {"type": "Feature", "id": "L7173.PTAMC16_239", "geometry": {"type": "LineString", "coordinates": [[9.530829, 44.207586, 0], [9.530763, 44.207575, 0], [9.530645, 44.207543, 0], [9.530513, 44.207515, 0], [9.530257, 44.207483, 0], [9.530008, 44.20747, 0], [9.529536, 44.207515, 0], [9.529208, 44.207587, 0], [9.528934, 44.207687, 0], [9.528666, 44.207807, 0], [9.528588, 44.207944, 0], [9.528504, 44.208062, 0], [9.528068, 44.208442, 0]]}, "geometry_name": "GEOMETRY", "properties": {"ID_LINEA": "PTAMC16_239", "AMBITO": "16", "COD_UF": "26", "NOME_UF": "Deiva", "COD_PAR": "2", "NOME_PAR": "Framura", "LIM_PAR_W": "Porticciolo", "LIM_PAR_E": "Punta Monte Grosso", "LUNGH": 268, "TIPO_LINEA": "costa alta", "CAT_LINEA": "239", "FASE_ITER": "approvazione", "DATA_ITER": "D.C.R. n.2 del 21/02/2023", "DATA_DIGIT": 20191025}, "bbox": [9.528068, 44.20747, 9.530829, 44.208442]}, {"type": "Feature", "id": "L7173.PTAMC16_240", "geometry": {"type": "LineString", "coordinates": [[9.531905, 44.207354, 0], [9.531693, 44.207406, 0], [9.531464, 44.207407, 0], [9.531255, 44.207502, 0], [9.530901, 44.207598, 0], [9.530829, 44.207586, 0]]}, "geometry_name": "GEOMETRY", "properties": {"ID_LINEA": "PTAMC16_240", "AMBITO": "16", "COD_UF": "26", "NOME_UF": "Deiva", "COD_PAR": "2", "NOME_PAR": "Framura", "LIM_PAR_W": "Porticciolo", "LIM_PAR_E": "Punta Monte Grosso", "LUNGH": 92, "TIPO_LINEA": "artificiale", "CAT_LINEA": "240", "FASE_ITER": "approvazione", "DATA_ITER": "D.C.R. n.2 del 21/02/2023", "DATA_DIGIT": 20191025}, "bbox": [9.530829, 44.207354, 9.531905, 44.207598]}, {"type": "Feature", "id": "L7173.PTAMC16_241", "geometry": {"type": "LineString", "coordinates": [[9.532463, 44.207233, 0], [9.532106, 44.207305, 0], [9.531905, 44.207354, 0]]}, "geometry_name": "GEOMETRY", "properties": {"ID_LINEA": "PTAMC16_241", "AMBITO": "16", "COD_UF": "26", "NOME_UF": "Deiva", "COD_PAR": "2", "NOME_PAR": "Framura", "LIM_PAR_W": "Porticciolo", "LIM_PAR_E": "Punta Monte Grosso", "LUNGH": 47, "TIPO_LINEA": "costa alta", "CAT_LINEA": "241", "FASE_ITER": "approvazione", "DATA_ITER": "D.C.R. n.2 del 21/02/2023", "DATA_DIGIT": 20191025}, "bbox": [9.531905, 44.207233, 9.532463, 44.207354]}, {"type": "Feature", "id": "L7173.PTAMC16_242", "geometry": {"type": "LineString", "coordinates": [[9.533576, 44.206955, 0], [9.533425, 44.206995, 0], [9.53315, 44.207086, 0], [9.532663, 44.207193, 0], [9.532463, 44.207233, 0]]}, "geometry_name": "GEOMETRY", "properties": {"ID_LINEA": "PTAMC16_242", "AMBITO": "16", "COD_UF": "26", "NOME_UF": "Deiva", "COD_PAR": "2", "NOME_PAR": "Framura", "LIM_PAR_W": "Porticciolo", "LIM_PAR_E": "Punta Monte Grosso", "LUNGH": 94, "TIPO_LINEA": "artificiale", "CAT_LINEA": "242", "FASE_ITER": "approvazione", "DATA_ITER": "D.C.R. n.2 del 21/02/2023", "DATA_DIGIT": 20191025}, "bbox": [9.532463, 44.206955, 9.533576, 44.207233]}, {"type": "Feature", "id": "L7173.PTAMC16_323", "geometry": {"type": "LineString", "coordinates": [[9.533965, 44.206788, 0], [9.533824, 44.206847, 0], [9.533622, 44.206942, 0], [9.533576, 44.206955, 0]]}, "geometry_name": "GEOMETRY", "properties": {"ID_LINEA": "PTAMC16_323", "AMBITO": "16", "COD_UF": "26", "NOME_UF": "Deiva", "COD_PAR": "2", "NOME_PAR": "Framura", "LIM_PAR_W": "Porticciolo", "LIM_PAR_E": "Punta Monte Grosso", "LUNGH": 36, "TIPO_LINEA": "spiaggia", "CAT_LINEA": "427", "FASE_ITER": "approvazione", "DATA_ITER": "D.C.R. n.2 del 21/02/2023", "DATA_DIGIT": 20191025}, "bbox": [9.533576, 44.206788, 9.533965, 44.206955]}, {"type": "Feature", "id": "L7173.PTAMC16_324", "geometry": {"type": "LineString", "coordinates": [[9.534655, 44.206697, 0], [9.534571, 44.206697, 0], [9.534387, 44.206689, 0], [9.534262, 44.206685, 0], [9.534086, 44.206737, 0], [9.533965, 44.206788, 0]]}, "geometry_name": "GEOMETRY", "properties": {"ID_LINEA": "PTAMC16_324", "AMBITO": "16", "COD_UF": "26", "NOME_UF": "Deiva", "COD_PAR": "2", "NOME_PAR": "Framura", "LIM_PAR_W": "Porticciolo", "LIM_PAR_E": "Punta Monte Grosso", "LUNGH": 58, "TIPO_LINEA": "costa alta", "CAT_LINEA": "428", "FASE_ITER": "approvazione", "DATA_ITER": "D.C.R. n.2 del 21/02/2023", "DATA_DIGIT": 20191025}, "bbox": [9.533965, 44.206685, 9.534655, 44.206788]}, {"type": "Feature", "id": "L7173.PTAMC16_325", "geometry": {"type": "LineString", "coordinates": [[9.534807, 44.206649, 0], [9.534709, 44.206697, 0], [9.534655, 44.206697, 0]]}, "geometry_name": "GEOMETRY", "properties": {"ID_LINEA": "PTAMC16_325", "AMBITO": "16", "COD_UF": "26", "NOME_UF": "Deiva", "COD_PAR": "2", "NOME_PAR": "Framura", "LIM_PAR_W": "Porticciolo", "LIM_PAR_E": "Punta Monte Grosso", "LUNGH": 14, "TIPO_LINEA": "spiaggia", "CAT_LINEA": "429", "FASE_ITER": "approvazione", "DATA_ITER": "D.C.R. n.2 del 21/02/2023", "DATA_DIGIT": 20191025}, "bbox": [9.534655, 44.206649, 9.534807, 44.206697]}, {"type": "Feature", "id": "L7173.PTAMC16_322", "geometry": {"type": "LineString", "coordinates": [[9.54331, 44.207131, 0], [9.543235, 44.207106, 0], [9.543141, 44.207072, 0], [9.543073, 44.207033, 0], [9.543028, 44.206992, 0], [9.542946, 44.206934, 0], [9.542888, 44.20689, 0], [9.542809, 44.206875, 0], [9.542695, 44.206852, 0], [9.54259, 44.206849, 0], [9.542451, 44.206843, 0], [9.542372, 44.206846, 0], [9.542285, 44.206851, 0], [9.542182, 44.20684, 0], [9.542045, 44.206813, 0], [9.5419, 44.206756, 0], [9.541788, 44.206701, 0], [9.541702, 44.206649, 0], [9.541615, 44.206612, 0], [9.54149, 44.206597, 0], [9.541357, 44.2066, 0], [9.541206, 44.206599, 0], [9.541023, 44.206567, 0], [9.540915, 44.206546, 0], [9.540833, 44.206504, 0], [9.540716, 44.206442, 0], [9.540671, 44.20637, 0], [9.540585, 44.206344, 0], [9.54047, 44.20634, 0], [9.540357, 44.206338, 0], [9.540246, 44.206378, 0], [9.540017, 44.20636, 0], [9.539918, 44.206323, 0], [9.539767, 44.206328, 0], [9.539643, 44.206343, 0], [9.539498, 44.206334, 0], [9.539406, 44.206316, 0], [9.539261, 44.206269, 0], [9.539196, 44.206265, 0], [9.539051, 44.206242, 0], [9.538992, 44.206242, 0], [9.538828, 44.206243, 0], [9.53871, 44.206248, 0], [9.538566, 44.206249, 0], [9.538376, 44.206264, 0], [9.53816, 44.206336, 0], [9.537898, 44.206446, 0], [9.537647, 44.20657, 0], [9.537444, 44.206618, 0], [9.537247, 44.206637, 0], [9.536952, 44.206672, 0], [9.536782, 44.206668, 0], [9.536565, 44.206617, 0], [9.53644, 44.206608, 0], [9.536282, 44.206604, 0], [9.536178, 44.206652, 0], [9.536133, 44.206718, 0], [9.536047, 44.206742, 0], [9.535758, 44.206711, 0], [9.53545, 44.206665, 0], [9.53524, 44.206652, 0], [9.535141, 44.206647, 0], [9.535095, 44.206582, 0], [9.535146, 44.206506, 0], [9.535178, 44.206416, 0], [9.535126, 44.206416, 0], [9.534989, 44.20654, 0], [9.534807, 44.206649, 0]]}, "geometry_name": "GEOMETRY", "properties": {"ID_LINEA": "PTAMC16_322", "AMBITO": "16", "COD_UF": "26", "NOME_UF": "Deiva", "COD_PAR": "2", "NOME_PAR": "Framura", "LIM_PAR_W": "Porticciolo", "LIM_PAR_E": "Punta Monte Grosso", "LUNGH": 773, "TIPO_LINEA": "costa alta", "CAT_LINEA": "426", "FASE_ITER": "approvazione", "DATA_ITER": "D.C.R. n.2 del 21/02/2023", "DATA_DIGIT": 20191025}, "bbox": [9.534807, 44.206242, 9.54331, 44.207131]}, {"type": "Feature", "id": "L7173.PTAMC16_321", "geometry": {"type": "LineString", "coordinates": [[9.544844, 44.207367, 0], [9.54473, 44.20735, 0], [9.544597, 44.207314, 0], [9.544512, 44.207294, 0], [9.544421, 44.207271, 0], [9.544292, 44.207267, 0], [9.544079, 44.207255, 0], [9.543933, 44.207246, 0], [9.543736, 44.207226, 0], [9.543598, 44.207202, 0], [9.543435, 44.207167, 0], [9.54331, 44.207131, 0]]}, "geometry_name": "GEOMETRY", "properties": {"ID_LINEA": "PTAMC16_321", "AMBITO": "16", "COD_UF": "26", "NOME_UF": "Deiva", "COD_PAR": "2", "NOME_PAR": "Framura", "LIM_PAR_W": "Porticciolo", "LIM_PAR_E": "Punta Monte Grosso", "LUNGH": 126, "TIPO_LINEA": "spiaggia", "CAT_LINEA": "425", "FASE_ITER": "approvazione", "DATA_ITER": "D.C.R. n.2 del 21/02/2023", "DATA_DIGIT": 20191025}, "bbox": [9.54331, 44.207131, 9.544844, 44.207367]}, {"type": "Feature", "id": "L7173.PTAMC16_320", "geometry": {"type": "LineString", "coordinates": [[9.545306, 44.207374, 0], [9.545225, 44.207379, 0], [9.545105, 44.207381, 0], [9.544844, 44.207367, 0]]}, "geometry_name": "GEOMETRY", "properties": {"ID_LINEA": "PTAMC16_320", "AMBITO": "16", "COD_UF": "26", "NOME_UF": "Deiva", "COD_PAR": "2", "NOME_PAR": "Framura", "LIM_PAR_W": "Porticciolo", "LIM_PAR_E": "Punta Monte Grosso", "LUNGH": 37, "TIPO_LINEA": "costa alta", "CAT_LINEA": "424", "FASE_ITER": "approvazione", "DATA_ITER": "D.C.R. n.2 del 21/02/2023", "DATA_DIGIT": 20191025}, "bbox": [9.544844, 44.207367, 9.545306, 44.207381]}, {"type": "Feature", "id": "L7173.PTAMC16_319", "geometry": {"type": "LineString", "coordinates": [[9.545715, 44.207316, 0], [9.545601, 44.207346, 0], [9.545392, 44.207369, 0], [9.545306, 44.207374, 0]]}, "geometry_name": "GEOMETRY", "properties": {"ID_LINEA": "PTAMC16_319", "AMBITO": "16", "COD_UF": "26", "NOME_UF": "Deiva", "COD_PAR": "2", "NOME_PAR": "Framura", "LIM_PAR_W": "Porticciolo", "LIM_PAR_E": "Punta Monte Grosso", "LUNGH": 33, "TIPO_LINEA": "spiaggia", "CAT_LINEA": "423", "FASE_ITER": "approvazione", "DATA_ITER": "D.C.R. n.2 del 21/02/2023", "DATA_DIGIT": 20191025}, "bbox": [9.545306, 44.207316, 9.545715, 44.207374]}, {"type": "Feature", "id": "L7173.PTAMC16_318", "geometry": {"type": "LineString", "coordinates": [[9.545922, 44.207356, 0], [9.545879, 44.207348, 0], [9.545853, 44.20732, 0], [9.545835, 44.207284, 0], [9.54581, 44.207281, 0], [9.545738, 44.207293, 0], [9.545715, 44.207316, 0]]}, "geometry_name": "GEOMETRY", "properties": {"ID_LINEA": "PTAMC16_318", "AMBITO": "16", "COD_UF": "26", "NOME_UF": "Deiva", "COD_PAR": "2", "NOME_PAR": "Framura", "LIM_PAR_W": "Porticciolo", "LIM_PAR_E": "Punta Monte Grosso", "LUNGH": 23, "TIPO_LINEA": "costa alta", "CAT_LINEA": "422", "FASE_ITER": "approvazione", "DATA_ITER": "D.C.R. n.2 del 21/02/2023", "DATA_DIGIT": 20191025}, "bbox": [9.545715, 44.207281, 9.545922, 44.207356]}, {"type": "Feature", "id": "L7173.PTAMC16_238", "geometry": {"type": "LineString", "coordinates": [[9.547049, 44.207188, 0], [9.546962, 44.207194, 0], [9.546794, 44.20723, 0], [9.546625, 44.207261, 0], [9.546356, 44.2073, 0], [9.546135, 44.20733, 0], [9.545994, 44.207347, 0], [9.545922, 44.207356, 0]]}, "geometry_name": "GEOMETRY", "properties": {"ID_LINEA": "PTAMC16_238", "AMBITO": "16", "COD_UF": "26", "NOME_UF": "Deiva", "COD_PAR": "2", "NOME_PAR": "Framura", "LIM_PAR_W": "Porticciolo", "LIM_PAR_E": "Punta Monte Grosso", "LUNGH": 92, "TIPO_LINEA": "spiaggia", "CAT_LINEA": "238", "FASE_ITER": "approvazione", "DATA_ITER": "D.C.R. n.2 del 21/02/2023", "DATA_DIGIT": 20191025}, "bbox": [9.545922, 44.207188, 9.547049, 44.207356]}, {"type": "Feature", "id": "L7173.PTAMC16_237", "geometry": {"type": "LineString", "coordinates": [[9.548062, 44.207138, 0], [9.547903, 44.207148, 0], [9.547728, 44.207166, 0], [9.54763, 44.207166, 0], [9.547511, 44.207158, 0], [9.547395, 44.207152, 0], [9.5473, 44.207156, 0], [9.54719, 44.207181, 0], [9.547049, 44.207188, 0]]}, "geometry_name": "GEOMETRY", "properties": {"ID_LINEA": "PTAMC16_237", "AMBITO": "16", "COD_UF": "26", "NOME_UF": "Deiva", "COD_PAR": "2", "NOME_PAR": "Framura", "LIM_PAR_W": "Porticciolo", "LIM_PAR_E": "Punta Monte Grosso", "LUNGH": 82, "TIPO_LINEA": "artificiale", "CAT_LINEA": "237", "FASE_ITER": "approvazione", "DATA_ITER": "D.C.R. n.2 del 21/02/2023", "DATA_DIGIT": 20191025}, "bbox": [9.547049, 44.207138, 9.548062, 44.207188]}, {"type": "Feature", "id": "L7173.PTAMC16_379", "geometry": {"type": "LineString", "coordinates": [[9.475779, 44.235535, 0], [9.475782, 44.235452, 0], [9.475812, 44.235392, 0], [9.475797, 44.235361, 0], [9.475679, 44.235338, 0], [9.475574, 44.235345, 0], [9.475513, 44.235339, 0], [9.475452, 44.235295, 0], [9.475368, 44.235197, 0], [9.475298, 44.235145, 0], [9.475213, 44.23513, 0], [9.475231, 44.235093, 0], [9.475299, 44.234752, 0], [9.475262, 44.234697, 0], [9.475161, 44.234623, 0], [9.475135, 44.234647, 0], [9.475103, 44.234698, 0], [9.475034, 44.234753, 0], [9.474943, 44.234775, 0], [9.474833, 44.234778, 0], [9.474756, 44.2348, 0], [9.474677, 44.2348, 0], [9.474631, 44.234746, 0], [9.474679, 44.234668, 0], [9.474748, 44.234621, 0], [9.47476, 44.234533, 0], [9.474727, 44.234484, 0], [9.474622, 44.234439, 0], [9.474576, 44.234437, 0], [9.47448, 44.234445, 0], [9.474454, 44.234461, 0], [9.474432, 44.234546, 0], [9.474413, 44.234641, 0], [9.474381, 44.234783, 0], [9.474339, 44.234847, 0], [9.474281, 44.234889, 0], [9.474002, 44.234933, 0], [9.473788, 44.234924, 0], [9.47369, 44.234903, 0], [9.473594, 44.234852, 0], [9.473535, 44.2348, 0], [9.473531, 44.234758, 0], [9.473514, 44.234689, 0], [9.473448, 44.234657, 0], [9.473347, 44.234676, 0], [9.473291, 44.234686, 0], [9.473245, 44.234719, 0], [9.473203, 44.23471, 0], [9.473186, 44.234658, 0], [9.473234, 44.234594, 0], [9.473214, 44.234511, 0], [9.47324, 44.234422, 0], [9.47321, 44.234382, 0], [9.473097, 44.234306, 0], [9.473015, 44.234335, 0], [9.472958, 44.234257, 0], [9.472938, 44.2342, 0], [9.472905, 44.234142, 0], [9.472839, 44.234128, 0], [9.472793, 44.234123, 0], [9.47279, 44.234095, 0], [9.47278, 44.234052, 0], [9.472766, 44.234017, 0], [9.472743, 44.233939, 0], [9.472736, 44.233892, 0], [9.472738, 44.233821, 0], [9.472764, 44.233689, 0], [9.472724, 44.233635, 0], [9.472662, 44.23372, 0], [9.472623, 44.233782, 0], [9.472578, 44.233846, 0], [9.472535, 44.233865, 0], [9.472489, 44.233884, 0], [9.472434, 44.233884, 0], [9.47241, 44.233827, 0], [9.472436, 44.233771, 0], [9.472488, 44.233709, 0], [9.472507, 44.233664, 0], [9.472517, 44.233615, 0], [9.472526, 44.23353, 0], [9.472512, 44.233461, 0], [9.472453, 44.233447, 0]]}, "geometry_name": "GEOMETRY", "properties": {"ID_LINEA": "PTAMC16_379", "AMBITO": "16", "COD_UF": "25", "NOME_UF": "Moneglia", "COD_PAR": "2", "NOME_PAR": "Moneglia", "LIM_PAR_W": "Punta Moneglia", "LIM_PAR_E": "Punta Rospo", "LUNGH": 645, "TIPO_LINEA": "costa alta", "CAT_LINEA": "1824", "FASE_ITER": "approvazione", "DATA_ITER": "D.C.R. n.2 del 21/02/2023", "DATA_DIGIT": 20191025}, "bbox": [9.47241, 44.233447, 9.475812, 44.235535]}, {"type": "Feature", "id": "L7173.PTAMC16_275", "geometry": {"type": "LineString", "coordinates": [[9.477827, 44.238305, 0], [9.477911, 44.238134, 0], [9.477882, 44.23804, 0], [9.477853, 44.237933, 0], [9.47772, 44.237748, 0], [9.477647, 44.237743, 0], [9.477607, 44.237682, 0], [9.477588, 44.237604, 0], [9.477572, 44.237512, 0], [9.477536, 44.237452, 0], [9.477293, 44.237175, 0], [9.477077, 44.236943, 0], [9.476935, 44.236776, 0], [9.476798, 44.236531, 0], [9.476632, 44.236296, 0], [9.476598, 44.236183, 0], [9.476459, 44.236047, 0], [9.476056, 44.235723, 0], [9.475835, 44.235568, 0], [9.475779, 44.235535, 0]]}, "geometry_name": "GEOMETRY", "properties": {"ID_LINEA": "PTAMC16_275", "AMBITO": "16", "COD_UF": "25", "NOME_UF": "Moneglia", "COD_PAR": "2", "NOME_PAR": "Moneglia", "LIM_PAR_W": "Punta Moneglia", "LIM_PAR_E": "Punta Rospo", "LUNGH": 364, "TIPO_LINEA": "artificiale", "CAT_LINEA": "275", "FASE_ITER": "approvazione", "DATA_ITER": "D.C.R. n.2 del 21/02/2023", "DATA_DIGIT": 20191025}, "bbox": [9.475779, 44.235535, 9.477911, 44.238305]}, {"type": "Feature", "id": "L7173.PTAMC16_274", "geometry": {"type": "LineString", "coordinates": [[9.477887, 44.2385, 0], [9.477838, 44.23846, 0], [9.477813, 44.238396, 0], [9.477796, 44.238354, 0], [9.477804, 44.238322, 0], [9.477827, 44.238305, 0]]}, "geometry_name": "GEOMETRY", "properties": {"ID_LINEA": "PTAMC16_274", "AMBITO": "16", "COD_UF": "25", "NOME_UF": "Moneglia", "COD_PAR": "2", "NOME_PAR": "Moneglia", "LIM_PAR_W": "Punta Moneglia", "LIM_PAR_E": "Punta Rospo", "LUNGH": 24, "TIPO_LINEA": "spiaggia", "CAT_LINEA": "274", "FASE_ITER": "approvazione", "DATA_ITER": "D.C.R. n.2 del 21/02/2023", "DATA_DIGIT": 20191025}, "bbox": [9.477796, 44.238305, 9.477887, 44.2385]}, {"type": "Feature", "id": "L7173.PTAMC16_273", "geometry": {"type": "LineString", "coordinates": [[9.478706, 44.239376, 0], [9.478685, 44.239267, 0], [9.478648, 44.239166, 0], [9.478485, 44.238985, 0], [9.478075, 44.23858, 0], [9.477976, 44.238519, 0], [9.477887, 44.2385, 0]]}, "geometry_name": "GEOMETRY", "properties": {"ID_LINEA": "PTAMC16_273", "AMBITO": "16", "COD_UF": "25", "NOME_UF": "Moneglia", "COD_PAR": "2", "NOME_PAR": "Moneglia", "LIM_PAR_W": "Punta Moneglia", "LIM_PAR_E": "Punta Rospo", "LUNGH": 121, "TIPO_LINEA": "artificiale", "CAT_LINEA": "273", "FASE_ITER": "approvazione", "DATA_ITER": "D.C.R. n.2 del 21/02/2023", "DATA_DIGIT": 20191025}, "bbox": [9.477887, 44.2385, 9.478706, 44.239376]}, {"type": "Feature", "id": "L7173.PTAMC16_272", "geometry": {"type": "LineString", "coordinates": [[9.479796, 44.240381, 0], [9.479795, 44.240327, 0], [9.479743, 44.240292, 0], [9.479677, 44.240285, 0], [9.479634, 44.240266, 0], [9.479454, 44.240181, 0], [9.479339, 44.240105, 0], [9.479175, 44.239976, 0], [9.478998, 44.239802, 0], [9.478915, 44.239665, 0], [9.478805, 44.239498, 0], [9.478706, 44.239376, 0]]}, "geometry_name": "GEOMETRY", "properties": {"ID_LINEA": "PTAMC16_272", "AMBITO": "16", "COD_UF": "25", "NOME_UF": "Moneglia", "COD_PAR": "2", "NOME_PAR": "Moneglia", "LIM_PAR_W": "Punta Moneglia", "LIM_PAR_E": "Punta Rospo", "LUNGH": 147, "TIPO_LINEA": "costa alta", "CAT_LINEA": "272", "FASE_ITER": "approvazione", "DATA_ITER": "D.C.R. n.2 del 21/02/2023", "DATA_DIGIT": 20191025}, "bbox": [9.478706, 44.239376, 9.479796, 44.240381]}, {"type": "Feature", "id": "L7173.PTAMC16_271", "geometry": {"type": "LineString", "coordinates": [[9.480122, 44.240488, 0], [9.480023, 44.240479, 0], [9.479882, 44.240437, 0], [9.479796, 44.240381, 0]]}, "geometry_name": "GEOMETRY", "properties": {"ID_LINEA": "PTAMC16_271", "AMBITO": "16", "COD_UF": "25", "NOME_UF": "Moneglia", "COD_PAR": "2", "NOME_PAR": "Moneglia", "LIM_PAR_W": "Punta Moneglia", "LIM_PAR_E": "Punta Rospo", "LUNGH": 29, "TIPO_LINEA": "spiaggia", "CAT_LINEA": "271", "FASE_ITER": "approvazione", "DATA_ITER": "D.C.R. n.2 del 21/02/2023", "DATA_DIGIT": 20191025}, "bbox": [9.479796, 44.240381, 9.480122, 44.240488]}, {"type": "Feature", "id": "L7173.PTAMC16_270", "geometry": {"type": "LineString", "coordinates": [[9.480234, 44.240525, 0], [9.480122, 44.240488, 0]]}, "geometry_name": "GEOMETRY", "properties": {"ID_LINEA": "PTAMC16_270", "AMBITO": "16", "COD_UF": "25", "NOME_UF": "Moneglia", "COD_PAR": "2", "NOME_PAR": "Moneglia", "LIM_PAR_W": "Punta Moneglia", "LIM_PAR_E": "Punta Rospo", "LUNGH": 10, "TIPO_LINEA": "artificiale", "CAT_LINEA": "270", "FASE_ITER": "approvazione", "DATA_ITER": "D.C.R. n.2 del 21/02/2023", "DATA_DIGIT": 20191025}, "bbox": [9.480122, 44.240488, 9.480234, 44.240525]}, {"type": "Feature", "id": "L7173.PTAMC16_269", "geometry": {"type": "LineString", "coordinates": [[9.483894, 44.240328, 0], [9.4837, 44.240376, 0], [9.483353, 44.240444, 0], [9.483041, 44.240487, 0], [9.482632, 44.240541, 0], [9.482225, 44.240583, 0], [9.482051, 44.240614, 0], [9.481328, 44.240712, 0], [9.481115, 44.240734, 0], [9.480918, 44.240749, 0], [9.480718, 44.240743, 0], [9.480583, 44.240734, 0], [9.480455, 44.240699, 0], [9.480372, 44.240661, 0], [9.4803, 44.24061, 0], [9.480253, 44.240558, 0], [9.480234, 44.240525, 0]]}, "geometry_name": "GEOMETRY", "properties": {"ID_LINEA": "PTAMC16_269", "AMBITO": "16", "COD_UF": "25", "NOME_UF": "Moneglia", "COD_PAR": "2", "NOME_PAR": "Moneglia", "LIM_PAR_W": "Punta Moneglia", "LIM_PAR_E": "Punta Rospo", "LUNGH": 307, "TIPO_LINEA": "spiaggia", "CAT_LINEA": "269", "FASE_ITER": "approvazione", "DATA_ITER": "D.C.R. n.2 del 21/02/2023", "DATA_DIGIT": 20191025}, "bbox": [9.480234, 44.240328, 9.483894, 44.240749]}, {"type": "Feature", "id": "L7173.PTAMC16_268", "geometry": {"type": "LineString", "coordinates": [[9.485613, 44.239612, 0], [9.48538, 44.239665, 0], [9.485082, 44.239796, 0], [9.484762, 44.239937, 0], [9.484608, 44.240032, 0], [9.48456, 44.240129, 0], [9.483894, 44.240328, 0]]}, "geometry_name": "GEOMETRY", "properties": {"ID_LINEA": "PTAMC16_268", "AMBITO": "16", "COD_UF": "25", "NOME_UF": "Moneglia", "COD_PAR": "2", "NOME_PAR": "Moneglia", "LIM_PAR_W": "Punta Moneglia", "LIM_PAR_E": "Punta Rospo", "LUNGH": 163, "TIPO_LINEA": "artificiale", "CAT_LINEA": "268", "FASE_ITER": "approvazione", "DATA_ITER": "D.C.R. n.2 del 21/02/2023", "DATA_DIGIT": 20191025}, "bbox": [9.483894, 44.239612, 9.485613, 44.240328]}, {"type": "Feature", "id": "L7173.PTAMC16_267", "geometry": {"type": "LineString", "coordinates": [[9.486367, 44.239589, 0], [9.486291, 44.239536, 0], [9.486304, 44.239505, 0], [9.486324, 44.239482, 0], [9.486281, 44.239468, 0], [9.486215, 44.239466, 0], [9.486159, 44.239428, 0], [9.4861, 44.239405, 0], [9.486047, 44.2394, 0], [9.485995, 44.239396, 0], [9.485981, 44.239356, 0], [9.485991, 44.239316, 0], [9.48603, 44.239223, 0], [9.486013, 44.239148, 0], [9.485946, 44.239047, 0], [9.485854, 44.239009, 0], [9.485742, 44.239026, 0], [9.485707, 44.239074, 0], [9.485699, 44.239279, 0], [9.485674, 44.239444, 0], [9.485613, 44.239612, 0]]}, "geometry_name": "GEOMETRY", "properties": {"ID_LINEA": "PTAMC16_267", "AMBITO": "16", "COD_UF": "25", "NOME_UF": "Moneglia", "COD_PAR": "2", "NOME_PAR": "Moneglia", "LIM_PAR_W": "Punta Moneglia", "LIM_PAR_E": "Punta Rospo", "LUNGH": 169, "TIPO_LINEA": "costa alta", "CAT_LINEA": "267", "FASE_ITER": "approvazione", "DATA_ITER": "D.C.R. n.2 del 21/02/2023", "DATA_DIGIT": 20191025}, "bbox": [9.485613, 44.239009, 9.486367, 44.239612]}, {"type": "Feature", "id": "L7173.PTAMC16_266", "geometry": {"type": "LineString", "coordinates": [[9.491831, 44.236835, 0], [9.491769, 44.236913, 0], [9.491678, 44.236999, 0], [9.491528, 44.237106, 0], [9.491439, 44.237153, 0], [9.491322, 44.237234, 0], [9.491165, 44.237348, 0], [9.491073, 44.237467, 0], [9.491001, 44.237552, 0], [9.490941, 44.237611, 0], [9.490874, 44.237665, 0], [9.49077, 44.237728, 0], [9.490603, 44.237807, 0], [9.490385, 44.237896, 0], [9.490258, 44.237941, 0], [9.490047, 44.238006, 0], [9.489838, 44.23807, 0], [9.4897, 44.238118, 0], [9.489544, 44.23819, 0], [9.489475, 44.238234, 0], [9.489354, 44.238302, 0], [9.489302, 44.238332, 0], [9.489212, 44.238368, 0], [9.489161, 44.238391, 0], [9.489002, 44.238471, 0], [9.488907, 44.238523, 0], [9.488731, 44.238642, 0], [9.488604, 44.238733, 0], [9.488516, 44.238823, 0], [9.488446, 44.238914, 0], [9.488361, 44.238993, 0], [9.488278, 44.239047, 0], [9.488198, 44.239088, 0], [9.488036, 44.239145, 0], [9.487874, 44.23918, 0], [9.487638, 44.239226, 0], [9.487518, 44.239246, 0], [9.487416, 44.239263, 0], [9.487271, 44.23931, 0], [9.486777, 44.239486, 0], [9.486574, 44.239559, 0], [9.486507, 44.239577, 0], [9.486456, 44.239584, 0], [9.48641, 44.239589, 0], [9.486367, 44.239589, 0]]}, "geometry_name": "GEOMETRY", "properties": {"ID_LINEA": "PTAMC16_266", "AMBITO": "16", "COD_UF": "25", "NOME_UF": "Moneglia", "COD_PAR": "2", "NOME_PAR": "Moneglia", "LIM_PAR_W": "Punta Moneglia", "LIM_PAR_E": "Punta Rospo", "LUNGH": 548, "TIPO_LINEA": "spiaggia", "CAT_LINEA": "266", "FASE_ITER": "approvazione", "DATA_ITER": "D.C.R. n.2 del 21/02/2023", "DATA_DIGIT": 20191025}, "bbox": [9.486367, 44.236835, 9.491831, 44.239589]}, {"type": "Feature", "id": "L7173.PTAMC16_265", "geometry": {"type": "LineString", "coordinates": [[9.492202, 44.236926, 0], [9.491831, 44.236835, 0]]}, "geometry_name": "GEOMETRY", "properties": {"ID_LINEA": "PTAMC16_265", "AMBITO": "16", "COD_UF": "25", "NOME_UF": "Moneglia", "COD_PAR": "2", "NOME_PAR": "Moneglia", "LIM_PAR_W": "Punta Moneglia", "LIM_PAR_E": "Punta Rospo", "LUNGH": 31, "TIPO_LINEA": "artificiale", "CAT_LINEA": "265", "FASE_ITER": "approvazione", "DATA_ITER": "D.C.R. n.2 del 21/02/2023", "DATA_DIGIT": 20191025}, "bbox": [9.491831, 44.236835, 9.492202, 44.236926]}, {"type": "Feature", "id": "L7173.PTAMC16_264", "geometry": {"type": "LineString", "coordinates": [[9.492748, 44.2366, 0], [9.492683, 44.236671, 0], [9.492611, 44.236747, 0], [9.492536, 44.236813, 0], [9.492455, 44.236868, 0], [9.492412, 44.236892, 0], [9.492363, 44.236909, 0], [9.492327, 44.236916, 0], [9.492261, 44.236923, 0], [9.492202, 44.236926, 0]]}, "geometry_name": "GEOMETRY", "properties": {"ID_LINEA": "PTAMC16_264", "AMBITO": "16", "COD_UF": "25", "NOME_UF": "Moneglia", "COD_PAR": "2", "NOME_PAR": "Moneglia", "LIM_PAR_W": "Punta Moneglia", "LIM_PAR_E": "Punta Rospo", "LUNGH": 60, "TIPO_LINEA": "spiaggia", "CAT_LINEA": "264", "FASE_ITER": "approvazione", "DATA_ITER": "D.C.R. n.2 del 21/02/2023", "DATA_DIGIT": 20191025}, "bbox": [9.492202, 44.2366, 9.492748, 44.236926]}, {"type": "Feature", "id": "L7173.PTAMC16_263", "geometry": {"type": "LineString", "coordinates": [[9.492879, 44.236545, 0], [9.492748, 44.2366, 0]]}, "geometry_name": "GEOMETRY", "properties": {"ID_LINEA": "PTAMC16_263", "AMBITO": "16", "COD_UF": "25", "NOME_UF": "Moneglia", "COD_PAR": "2", "NOME_PAR": "Moneglia", "LIM_PAR_W": "Punta Moneglia", "LIM_PAR_E": "Punta Rospo", "LUNGH": 12, "TIPO_LINEA": "artificiale", "CAT_LINEA": "263", "FASE_ITER": "approvazione", "DATA_ITER": "D.C.R. n.2 del 21/02/2023", "DATA_DIGIT": 20191025}, "bbox": [9.492748, 44.236545, 9.492879, 44.2366]}, {"type": "Feature", "id": "L7173.PTAMC16_262", "geometry": {"type": "LineString", "coordinates": [[9.49343, 44.236203, 0], [9.493362, 44.236269, 0], [9.493284, 44.236345, 0], [9.493186, 44.236412, 0], [9.493088, 44.236466, 0], [9.49297, 44.236507, 0], [9.492879, 44.236545, 0]]}, "geometry_name": "GEOMETRY", "properties": {"ID_LINEA": "PTAMC16_262", "AMBITO": "16", "COD_UF": "25", "NOME_UF": "Moneglia", "COD_PAR": "2", "NOME_PAR": "Moneglia", "LIM_PAR_W": "Punta Moneglia", "LIM_PAR_E": "Punta Rospo", "LUNGH": 59, "TIPO_LINEA": "spiaggia", "CAT_LINEA": "262", "FASE_ITER": "approvazione", "DATA_ITER": "D.C.R. n.2 del 21/02/2023", "DATA_DIGIT": 20191025}, "bbox": [9.492879, 44.236203, 9.49343, 44.236545]}, {"type": "Feature", "id": "L7173.PTAMC16_261", "geometry": {"type": "LineString", "coordinates": [[9.493617, 44.236038, 0], [9.49343, 44.236203, 0]]}, "geometry_name": "GEOMETRY", "properties": {"ID_LINEA": "PTAMC16_261", "AMBITO": "16", "COD_UF": "25", "NOME_UF": "Moneglia", "COD_PAR": "2", "NOME_PAR": "Moneglia", "LIM_PAR_W": "Punta Moneglia", "LIM_PAR_E": "Punta Rospo", "LUNGH": 24, "TIPO_LINEA": "artificiale", "CAT_LINEA": "261", "FASE_ITER": "approvazione", "DATA_ITER": "D.C.R. n.2 del 21/02/2023", "DATA_DIGIT": 20191025}, "bbox": [9.49343, 44.236038, 9.493617, 44.236203]}, {"type": "Feature", "id": "L7173.PTAMC16_260", "geometry": {"type": "LineString", "coordinates": [[9.494359, 44.235699, 0], [9.494248, 44.235782, 0], [9.494059, 44.235887, 0], [9.493889, 44.235961, 0], [9.493745, 44.236011, 0], [9.493617, 44.236038, 0]]}, "geometry_name": "GEOMETRY", "properties": {"ID_LINEA": "PTAMC16_260", "AMBITO": "16", "COD_UF": "25", "NOME_UF": "Moneglia", "COD_PAR": "2", "NOME_PAR": "Moneglia", "LIM_PAR_W": "Punta Moneglia", "LIM_PAR_E": "Punta Rospo", "LUNGH": 71, "TIPO_LINEA": "spiaggia", "CAT_LINEA": "260", "FASE_ITER": "approvazione", "DATA_ITER": "D.C.R. n.2 del 21/02/2023", "DATA_DIGIT": 20191025}, "bbox": [9.493617, 44.235699, 9.494359, 44.236038]}, {"type": "Feature", "id": "L7173.PTAMC16_259", "geometry": {"type": "LineString", "coordinates": [[9.495027, 44.23513, 0], [9.494867, 44.235176, 0], [9.49472, 44.235247, 0], [9.494501, 44.235434, 0], [9.494378, 44.235572, 0], [9.494323, 44.23565, 0], [9.494359, 44.235699, 0]]}, "geometry_name": "GEOMETRY", "properties": {"ID_LINEA": "PTAMC16_259", "AMBITO": "16", "COD_UF": "25", "NOME_UF": "Moneglia", "COD_PAR": "2", "NOME_PAR": "Moneglia", "LIM_PAR_W": "Punta Moneglia", "LIM_PAR_E": "Punta Rospo", "LUNGH": 89, "TIPO_LINEA": "artificiale", "CAT_LINEA": "259", "FASE_ITER": "approvazione", "DATA_ITER": "D.C.R. n.2 del 21/02/2023", "DATA_DIGIT": 20191025}, "bbox": [9.494323, 44.23513, 9.495027, 44.235699]}, {"type": "Feature", "id": "L7173.PTAMC16_258", "geometry": {"type": "LineString", "coordinates": [[9.495795, 44.23414, 0], [9.495773, 44.23425, 0], [9.495702, 44.23442, 0], [9.495586, 44.234603, 0], [9.495433, 44.234797, 0], [9.495297, 44.234951, 0], [9.495142, 44.235059, 0], [9.495027, 44.23513, 0]]}, "geometry_name": "GEOMETRY", "properties": {"ID_LINEA": "PTAMC16_258", "AMBITO": "16", "COD_UF": "25", "NOME_UF": "Moneglia", "COD_PAR": "2", "NOME_PAR": "Moneglia", "LIM_PAR_W": "Punta Moneglia", "LIM_PAR_E": "Punta Rospo", "LUNGH": 129, "TIPO_LINEA": "spiaggia", "CAT_LINEA": "258", "FASE_ITER": "approvazione", "DATA_ITER": "D.C.R. n.2 del 21/02/2023", "DATA_DIGIT": 20191025}, "bbox": [9.495027, 44.23414, 9.495795, 44.23513]}, {"type": "Feature", "id": "L7173.PTAMC16_256", "geometry": {"type": "LineString", "coordinates": [[9.496435, 44.233352, 0], [9.496361, 44.233473, 0], [9.496267, 44.233605, 0], [9.496228, 44.233674, 0], [9.496133, 44.233759, 0], [9.495951, 44.233887, 0], [9.495866, 44.233954, 0], [9.495778, 44.234006, 0]]}, "geometry_name": "GEOMETRY", "properties": {"ID_LINEA": "PTAMC16_256", "AMBITO": "16", "COD_UF": "25", "NOME_UF": "Moneglia", "COD_PAR": "2", "NOME_PAR": "Moneglia", "LIM_PAR_W": "Punta Moneglia", "LIM_PAR_E": "Punta Rospo", "LUNGH": 91, "TIPO_LINEA": "spiaggia", "CAT_LINEA": "256", "FASE_ITER": "approvazione", "DATA_ITER": "D.C.R. n.2 del 21/02/2023", "DATA_DIGIT": 20191025}, "bbox": [9.495778, 44.233352, 9.496435, 44.234006]}, {"type": "Feature", "id": "L7173.PTAMC16_257", "geometry": {"type": "LineString", "coordinates": [[9.495778, 44.234006, 0], [9.495795, 44.23414, 0]]}, "geometry_name": "GEOMETRY", "properties": {"ID_LINEA": "PTAMC16_257", "AMBITO": "16", "COD_UF": "25", "NOME_UF": "Moneglia", "COD_PAR": "2", "NOME_PAR": "Moneglia", "LIM_PAR_W": "Punta Moneglia", "LIM_PAR_E": "Punta Rospo", "LUNGH": 15, "TIPO_LINEA": "artificiale", "CAT_LINEA": "257", "FASE_ITER": "approvazione", "DATA_ITER": "D.C.R. n.2 del 21/02/2023", "DATA_DIGIT": 20191025}, "bbox": [9.495778, 44.234006, 9.495795, 44.23414]}], "totalFeatures": 284, "numberMatched": 284, "numberReturned": 284, "timeStamp": "2026-08-09T22:08:50.823Z", "crs": {"type": "name", "properties": {"name": "urn:ogc:def:crs:EPSG::4326"}}, "bbox": [9.47241, 44.023274, 9.880875, 44.240749]}