{"type": "FeatureCollection", "features": [{"type": "Feature", "properties": {"depth": 20}, "geometry": {"type": "LineString", "coordinates": [[9.819478, 44.05731], [9.818435, 44.057925], [9.817392, 44.058182], [9.81725, 44.058269], [9.816349, 44.05889], [9.815859, 44.059313], [9.815306, 44.059525], [9.814263, 44.059672], [9.813219, 44.059855], [9.812176, 44.06022], [9.811818, 44.060357], [9.811133, 44.060571], [9.81009, 44.060998], [9.809438, 44.061401], [9.809047, 44.061707], [9.808156, 44.062445], [9.808004, 44.062481], [9.80696, 44.062604], [9.805917, 44.062921], [9.804874, 44.062619], [9.803831, 44.06263], [9.802788, 44.062573], [9.801745, 44.062657], [9.800701, 44.063369], [9.800172, 44.063489]]}}, {"type": "Feature", "properties": {"depth": 20}, "geometry": {"type": "LineString", "coordinates": [[9.808777, 44.063489], [9.809047, 44.062833], [9.809197, 44.063339]]}}, {"type": "Feature", "properties": {"depth": 20}, "geometry": {"type": "LineString", "coordinates": [[9.79961, 44.063537], [9.798615, 44.063644], [9.797572, 44.063715], [9.796529, 44.063858], [9.795486, 44.064049], [9.794442, 44.064271], [9.793912, 44.064533], [9.793399, 44.064853], [9.792356, 44.0651], [9.791857, 44.065577], [9.791313, 44.065918], [9.79027, 44.066431], [9.789966, 44.066621], [9.789227, 44.067556], [9.7891, 44.067665], [9.788183, 44.06833], [9.787972, 44.068709], [9.787412, 44.069753], [9.78714, 44.070161], [9.786594, 44.070797]]}}, {"type": "Feature", "properties": {"depth": 20}, "geometry": {"type": "LineString", "coordinates": [[9.780262, 44.07122], [9.780063, 44.071841], [9.779838, 44.072393], [9.778807, 44.072885], [9.778795, 44.072891], [9.777752, 44.073099], [9.776709, 44.073635], [9.776412, 44.073929], [9.775665, 44.074003], [9.774622, 44.074046], [9.773694, 44.074973], [9.773579, 44.075401], [9.772536, 44.075984], [9.772459, 44.076016], [9.771493, 44.076602], [9.770638, 44.07706], [9.77045, 44.07718], [9.769478, 44.078104], [9.769406, 44.07827], [9.768612, 44.079148], [9.768518, 44.080192], [9.768374, 44.080203]]}}, {"type": "Feature", "properties": {"depth": 20}, "geometry": {"type": "LineString", "coordinates": [[9.783545, 44.071263], [9.782968, 44.071463], [9.782754, 44.071011]]}}, {"type": "Feature", "properties": {"depth": 20}, "geometry": {"type": "LineString", "coordinates": [[9.768353, 44.080203], [9.76732, 44.080239], [9.766277, 44.080319], [9.765234, 44.080931], [9.764704, 44.081236], [9.764191, 44.081743], [9.763477, 44.08228]]}}, {"type": "Feature", "properties": {"depth": 20}, "geometry": {"type": "LineString", "coordinates": [[9.762036, 44.082348], [9.761061, 44.082428], [9.760018, 44.083269], [9.758975, 44.083258], [9.758789, 44.083324], [9.757932, 44.08378], [9.757338, 44.084368], [9.756888, 44.084907], [9.756005, 44.085412], [9.755845, 44.08554], [9.754802, 44.085768], [9.753759, 44.086185], [9.753249, 44.086456], [9.752716, 44.087003], [9.751673, 44.087483], [9.751636, 44.0875], [9.750629, 44.087565], [9.749586, 44.088405], [9.74857, 44.088544], [9.748543, 44.088547], [9.7475, 44.088981], [9.746457, 44.089464], [9.746292, 44.089588]]}}, {"type": "Feature", "properties": {"depth": 20}, "geometry": {"type": "LineString", "coordinates": [[9.739781, 44.090005], [9.739155, 44.090043], [9.738586, 44.090632], [9.738482, 44.091306]]}}, {"type": "Feature", "properties": {"depth": 20}, "geometry": {"type": "LineString", "coordinates": [[9.745287, 44.089715], [9.744371, 44.08981], [9.743327, 44.089896], [9.742645, 44.089949]]}}, {"type": "Feature", "properties": {"depth": 20}, "geometry": {"type": "LineString", "coordinates": [[9.738112, 44.093112], [9.737655, 44.093764], [9.737183, 44.094693]]}}, {"type": "Feature", "properties": {"depth": 20}, "geometry": {"type": "LineString", "coordinates": [[9.737114, 44.094854], [9.737068, 44.095141], [9.736748, 44.095852], [9.736025, 44.096712], [9.734982, 44.096324], [9.733939, 44.096134], [9.732896, 44.09631], [9.731853, 44.096506], [9.730809, 44.096624], [9.730002, 44.096896], [9.729766, 44.09697], [9.729303, 44.096896], [9.728723, 44.096798], [9.728562, 44.096896], [9.727765, 44.09794], [9.72768, 44.097962], [9.727603, 44.09794], [9.726637, 44.097182], [9.726089, 44.096896], [9.725594, 44.096759], [9.72455, 44.096711], [9.723507, 44.09651], [9.722464, 44.096711], [9.721421, 44.096896], [9.721421, 44.096896], [9.720378, 44.097221], [9.719759, 44.096896], [9.719335, 44.096699], [9.719029, 44.096896], [9.718291, 44.09756], [9.717334, 44.09794], [9.717248, 44.098177], [9.716788, 44.098984], [9.716205, 44.099598], [9.715873, 44.100027], [9.715162, 44.10102], [9.715115, 44.101071], [9.714432, 44.102115], [9.714119, 44.102298], [9.713364, 44.103159], [9.713076, 44.10371], [9.712644, 44.104203], [9.712032, 44.1047], [9.710989, 44.10505], [9.710723, 44.105247], [9.709946, 44.105688], [9.708903, 44.105882], [9.70786, 44.106133], [9.707608, 44.106291], [9.706817, 44.106573], [9.706187, 44.106291], [9.705773, 44.105992], [9.70473, 44.105965], [9.704395, 44.106291], [9.703687, 44.107286], [9.703549, 44.107335], [9.702644, 44.107701], [9.701601, 44.108264], [9.701353, 44.108379], [9.700558, 44.108715], [9.699709, 44.109423], [9.699514, 44.109539], [9.698471, 44.110101], [9.697954, 44.110467], [9.697428, 44.11095], [9.696896, 44.111511], [9.696385, 44.112052], [9.695956, 44.112555], [9.695342, 44.113251], [9.694984, 44.113599], [9.694299, 44.114469], [9.694108, 44.114643], [9.693255, 44.115252], [9.692401, 44.115687], [9.692212, 44.115797], [9.691169, 44.116184], [9.690126, 44.116397], [9.689585, 44.116731], [9.689083, 44.117249], [9.688469, 44.117775], [9.68804, 44.118023], [9.686996, 44.118562], [9.686692, 44.118819], [9.685953, 44.119311], [9.685122, 44.119863], [9.68491, 44.120025], [9.683867, 44.120792], [9.683728, 44.120907], [9.682824, 44.121556], [9.681781, 44.121919], [9.681724, 44.121951], [9.680737, 44.122582], [9.680222, 44.122995], [9.679694, 44.123441], [9.678702, 44.124038], [9.678651, 44.124068], [9.677608, 44.124701], [9.676974, 44.125082], [9.676565, 44.125386], [9.675522, 44.126017], [9.67528, 44.126126], [9.674478, 44.126506], [9.673435, 44.126994], [9.673104, 44.12717], [9.672392, 44.127528], [9.671349, 44.127987], [9.670813, 44.128214], [9.670306, 44.128436], [9.669263, 44.128854], [9.668552, 44.129258], [9.668219, 44.129426], [9.667176, 44.129878], [9.666133, 44.130245], [9.666002, 44.130302], [9.66509, 44.13066], [9.664047, 44.131109], [9.663275, 44.131346], [9.663004, 44.131413], [9.66196, 44.131373], [9.660917, 44.131973], [9.659874, 44.13197], [9.658831, 44.132084], [9.657788, 44.132301], [9.656745, 44.132364], [9.655701, 44.13216], [9.654658, 44.131966], [9.653615, 44.13169], [9.652572, 44.131804], [9.651529, 44.131355], [9.651523, 44.131346], [9.650486, 44.130659], [9.65004, 44.130302], [9.649442, 44.129815], [9.64846, 44.129258], [9.648399, 44.129193], [9.647356, 44.128702], [9.646313, 44.129234], [9.645415, 44.128214], [9.64527, 44.128087], [9.644227, 44.128186], [9.644142, 44.128214], [9.643183, 44.128531], [9.642924, 44.128214], [9.643183, 44.127631], [9.643394, 44.12717], [9.643183, 44.126877], [9.64214, 44.126967], [9.641097, 44.12669], [9.640054, 44.126329], [9.639797, 44.126126], [9.639013, 44.125082], [9.639011, 44.125082], [9.63901, 44.125082], [9.638627, 44.126126], [9.637968, 44.126916], [9.636924, 44.126214], [9.636703, 44.126126], [9.635881, 44.125714], [9.634838, 44.126004], [9.634278, 44.126126], [9.633795, 44.126222], [9.632752, 44.12658], [9.631709, 44.12709], [9.631586, 44.12717], [9.630665, 44.127865], [9.630235, 44.128214], [9.629622, 44.128802], [9.629362, 44.129258], [9.628579, 44.130014], [9.62833, 44.130302], [9.628193, 44.131346], [9.627536, 44.131792], [9.626493, 44.131552], [9.62545, 44.132187], [9.625109, 44.13239], [9.624406, 44.13286], [9.623541, 44.133434], [9.623363, 44.133544], [9.62232, 44.134195], [9.621909, 44.134478], [9.621277, 44.134915], [9.620452, 44.135522], [9.620234, 44.135673], [9.619191, 44.136476], [9.619081, 44.136566], [9.618147, 44.137342], [9.61788, 44.13761], [9.617104, 44.138361], [9.616886, 44.138654], [9.616182, 44.139698], [9.616061, 44.139857], [9.61526, 44.140742], [9.615018, 44.141017], [9.614362, 44.141786], [9.613975, 44.142188], [9.613479, 44.14283], [9.612932, 44.14335], [9.612284, 44.143874], [9.611888, 44.14423], [9.610845, 44.144714], [9.610669, 44.144918], [9.610345, 44.145962], [9.609802, 44.146342], [9.608809, 44.147005], [9.608759, 44.147038], [9.607716, 44.147216], [9.606673, 44.147783], [9.606237, 44.148049], [9.605629, 44.148396], [9.604586, 44.148809], [9.604051, 44.149093], [9.603543, 44.14962], [9.603001, 44.150137], [9.6025, 44.150594], [9.602052, 44.151181], [9.601457, 44.151771], [9.600982, 44.152225], [9.600414, 44.15315], [9.600347, 44.153269], [9.599591, 44.154313], [9.599371, 44.154621], [9.598668, 44.155357], [9.598327, 44.155884], [9.598126, 44.156401], [9.597284, 44.157337], [9.597158, 44.157445], [9.596241, 44.157956], [9.59555, 44.158489], [9.595466, 44.159533], [9.595198, 44.159786], [9.594783, 44.160577], [9.595198, 44.161152], [9.595987, 44.161621], [9.595198, 44.162348], [9.594155, 44.162582], [9.593112, 44.162118], [9.592068, 44.162327], [9.591559, 44.162665], [9.591025, 44.163022], [9.590242, 44.163709], [9.589982, 44.163903], [9.588939, 44.164473], [9.588403, 44.164753], [9.587896, 44.165018], [9.586853, 44.165536], [9.58631, 44.165797], [9.585809, 44.166044], [9.584766, 44.166534], [9.584009, 44.166841], [9.583723, 44.166952], [9.58268, 44.167456], [9.581796, 44.167885], [9.581637, 44.167959], [9.580594, 44.168561], [9.579961, 44.168929], [9.57955, 44.169181], [9.578507, 44.169883], [9.578321, 44.169973], [9.577464, 44.170452], [9.576605, 44.171016], [9.576421, 44.171334], [9.575764, 44.17206], [9.575378, 44.172188], [9.575067, 44.17206], [9.574335, 44.171819], [9.573291, 44.171833], [9.572362, 44.17206], [9.572248, 44.172088], [9.571205, 44.172715], [9.570162, 44.173053], [9.570017, 44.173104], [9.569119, 44.17347], [9.568076, 44.173968], [9.567697, 44.174148], [9.567032, 44.174434], [9.565989, 44.174949], [9.565518, 44.175192], [9.564946, 44.175548], [9.56402, 44.176236], [9.563903, 44.176323], [9.56286, 44.177131], [9.562649, 44.17728], [9.561817, 44.177944], [9.561348, 44.178324], [9.560773, 44.179094], [9.560642, 44.179368], [9.55973, 44.180412], [9.55973, 44.180412], [9.55889, 44.181456], [9.558687, 44.182291], [9.558308, 44.1825], [9.557644, 44.182656], [9.557219, 44.183544], [9.556601, 44.184458], [9.556458, 44.184588], [9.556024, 44.185632], [9.556047, 44.186676], [9.555558, 44.187346], [9.555108, 44.18772], [9.554514, 44.188191], [9.553909, 44.188764], [9.553471, 44.189237], [9.552805, 44.189808], [9.552428, 44.190198], [9.551421, 44.190852], [9.551385, 44.19087], [9.550404, 44.191896], [9.550342, 44.191949], [9.549299, 44.192617], [9.548962, 44.19294], [9.548255, 44.193537], [9.547446, 44.193984], [9.547212, 44.194164], [9.546596, 44.195027], [9.546169, 44.195348], [9.545183, 44.196071], [9.545126, 44.196122], [9.544083, 44.196694], [9.54304, 44.196986], [9.541996, 44.196629], [9.540953, 44.19644], [9.540006, 44.197115], [9.53991, 44.197183], [9.538867, 44.197242], [9.537824, 44.197379], [9.536781, 44.197547], [9.535737, 44.197599], [9.534694, 44.19783], [9.533776, 44.198159], [9.533651, 44.198212], [9.532608, 44.198396], [9.531565, 44.198672], [9.530522, 44.198957]]}}, {"type": "Feature", "properties": {"depth": 20}, "geometry": {"type": "LineString", "coordinates": [[9.639011, 44.132179], [9.6392, 44.13239]]}}, {"type": "Feature", "properties": {"depth": 25}, "geometry": {"type": "LineString", "coordinates": [[9.819478, 44.053477], [9.818745, 44.054093], [9.818435, 44.054368], [9.817584, 44.055137], [9.817392, 44.055266], [9.816349, 44.056125], [9.816267, 44.056181], [9.815306, 44.056486], [9.814263, 44.056737], [9.813219, 44.056575], [9.812433, 44.057225], [9.812176, 44.057372], [9.811394, 44.058269], [9.811133, 44.058447], [9.81009, 44.058912], [9.809134, 44.059313], [9.809047, 44.059335], [9.808051, 44.060357], [9.808004, 44.060404], [9.80696, 44.060744], [9.805917, 44.061215], [9.80558, 44.061401], [9.804874, 44.061846], [9.803831, 44.062108], [9.802788, 44.061947], [9.801745, 44.062353], [9.801641, 44.062445], [9.800701, 44.062742], [9.799658, 44.062737], [9.798615, 44.062955], [9.797572, 44.062955], [9.796529, 44.062605], [9.795486, 44.062699], [9.794442, 44.062965], [9.793457, 44.063489], [9.793399, 44.063515], [9.792356, 44.06365], [9.791313, 44.064337], [9.791053, 44.064533], [9.79027, 44.064957], [9.789227, 44.065374], [9.788934, 44.065577], [9.788183, 44.066265], [9.787856, 44.066621], [9.78714, 44.067248], [9.786557, 44.067665], [9.786097, 44.068015], [9.785057, 44.068709], [9.785054, 44.068713], [9.784011, 44.069727], [9.783987, 44.069753], [9.783024, 44.070797], [9.782968, 44.070816], [9.782961, 44.070803]]}}, {"type": "Feature", "properties": {"depth": 25}, "geometry": {"type": "LineString", "coordinates": [[9.779966, 44.070669], [9.779838, 44.070735], [9.779654, 44.070797], [9.778795, 44.071236], [9.777752, 44.071478], [9.776709, 44.071728], [9.776532, 44.071841], [9.775665, 44.072496], [9.774622, 44.072694], [9.774389, 44.072885], [9.773579, 44.073543], [9.772839, 44.073929], [9.772536, 44.074207], [9.771493, 44.074584], [9.770798, 44.074973], [9.770632, 44.076016], [9.77045, 44.076159], [9.769406, 44.076113], [9.768363, 44.076217], [9.767337, 44.07706], [9.76732, 44.077079], [9.766277, 44.077732], [9.765689, 44.078104], [9.765234, 44.078472], [9.764191, 44.079127], [9.764156, 44.079148], [9.763301, 44.080192], [9.763147, 44.080441], [9.762104, 44.080969], [9.761927, 44.081236], [9.761061, 44.081802], [9.760443, 44.08228], [9.760018, 44.082472], [9.758975, 44.082597], [9.757932, 44.082741], [9.757319, 44.083324], [9.756888, 44.08375], [9.755845, 44.083847], [9.754802, 44.08417], [9.75427, 44.084368], [9.753759, 44.084591], [9.752716, 44.084928], [9.751673, 44.085244], [9.751112, 44.085412], [9.750629, 44.085935], [9.749635, 44.086456], [9.749586, 44.086477], [9.748543, 44.086948], [9.747997, 44.0875], [9.7475, 44.087789], [9.746457, 44.088224], [9.745414, 44.088403], [9.74512, 44.088544], [9.744371, 44.089546], [9.744334, 44.089588], [9.743327, 44.089688], [9.742452, 44.089756]]}}, {"type": "Feature", "properties": {"depth": 25}, "geometry": {"type": "LineString", "coordinates": [[9.739942, 44.089844], [9.739155, 44.089892], [9.73844, 44.090632], [9.738309, 44.091478]]}}, {"type": "Feature", "properties": {"depth": 25}, "geometry": {"type": "LineString", "coordinates": [[9.738112, 44.092352], [9.737538, 44.09272], [9.737068, 44.093481], [9.736839, 44.093764], [9.736025, 44.094655], [9.73579, 44.094808], [9.734982, 44.095801], [9.733939, 44.095543], [9.733228, 44.095852], [9.732896, 44.095907], [9.731853, 44.096051], [9.730866, 44.095852], [9.730809, 44.095829], [9.729766, 44.095561], [9.72923, 44.095852], [9.728723, 44.096021], [9.72768, 44.096134], [9.726637, 44.096135], [9.725594, 44.096223], [9.725039, 44.095852], [9.72455, 44.095302], [9.723507, 44.09577], [9.722464, 44.0956], [9.721819, 44.095852], [9.721421, 44.096002], [9.720378, 44.096125], [9.719335, 44.096158], [9.718291, 44.096697], [9.717248, 44.096379], [9.716205, 44.096852], [9.715939, 44.096896], [9.715162, 44.097274], [9.714536, 44.09794], [9.714119, 44.098277], [9.713437, 44.098984], [9.713076, 44.099566], [9.712827, 44.100027], [9.712146, 44.101071], [9.712032, 44.101291], [9.710989, 44.102069], [9.710923, 44.102115], [9.709946, 44.102928], [9.709371, 44.103159], [9.708903, 44.10331], [9.70786, 44.103705], [9.706817, 44.103976], [9.705773, 44.103813], [9.704754, 44.104203], [9.70473, 44.10421], [9.703687, 44.10478], [9.702644, 44.105073], [9.70221, 44.105247], [9.701601, 44.105584], [9.700558, 44.106017], [9.700075, 44.106291], [9.699514, 44.106685], [9.698471, 44.10729], [9.698426, 44.107335], [9.697428, 44.108211], [9.69703, 44.108379], [9.696385, 44.108699], [9.695699, 44.109423], [9.695342, 44.109807], [9.694732, 44.110467], [9.694299, 44.11093], [9.69376, 44.111511], [9.693255, 44.112203], [9.692936, 44.112555], [9.692212, 44.113214], [9.69173, 44.113599], [9.691169, 44.113896], [9.690126, 44.11462], [9.68953, 44.114643], [9.689083, 44.114664], [9.68804, 44.115624], [9.687719, 44.115687], [9.686996, 44.115932], [9.685953, 44.116657], [9.685815, 44.116731], [9.68491, 44.117451], [9.684413, 44.117775], [9.683867, 44.118093], [9.68308, 44.118819], [9.682824, 44.118981], [9.681781, 44.119737], [9.681573, 44.119863], [9.680737, 44.120231], [9.679869, 44.120907], [9.679694, 44.121027], [9.678651, 44.121657], [9.678196, 44.121951], [9.677608, 44.122338], [9.676568, 44.122995], [9.676565, 44.122996], [9.675522, 44.123634], [9.674912, 44.124038], [9.674478, 44.124315], [9.673435, 44.124787], [9.672705, 44.125082], [9.672392, 44.125214], [9.671349, 44.125727], [9.670551, 44.126126], [9.670306, 44.126242], [9.669263, 44.12663], [9.668219, 44.127003], [9.66784, 44.12717], [9.667176, 44.127568], [9.666133, 44.128053], [9.66566, 44.128214], [9.66509, 44.12839], [9.664047, 44.128803], [9.663004, 44.129218], [9.66282, 44.129258], [9.66196, 44.129438], [9.660917, 44.129707], [9.659874, 44.12999], [9.658831, 44.130129], [9.657788, 44.130143], [9.656847, 44.130302], [9.656745, 44.130321], [9.655701, 44.130429], [9.65532, 44.130302], [9.654658, 44.130101], [9.653615, 44.130075], [9.652572, 44.130235], [9.651529, 44.129673], [9.650486, 44.129629], [9.649442, 44.129278], [9.649408, 44.129258], [9.648587, 44.128214], [9.648399, 44.1281], [9.647715, 44.12717], [9.647356, 44.126935], [9.646313, 44.126237], [9.64527, 44.127153], [9.644235, 44.126126], [9.644227, 44.126112], [9.643183, 44.125816], [9.64214, 44.12528], [9.641499, 44.125082], [9.641097, 44.124377], [9.640054, 44.124525], [9.639088, 44.124038], [9.639011, 44.123991], [9.638872, 44.124038], [9.637968, 44.12454], [9.637336, 44.124038], [9.636924, 44.123722], [9.63666, 44.124038], [9.635881, 44.124708], [9.634838, 44.124497], [9.633795, 44.124853], [9.633057, 44.125082], [9.632752, 44.125178], [9.631709, 44.125628], [9.630848, 44.126126], [9.630665, 44.12624], [9.629622, 44.127064], [9.629513, 44.12717], [9.628579, 44.128058], [9.628484, 44.128214], [9.627536, 44.129245], [9.627523, 44.129258], [9.627367, 44.130302], [9.626493, 44.130806], [9.62545, 44.130742], [9.624553, 44.131346], [9.624406, 44.131429], [9.623363, 44.132056], [9.62287, 44.13239], [9.62232, 44.13276], [9.621285, 44.133434], [9.621277, 44.13344], [9.620234, 44.134106], [9.619743, 44.134478], [9.619191, 44.134911], [9.618365, 44.135522], [9.618147, 44.135699], [9.617104, 44.136532], [9.617074, 44.136566], [9.616142, 44.13761], [9.616061, 44.137744], [9.615515, 44.138654], [9.615018, 44.139252], [9.614626, 44.139698], [9.613975, 44.140443], [9.613696, 44.140742], [9.612932, 44.141582], [9.612779, 44.141786], [9.611888, 44.142621], [9.611662, 44.14283], [9.610845, 44.143595], [9.610294, 44.143874], [9.609802, 44.144831], [9.609757, 44.144918], [9.608759, 44.145518], [9.607716, 44.145914], [9.607521, 44.145962], [9.606673, 44.146252], [9.605798, 44.147005], [9.605629, 44.14712], [9.604586, 44.147387], [9.603543, 44.147811], [9.603115, 44.148049], [9.6025, 44.148578], [9.601853, 44.149093], [9.601457, 44.149547], [9.601012, 44.150137], [9.600414, 44.150699], [9.599931, 44.151181], [9.599371, 44.151995], [9.599227, 44.152225], [9.598372, 44.153269], [9.598327, 44.153351], [9.597706, 44.154313], [9.597284, 44.154907], [9.596968, 44.155357], [9.596241, 44.156101], [9.596025, 44.156401], [9.595342, 44.157445], [9.595198, 44.157545], [9.594155, 44.15786], [9.593763, 44.158489], [9.593351, 44.159533], [9.593784, 44.160577], [9.593112, 44.161047], [9.592068, 44.160856], [9.591025, 44.161233], [9.590579, 44.161621], [9.589982, 44.162185], [9.588967, 44.162665], [9.588939, 44.162681], [9.587896, 44.163268], [9.587063, 44.163709], [9.586853, 44.163822], [9.585809, 44.164338], [9.58493, 44.164753], [9.584766, 44.164827], [9.583723, 44.16532], [9.58268, 44.165719], [9.58253, 44.165797], [9.581637, 44.166265], [9.580594, 44.166778], [9.58048, 44.166841], [9.57955, 44.167435], [9.578872, 44.167885], [9.578507, 44.168104], [9.577464, 44.168759], [9.577056, 44.168929], [9.576421, 44.169166], [9.575384, 44.169973], [9.575378, 44.169982], [9.574335, 44.170427], [9.573291, 44.170139], [9.572248, 44.170487], [9.571205, 44.171013], [9.571197, 44.171016], [9.570162, 44.171573], [9.569119, 44.171964], [9.568888, 44.17206], [9.568076, 44.17241], [9.567032, 44.172911], [9.566539, 44.173104], [9.565989, 44.173318], [9.564946, 44.173966], [9.564577, 44.174148], [9.563903, 44.174549], [9.562897, 44.175192], [9.56286, 44.175218], [9.561817, 44.176096], [9.561635, 44.176236], [9.560773, 44.176878], [9.560247, 44.17728], [9.55973, 44.177895], [9.55949, 44.178324], [9.558687, 44.179154], [9.558481, 44.179368], [9.557919, 44.180412], [9.557644, 44.180991], [9.557183, 44.181456], [9.556601, 44.181992], [9.556128, 44.1825], [9.555558, 44.182878], [9.555056, 44.183544], [9.554961, 44.184588], [9.554715, 44.185632], [9.554514, 44.185989], [9.553787, 44.186676], [9.553471, 44.186918], [9.552573, 44.18772], [9.552428, 44.187868], [9.551385, 44.188719], [9.551338, 44.188764], [9.550342, 44.189611], [9.550097, 44.189808], [9.549299, 44.190385], [9.548635, 44.190852], [9.548255, 44.191156], [9.547427, 44.191896], [9.547212, 44.192188], [9.546169, 44.192794], [9.545967, 44.19294], [9.545126, 44.193729], [9.544734, 44.193984], [9.544083, 44.194348], [9.54304, 44.19485], [9.542669, 44.195027], [9.541996, 44.195224], [9.541336, 44.195027], [9.540953, 44.194935], [9.540426, 44.195027], [9.53991, 44.195176], [9.538867, 44.195511], [9.537824, 44.195642], [9.536781, 44.195808], [9.536043, 44.196071], [9.535737, 44.196172], [9.534694, 44.1963], [9.533651, 44.196572], [9.532608, 44.196846], [9.531565, 44.197041], [9.531387, 44.197115], [9.530522, 44.197458]]}}, {"type": "Feature", "properties": {"depth": 30}, "geometry": {"type": "LineString", "coordinates": [[9.799868, 44.040522], [9.799658, 44.040965], [9.798971, 44.041566], [9.798615, 44.041965], [9.798255, 44.04261], [9.797609, 44.043654], [9.797572, 44.043671], [9.796529, 44.044033], [9.795486, 44.044652], [9.795304, 44.044698], [9.794442, 44.045129], [9.793802, 44.045742], [9.793399, 44.046249], [9.792982, 44.046786], [9.792515, 44.04783], [9.792356, 44.047976], [9.791473, 44.048874], [9.791313, 44.04919], [9.79027, 44.049787], [9.790241, 44.049918], [9.79027, 44.050266], [9.7904, 44.050962], [9.79027, 44.05125], [9.790009, 44.052005], [9.789663, 44.053049], [9.789227, 44.053634], [9.788929, 44.054093], [9.788623, 44.055137], [9.788221, 44.056181], [9.788231, 44.057225], [9.788397, 44.058269], [9.788183, 44.058534], [9.787808, 44.059313], [9.788183, 44.059792], [9.788571, 44.060357], [9.788183, 44.061401], [9.788183, 44.061401], [9.787461, 44.062445], [9.78714, 44.063191], [9.786097, 44.062445], [9.786097, 44.062445], [9.786097, 44.062445], [9.785589, 44.063489], [9.786097, 44.06418], [9.786537, 44.064533], [9.786097, 44.064887], [9.785054, 44.065004], [9.784447, 44.065577], [9.784107, 44.066621], [9.784011, 44.066686], [9.782968, 44.067055], [9.782535, 44.067665], [9.781924, 44.067962], [9.781105, 44.068709], [9.780881, 44.068776], [9.779838, 44.069307], [9.778795, 44.069751], [9.778787, 44.069753], [9.777752, 44.069848], [9.776709, 44.070053], [9.775665, 44.070616], [9.775241, 44.070797], [9.774622, 44.070975], [9.773816, 44.071841], [9.773579, 44.072037], [9.772536, 44.072394], [9.772019, 44.072885], [9.771493, 44.073177], [9.77045, 44.073339], [9.769504, 44.073929], [9.769406, 44.073964], [9.768363, 44.0744], [9.767521, 44.074973], [9.76732, 44.075069], [9.766277, 44.075691], [9.765726, 44.076016], [9.765234, 44.076354], [9.764191, 44.076765], [9.763806, 44.07706], [9.763147, 44.077603], [9.762104, 44.078042], [9.762023, 44.078104], [9.761061, 44.0788], [9.760684, 44.079148], [9.760018, 44.079994], [9.759803, 44.080192], [9.758975, 44.080662], [9.758184, 44.081236], [9.757932, 44.081376], [9.756888, 44.081647], [9.756121, 44.08228], [9.755845, 44.082388], [9.754802, 44.08272], [9.753759, 44.082828], [9.752872, 44.083324], [9.752716, 44.083414], [9.751725, 44.084368], [9.751673, 44.084402], [9.751433, 44.084368], [9.750629, 44.084197], [9.749586, 44.084288], [9.749447, 44.084368], [9.748543, 44.085008], [9.747964, 44.085412], [9.7475, 44.085945], [9.746675, 44.086456], [9.746457, 44.0866], [9.74556, 44.0875], [9.745414, 44.087544], [9.744371, 44.087782], [9.743327, 44.088215], [9.74263, 44.088544], [9.742284, 44.089118], [9.741566, 44.089588]]}}, {"type": "Feature", "properties": {"depth": 30}, "geometry": {"type": "LineString", "coordinates": [[9.740103, 44.089683], [9.739155, 44.089741], [9.738294, 44.090632], [9.738136, 44.091651]]}}, {"type": "Feature", "properties": {"depth": 30}, "geometry": {"type": "LineString", "coordinates": [[9.738112, 44.09176], [9.737068, 44.092336], [9.736445, 44.09272], [9.736025, 44.093243], [9.734982, 44.09365], [9.734753, 44.093764], [9.733939, 44.094268], [9.732896, 44.094645], [9.732666, 44.094808], [9.731853, 44.095171], [9.730809, 44.094904], [9.730594, 44.094808], [9.729766, 44.09441], [9.728723, 44.094521], [9.72768, 44.094528], [9.726637, 44.09474], [9.726392, 44.094808], [9.725594, 44.095158], [9.725326, 44.094808], [9.72455, 44.094347], [9.723507, 44.094575], [9.722464, 44.094493], [9.721421, 44.094695], [9.720767, 44.094808], [9.720378, 44.094866], [9.719335, 44.095456], [9.718318, 44.094808], [9.718291, 44.094791], [9.71827, 44.094808], [9.717248, 44.095656], [9.716205, 44.095395], [9.715608, 44.095852], [9.715162, 44.096072], [9.714119, 44.096136], [9.713076, 44.096451], [9.712032, 44.096859], [9.711978, 44.096896], [9.711294, 44.09794], [9.710989, 44.098314], [9.710405, 44.098984], [9.709946, 44.099524], [9.70944, 44.100027], [9.708903, 44.100399], [9.70786, 44.100893], [9.707288, 44.101071], [9.706817, 44.101215], [9.705773, 44.101436], [9.70473, 44.101779], [9.704056, 44.102115], [9.703687, 44.102294], [9.702644, 44.102575], [9.701601, 44.10312], [9.701445, 44.103159], [9.700558, 44.103384], [9.699514, 44.104109], [9.699186, 44.104203], [9.698471, 44.104454], [9.697428, 44.105153], [9.697307, 44.105247], [9.696391, 44.106291], [9.696385, 44.106298], [9.695342, 44.106538], [9.69447, 44.107335], [9.694299, 44.10752], [9.693486, 44.108379], [9.693255, 44.108625], [9.692502, 44.109423], [9.692212, 44.109718], [9.691568, 44.110467], [9.691169, 44.110998], [9.690765, 44.111511], [9.690126, 44.112069], [9.689198, 44.112555], [9.689083, 44.112618], [9.68804, 44.11315], [9.686996, 44.113479], [9.686827, 44.113599], [9.685953, 44.114149], [9.684984, 44.114643], [9.68491, 44.114682], [9.683867, 44.115449], [9.683498, 44.115687], [9.682824, 44.116184], [9.682225, 44.116731], [9.681781, 44.117075], [9.680788, 44.117775], [9.680737, 44.117816], [9.679694, 44.118488], [9.679287, 44.118819], [9.678651, 44.119359], [9.677726, 44.119863], [9.677608, 44.119929], [9.676565, 44.120595], [9.676109, 44.120907], [9.675522, 44.121273], [9.674478, 44.121928], [9.674435, 44.121951], [9.673435, 44.122505], [9.672486, 44.122995], [9.672392, 44.123036], [9.671349, 44.123493], [9.670306, 44.123952], [9.670067, 44.124038], [9.669263, 44.124337], [9.668219, 44.124748], [9.66765, 44.125082], [9.667176, 44.125345], [9.666133, 44.125662], [9.665168, 44.126126], [9.66509, 44.126163], [9.664047, 44.126532], [9.663004, 44.126937], [9.662395, 44.12717], [9.66196, 44.127315], [9.660917, 44.127549], [9.659874, 44.127774], [9.658831, 44.127983], [9.657788, 44.128122], [9.657229, 44.128214], [9.656745, 44.128294], [9.655701, 44.128261], [9.655067, 44.128214], [9.654658, 44.128183], [9.653615, 44.127984], [9.652572, 44.127426], [9.651932, 44.12717], [9.651529, 44.126992], [9.650486, 44.127155], [9.649442, 44.126347], [9.649035, 44.126126], [9.648399, 44.125744], [9.647644, 44.125082], [9.647356, 44.124966], [9.647123, 44.125082], [9.646313, 44.125429], [9.645823, 44.125082], [9.645689, 44.124038], [9.64527, 44.123937], [9.645117, 44.124038], [9.644227, 44.124667], [9.643486, 44.124038], [9.643183, 44.123567], [9.64214, 44.124038], [9.641097, 44.123359], [9.640595, 44.122995], [9.640054, 44.122546], [9.639011, 44.12299], [9.637968, 44.122646], [9.636924, 44.122475], [9.636221, 44.122995], [9.635881, 44.123401], [9.634838, 44.123142], [9.633795, 44.123482], [9.632752, 44.123795], [9.631936, 44.124038], [9.631709, 44.124129], [9.630665, 44.124739], [9.630207, 44.125082], [9.629622, 44.125492], [9.628762, 44.126126], [9.628579, 44.126304], [9.627879, 44.12717], [9.627536, 44.128085], [9.627398, 44.128214], [9.626493, 44.129075], [9.626438, 44.129258], [9.62545, 44.129796], [9.624406, 44.130067], [9.62406, 44.130302], [9.623363, 44.130663], [9.62232, 44.131239], [9.622162, 44.131346], [9.621277, 44.131904], [9.62056, 44.13239], [9.620234, 44.132642], [9.619191, 44.133287], [9.618997, 44.133434], [9.618147, 44.134073], [9.617635, 44.134478], [9.617104, 44.134921], [9.616364, 44.135522], [9.616061, 44.135881], [9.615472, 44.136566], [9.615018, 44.137245], [9.614804, 44.13761], [9.61398, 44.138654], [9.613975, 44.13866], [9.612963, 44.139698], [9.612932, 44.139731], [9.611973, 44.140742], [9.611888, 44.140852], [9.610845, 44.141741], [9.610809, 44.141786], [9.609802, 44.142631], [9.609535, 44.14283], [9.608793, 44.143874], [9.608759, 44.143914], [9.607716, 44.144756], [9.606673, 44.144832], [9.606498, 44.144918], [9.605629, 44.145378], [9.604922, 44.145962], [9.604586, 44.146191], [9.603543, 44.146307], [9.6025, 44.146776], [9.602063, 44.147005], [9.601457, 44.147562], [9.600992, 44.148049], [9.600414, 44.148525], [9.599832, 44.149093], [9.599371, 44.149601], [9.598876, 44.150137], [9.598327, 44.15088], [9.598136, 44.151181], [9.597309, 44.152225], [9.597284, 44.152266], [9.59665, 44.153269], [9.596241, 44.153804], [9.595898, 44.154313], [9.595225, 44.155357], [9.595198, 44.155394], [9.594455, 44.156401], [9.594155, 44.156639], [9.593112, 44.157222], [9.592956, 44.157445], [9.592504, 44.158489], [9.592068, 44.158774], [9.591498, 44.159533], [9.591025, 44.159909], [9.589982, 44.160502], [9.589816, 44.160577], [9.588939, 44.161096], [9.587896, 44.161613], [9.587875, 44.161621], [9.586853, 44.162089], [9.585809, 44.162617], [9.585711, 44.162665], [9.584766, 44.163119], [9.583723, 44.163579], [9.583403, 44.163709], [9.58268, 44.164021], [9.581637, 44.164581], [9.581283, 44.164753], [9.580594, 44.165087], [9.579559, 44.165797], [9.57955, 44.165802], [9.578507, 44.166355], [9.57764, 44.166841], [9.577464, 44.16695], [9.576421, 44.167673], [9.576032, 44.167885], [9.575378, 44.168201], [9.574601, 44.168929], [9.574335, 44.169115], [9.573291, 44.16894], [9.572248, 44.169008], [9.571205, 44.169433], [9.570162, 44.169914], [9.570052, 44.169973], [9.569119, 44.170466], [9.568076, 44.170862], [9.567735, 44.171016], [9.567032, 44.171319], [9.565989, 44.171839], [9.565546, 44.17206], [9.564946, 44.172358], [9.563903, 44.172905], [9.563549, 44.173104], [9.56286, 44.173542], [9.561817, 44.174137], [9.561801, 44.174148], [9.560773, 44.174948], [9.56041, 44.175192], [9.55973, 44.175867], [9.559325, 44.176236], [9.558687, 44.176844], [9.558385, 44.17728], [9.557644, 44.178265], [9.557591, 44.178324], [9.556905, 44.179368], [9.556601, 44.179682], [9.555926, 44.180412], [9.555558, 44.180781], [9.55466, 44.181456], [9.554514, 44.181687], [9.554233, 44.1825], [9.553936, 44.183544], [9.553471, 44.184398], [9.553335, 44.184588], [9.552428, 44.185389], [9.552144, 44.185632], [9.551385, 44.186553], [9.551148, 44.186676], [9.550342, 44.187295], [9.549827, 44.18772], [9.549299, 44.188153], [9.548625, 44.188764], [9.548255, 44.189022], [9.547212, 44.189704], [9.547092, 44.189808], [9.546169, 44.190651], [9.545965, 44.190852], [9.545126, 44.191659], [9.544368, 44.191896], [9.544083, 44.192001], [9.54304, 44.192709], [9.54244, 44.19294], [9.541996, 44.19311], [9.540953, 44.19358], [9.53991, 44.193378], [9.538867, 44.193869], [9.537895, 44.193984], [9.537824, 44.193992], [9.536781, 44.194285], [9.535737, 44.194461], [9.534694, 44.194724], [9.533651, 44.195019], [9.533613, 44.195027], [9.532608, 44.195257], [9.531565, 44.19549], [9.530522, 44.195839]]}}, {"type": "Feature", "properties": {"depth": 40}, "geometry": {"type": "LineString", "coordinates": [[9.774028, 44.040522], [9.773579, 44.041291], [9.772536, 44.041005], [9.771933, 44.041566], [9.771493, 44.042021], [9.77045, 44.041813], [9.769671, 44.04261], [9.769446, 44.043654], [9.769406, 44.043743], [9.768363, 44.044468], [9.767711, 44.044698], [9.76732, 44.044924], [9.766277, 44.045346], [9.765234, 44.04554], [9.764987, 44.045742], [9.764191, 44.046624], [9.764117, 44.046786], [9.763909, 44.04783], [9.763402, 44.048874], [9.763147, 44.049596], [9.762104, 44.049592], [9.761731, 44.049918], [9.761061, 44.050683], [9.76074, 44.050962], [9.760018, 44.051544], [9.758975, 44.051755], [9.758832, 44.052005], [9.757932, 44.052926], [9.757749, 44.053049], [9.757932, 44.053893], [9.757954, 44.054093], [9.757932, 44.05413], [9.757823, 44.054093], [9.756888, 44.053777], [9.756321, 44.054093], [9.755845, 44.054525], [9.755366, 44.055137], [9.754802, 44.055519], [9.754288, 44.056181], [9.754072, 44.057225], [9.753759, 44.057925], [9.752716, 44.057413], [9.75213, 44.058269], [9.751673, 44.058697], [9.750629, 44.059249], [9.750587, 44.059313], [9.750534, 44.060357], [9.749586, 44.061323], [9.749502, 44.061401], [9.749086, 44.062445], [9.748543, 44.063116], [9.7475, 44.063438], [9.747462, 44.063489], [9.746457, 44.064157], [9.745978, 44.064533], [9.745414, 44.065335], [9.745153, 44.065577], [9.744371, 44.066505], [9.744332, 44.066621], [9.743327, 44.067521], [9.742984, 44.067665], [9.742284, 44.068415], [9.742141, 44.068709], [9.741893, 44.069753], [9.741241, 44.070623], [9.740986, 44.070797], [9.740212, 44.071841], [9.740198, 44.071859], [9.739585, 44.072885], [9.739155, 44.073183], [9.738435, 44.073929], [9.738112, 44.074832], [9.738046, 44.074973], [9.737068, 44.075862], [9.73677, 44.076016], [9.737068, 44.076871], [9.737121, 44.07706], [9.737068, 44.077117], [9.736025, 44.0771], [9.735296, 44.078104], [9.735315, 44.079148], [9.734982, 44.079645], [9.734399, 44.080192], [9.734184, 44.081236], [9.73414, 44.08228], [9.734352, 44.083324], [9.733966, 44.084368], [9.734364, 44.085412], [9.734651, 44.086456], [9.73484, 44.0875], [9.733939, 44.088457], [9.733547, 44.088544], [9.732896, 44.08885], [9.732131, 44.089588], [9.73198, 44.090632], [9.731853, 44.090687], [9.730809, 44.090632], [9.730809, 44.090632], [9.730809, 44.090632], [9.729766, 44.091325], [9.728723, 44.091048], [9.727855, 44.090632], [9.72768, 44.090474], [9.726942, 44.089588], [9.726637, 44.089269], [9.725594, 44.089075], [9.72455, 44.089173], [9.723507, 44.088699], [9.722541, 44.089588], [9.722464, 44.08965], [9.721421, 44.089876], [9.720378, 44.090281], [9.719335, 44.090578], [9.71918, 44.090632], [9.718291, 44.090886], [9.717248, 44.091179], [9.716205, 44.091334], [9.715597, 44.091676], [9.715162, 44.091823], [9.714119, 44.092154], [9.713076, 44.092375], [9.712032, 44.092603], [9.711813, 44.09272], [9.710989, 44.093047], [9.710141, 44.093764], [9.709946, 44.093859], [9.708903, 44.094174], [9.7084, 44.094808], [9.70786, 44.095126], [9.706817, 44.095842], [9.706806, 44.095852], [9.705773, 44.096571], [9.705049, 44.096896], [9.70473, 44.096999], [9.703687, 44.097471], [9.702644, 44.097773], [9.702139, 44.09794], [9.701601, 44.098087], [9.700558, 44.098434], [9.699521, 44.098984], [9.699514, 44.098987], [9.698471, 44.099462], [9.697428, 44.099872], [9.697169, 44.100027], [9.696385, 44.100493], [9.695342, 44.100964], [9.695198, 44.101071], [9.694299, 44.101695], [9.693627, 44.102115], [9.693255, 44.102415], [9.692354, 44.103159], [9.692212, 44.103299], [9.691422, 44.104203], [9.691169, 44.104463], [9.690454, 44.105247], [9.690126, 44.1056], [9.689473, 44.106291], [9.689083, 44.106702], [9.688491, 44.107335], [9.68804, 44.107738], [9.687185, 44.108379], [9.686996, 44.108507], [9.685953, 44.10897], [9.68524, 44.109423], [9.68491, 44.109642], [9.683867, 44.110222], [9.683497, 44.110467], [9.682824, 44.1109], [9.681916, 44.111511], [9.681781, 44.11161], [9.680737, 44.11237], [9.680532, 44.112555], [9.679694, 44.113318], [9.679408, 44.113599], [9.678651, 44.114159], [9.677963, 44.114643], [9.677608, 44.114967], [9.676573, 44.115687], [9.676565, 44.115692], [9.675522, 44.116434], [9.675075, 44.116731], [9.674478, 44.117111], [9.673435, 44.117763], [9.673417, 44.117775], [9.672392, 44.118461], [9.671764, 44.118819], [9.671349, 44.119044], [9.670306, 44.119521], [9.669539, 44.119863], [9.669263, 44.12], [9.668219, 44.120366], [9.667176, 44.120723], [9.666737, 44.120907], [9.666133, 44.12116], [9.66509, 44.121543], [9.664047, 44.121941], [9.664021, 44.121951], [9.663004, 44.122345], [9.66196, 44.12273], [9.661045, 44.122995], [9.660917, 44.123033], [9.659874, 44.123268], [9.658831, 44.123617], [9.657788, 44.123755], [9.656809, 44.124038], [9.656745, 44.12406], [9.655701, 44.124049], [9.655354, 44.124038], [9.654658, 44.12402], [9.653615, 44.123915], [9.652572, 44.123401], [9.651529, 44.12329], [9.651126, 44.122995], [9.650486, 44.12253], [9.649442, 44.122251], [9.648922, 44.121951], [9.648399, 44.121328], [9.647534, 44.120907], [9.647356, 44.120855], [9.646972, 44.120907], [9.646313, 44.121024], [9.646165, 44.120907], [9.64527, 44.120135], [9.644227, 44.120249], [9.643183, 44.119967], [9.642949, 44.119863], [9.64214, 44.119598], [9.641097, 44.118973], [9.640363, 44.119863], [9.640054, 44.120156], [9.639474, 44.119863], [9.639011, 44.119503], [9.637968, 44.119558], [9.636924, 44.119629], [9.636626, 44.119863], [9.635881, 44.120301], [9.634838, 44.120363], [9.63435, 44.120907], [9.633795, 44.12127], [9.632752, 44.12103], [9.631709, 44.121405], [9.630665, 44.121685], [9.630401, 44.121951], [9.629622, 44.122666], [9.628579, 44.122946], [9.628531, 44.122995], [9.627536, 44.123935], [9.627402, 44.124038], [9.626493, 44.124962], [9.626379, 44.125082], [9.625765, 44.126126], [9.62545, 44.126456], [9.624693, 44.12717], [9.624406, 44.127915], [9.623363, 44.127934], [9.622553, 44.128214], [9.62232, 44.12837], [9.621277, 44.129013], [9.620809, 44.129258], [9.620234, 44.129589], [9.619191, 44.13025], [9.619113, 44.130302], [9.618147, 44.130973], [9.617567, 44.131346], [9.617104, 44.131665], [9.6161, 44.13239], [9.616061, 44.132421], [9.615018, 44.13333], [9.614904, 44.133434], [9.614005, 44.134478], [9.613975, 44.134514], [9.613217, 44.135522], [9.612932, 44.135919], [9.612362, 44.136566], [9.611888, 44.13729], [9.611649, 44.13761], [9.610845, 44.138356], [9.610596, 44.138654], [9.609802, 44.139541], [9.609617, 44.139698], [9.608759, 44.140426], [9.608494, 44.140742], [9.607716, 44.141451], [9.60723, 44.141786], [9.606673, 44.142205], [9.605629, 44.142758], [9.605262, 44.14283], [9.604586, 44.142969], [9.603543, 44.143639], [9.6025, 44.143839], [9.602442, 44.143874], [9.601457, 44.14439], [9.600414, 44.144728], [9.600079, 44.144918], [9.599371, 44.145488], [9.598933, 44.145962], [9.598327, 44.146462], [9.597683, 44.147005], [9.597284, 44.147426], [9.596703, 44.148049], [9.596241, 44.148696], [9.595985, 44.149093], [9.595198, 44.150059], [9.59514, 44.150137], [9.594548, 44.151181], [9.594155, 44.151652], [9.593756, 44.152225], [9.593112, 44.153132], [9.592998, 44.153269], [9.592483, 44.154313], [9.592068, 44.154785], [9.591711, 44.155357], [9.591244, 44.156401], [9.591025, 44.156636], [9.589982, 44.156986], [9.589491, 44.157445], [9.588939, 44.158163], [9.587896, 44.158485], [9.587889, 44.158489], [9.586853, 44.159069], [9.585809, 44.159347], [9.58514, 44.159533], [9.584766, 44.159659], [9.583723, 44.160155], [9.582805, 44.160577], [9.58268, 44.160634], [9.581637, 44.161116], [9.580649, 44.161621], [9.580594, 44.161649], [9.57955, 44.162181], [9.57853, 44.162665], [9.578507, 44.162677], [9.577516, 44.163709], [9.577464, 44.163746], [9.576421, 44.164032], [9.575656, 44.164753], [9.575378, 44.164978], [9.574335, 44.165209], [9.573745, 44.165797], [9.573291, 44.166078], [9.572248, 44.165973], [9.571205, 44.166704], [9.570774, 44.166841], [9.570162, 44.166988], [9.569119, 44.167366], [9.568076, 44.167759], [9.567787, 44.167885], [9.567032, 44.168222], [9.565989, 44.168674], [9.565383, 44.168929], [9.564946, 44.16913], [9.563903, 44.169729], [9.56334, 44.169973], [9.56286, 44.170206], [9.561817, 44.170824], [9.561414, 44.171016], [9.560773, 44.171388], [9.559737, 44.17206], [9.55973, 44.172065], [9.558687, 44.17283], [9.558345, 44.173104], [9.557644, 44.17375], [9.557107, 44.174148], [9.556601, 44.174653], [9.556225, 44.175192], [9.555558, 44.175888], [9.555172, 44.176236], [9.554514, 44.177116], [9.55442, 44.17728], [9.553716, 44.178324], [9.553471, 44.178533], [9.552463, 44.179368], [9.552428, 44.179453], [9.551884, 44.180412], [9.551385, 44.181271], [9.551292, 44.181456], [9.550342, 44.182291], [9.550186, 44.1825], [9.549951, 44.183544], [9.549299, 44.183861], [9.548255, 44.184441], [9.548061, 44.184588], [9.547212, 44.185334], [9.546877, 44.185632], [9.546169, 44.186146], [9.545388, 44.186676], [9.545126, 44.186875], [9.544091, 44.18772], [9.544083, 44.187727], [9.543051, 44.188764], [9.54304, 44.188775], [9.541996, 44.189357], [9.540953, 44.189441], [9.540264, 44.189808], [9.53991, 44.189999], [9.538867, 44.190279], [9.537824, 44.190536], [9.536781, 44.190815], [9.536685, 44.190852], [9.535737, 44.191171], [9.534694, 44.191498], [9.533827, 44.191896], [9.533651, 44.191959], [9.532608, 44.19209], [9.531565, 44.192286], [9.530522, 44.192617]]}}, {"type": "Feature", "properties": {"depth": 50}, "geometry": {"type": "LineString", "coordinates": [[9.754983, 44.040522], [9.754802, 44.040702], [9.75386, 44.041566], [9.753759, 44.041669], [9.752716, 44.042348], [9.751673, 44.04259], [9.751598, 44.04261], [9.750629, 44.042979], [9.750087, 44.043654], [9.749586, 44.044358], [9.748543, 44.044455], [9.7483, 44.044698], [9.7475, 44.045417], [9.746865, 44.045742], [9.746466, 44.046786], [9.746457, 44.046796], [9.745414, 44.047308], [9.745185, 44.04783], [9.744516, 44.048874], [9.744371, 44.048977], [9.743327, 44.049082], [9.742989, 44.049918], [9.742284, 44.050093], [9.741297, 44.050962], [9.741241, 44.050994], [9.740198, 44.051545], [9.739362, 44.052005], [9.739155, 44.052237], [9.738736, 44.053049], [9.738112, 44.053852], [9.737643, 44.054093], [9.737068, 44.054663], [9.73623, 44.055137], [9.736025, 44.055211], [9.734982, 44.055784], [9.734732, 44.056181], [9.734214, 44.057225], [9.733939, 44.057588], [9.73295, 44.058269], [9.732896, 44.05831], [9.732261, 44.059313], [9.731853, 44.059809], [9.730809, 44.060228], [9.730653, 44.060357], [9.729766, 44.060936], [9.728723, 44.061094], [9.728097, 44.061401], [9.72768, 44.061595], [9.726637, 44.062423], [9.726598, 44.062445], [9.725594, 44.063084], [9.72482, 44.063489], [9.72455, 44.063584], [9.723507, 44.063877], [9.722464, 44.064473], [9.722373, 44.064533], [9.721421, 44.065201], [9.720378, 44.065541], [9.72024, 44.065577], [9.719335, 44.065754], [9.718291, 44.066039], [9.717248, 44.066247], [9.716579, 44.066621], [9.716205, 44.067124], [9.715162, 44.067569], [9.714962, 44.067665], [9.714119, 44.067962], [9.713076, 44.06828], [9.712032, 44.068564], [9.711538, 44.068709], [9.710989, 44.068885], [9.709946, 44.069512], [9.709126, 44.069753], [9.708903, 44.069857], [9.70786, 44.070281], [9.707826, 44.070797], [9.707788, 44.071841], [9.707715, 44.072885], [9.707538, 44.073929], [9.707283, 44.074973], [9.706966, 44.076016], [9.706817, 44.076442], [9.706519, 44.07706], [9.705921, 44.078104], [9.705773, 44.078312], [9.704813, 44.079148], [9.70473, 44.079225], [9.703687, 44.080007], [9.703468, 44.080192], [9.702644, 44.081073], [9.70251, 44.081236], [9.701741, 44.08228], [9.701601, 44.08249], [9.70099, 44.083324], [9.700558, 44.084011], [9.700329, 44.084368], [9.699741, 44.085412], [9.699514, 44.085812], [9.699108, 44.086456], [9.698471, 44.087392], [9.698382, 44.0875], [9.697428, 44.088041], [9.696427, 44.088544], [9.696385, 44.088584], [9.695342, 44.089498], [9.695233, 44.089588], [9.694299, 44.090226], [9.693662, 44.090632], [9.693255, 44.090861], [9.692212, 44.091447], [9.691835, 44.091676], [9.691169, 44.092084], [9.690266, 44.09272], [9.690126, 44.092824], [9.689083, 44.093699], [9.689018, 44.093764], [9.68804, 44.094629], [9.687824, 44.094808], [9.686996, 44.095423], [9.686253, 44.095852], [9.685953, 44.096028], [9.68491, 44.096465], [9.683867, 44.096735], [9.683069, 44.096896], [9.682824, 44.096954], [9.681781, 44.097237], [9.680737, 44.097651], [9.680162, 44.09794], [9.679694, 44.098176], [9.678651, 44.098813], [9.67841, 44.098984], [9.677608, 44.099585], [9.67706, 44.100027], [9.676565, 44.100488], [9.675979, 44.101071], [9.675522, 44.101635], [9.675144, 44.102115], [9.674478, 44.102972], [9.674335, 44.103159], [9.67359, 44.104203], [9.673435, 44.104489], [9.673084, 44.105247], [9.672936, 44.106291], [9.673253, 44.107335], [9.673435, 44.107648], [9.673968, 44.108379], [9.674478, 44.109096], [9.674726, 44.109423], [9.675206, 44.110467], [9.675522, 44.111381], [9.675546, 44.111511], [9.675522, 44.111526], [9.674545, 44.112555], [9.674478, 44.112603], [9.673435, 44.113246], [9.67306, 44.113599], [9.672392, 44.114027], [9.671659, 44.114643], [9.671349, 44.114883], [9.670306, 44.115553], [9.670068, 44.115687], [9.669263, 44.115993], [9.668219, 44.116377], [9.667184, 44.116731], [9.667176, 44.116732], [9.666133, 44.116782], [9.66509, 44.11684], [9.664047, 44.116986], [9.663004, 44.117218], [9.66196, 44.117552], [9.661433, 44.117775], [9.660917, 44.118017], [9.659874, 44.118654], [9.659652, 44.118819], [9.658831, 44.119393], [9.658408, 44.119863], [9.657788, 44.120118], [9.656745, 44.120623], [9.655701, 44.120907], [9.654658, 44.120363], [9.653615, 44.119967], [9.65347, 44.119863], [9.652572, 44.119255], [9.652029, 44.118819], [9.651529, 44.118408], [9.650513, 44.117775], [9.650486, 44.117756], [9.649442, 44.117524], [9.648399, 44.117127], [9.647356, 44.116923], [9.646464, 44.116731], [9.646313, 44.11669], [9.64527, 44.116421], [9.644227, 44.116366], [9.643286, 44.116731], [9.643183, 44.116756], [9.643137, 44.116731], [9.64214, 44.116175], [9.641097, 44.116552], [9.640054, 44.116484], [9.639011, 44.116334], [9.637968, 44.116579], [9.637615, 44.116731], [9.636924, 44.116959], [9.635881, 44.117317], [9.634838, 44.117574], [9.633795, 44.11768], [9.633661, 44.117775], [9.632752, 44.118782], [9.631709, 44.11872], [9.631569, 44.118819], [9.630665, 44.119104], [9.629834, 44.119863], [9.629622, 44.120012], [9.628579, 44.12044], [9.627536, 44.120564], [9.627131, 44.120907], [9.626493, 44.121525], [9.626041, 44.121951], [9.62545, 44.122443], [9.624926, 44.122995], [9.624406, 44.123731], [9.62405, 44.124038], [9.623363, 44.12452], [9.623059, 44.125082], [9.622478, 44.126126], [9.62232, 44.126195], [9.621277, 44.126134], [9.620234, 44.126691], [9.619545, 44.12717], [9.619191, 44.127361], [9.618147, 44.127956], [9.617716, 44.128214], [9.617104, 44.128589], [9.616204, 44.129258], [9.616061, 44.129351], [9.615018, 44.130059], [9.614721, 44.130302], [9.613975, 44.130924], [9.613535, 44.131346], [9.612932, 44.131895], [9.612445, 44.13239], [9.611888, 44.133098], [9.611665, 44.133434], [9.610954, 44.134478], [9.610845, 44.134618], [9.610044, 44.135522], [9.609802, 44.135874], [9.609263, 44.136566], [9.608759, 44.137042], [9.608127, 44.13761], [9.607716, 44.137968], [9.6071, 44.138654], [9.606673, 44.139135], [9.606008, 44.139698], [9.605629, 44.139964], [9.604586, 44.140519], [9.603765, 44.140742], [9.603543, 44.140791], [9.6025, 44.141185], [9.601457, 44.141432], [9.600918, 44.141786], [9.600414, 44.142149], [9.599371, 44.14213], [9.598327, 44.142618], [9.597971, 44.14283], [9.597284, 44.143461], [9.596854, 44.143874], [9.596241, 44.144357], [9.595594, 44.144918], [9.595198, 44.145287], [9.594609, 44.145962], [9.594155, 44.146583], [9.593861, 44.147005], [9.593112, 44.147971], [9.593051, 44.148049], [9.592343, 44.149093], [9.592068, 44.149625], [9.591786, 44.150137], [9.591025, 44.151067], [9.590959, 44.151181], [9.590416, 44.152225], [9.589982, 44.152712], [9.589651, 44.153269], [9.588939, 44.15415], [9.588752, 44.154313], [9.587896, 44.154949], [9.587191, 44.155357], [9.586853, 44.155595], [9.585809, 44.156031], [9.585035, 44.156401], [9.584766, 44.156512], [9.583723, 44.156738], [9.58268, 44.157179], [9.582078, 44.157445], [9.581637, 44.157655], [9.580594, 44.158158], [9.579875, 44.158489], [9.57955, 44.15866], [9.578507, 44.159234], [9.577957, 44.159533], [9.577464, 44.159815], [9.576421, 44.16041], [9.576237, 44.160577], [9.575378, 44.161329], [9.574722, 44.161621], [9.574335, 44.161805], [9.573291, 44.162282], [9.5728, 44.162665], [9.572248, 44.163108], [9.571205, 44.163276], [9.570264, 44.163709], [9.570162, 44.163758], [9.569119, 44.164306], [9.568076, 44.164651], [9.567839, 44.164753], [9.567032, 44.165092], [9.565989, 44.165536], [9.565447, 44.165797], [9.564946, 44.166032], [9.563903, 44.166549], [9.563353, 44.166841], [9.56286, 44.16709], [9.561817, 44.167537], [9.561209, 44.167885], [9.560773, 44.168143], [9.55973, 44.168679], [9.559322, 44.168929], [9.558687, 44.169335], [9.557707, 44.169973], [9.557644, 44.170016], [9.556601, 44.170788], [9.556277, 44.171016], [9.555558, 44.171531], [9.554906, 44.17206], [9.554514, 44.172441], [9.553952, 44.173104], [9.553471, 44.173635], [9.55297, 44.174148], [9.552428, 44.17467], [9.552002, 44.175192], [9.551385, 44.175958], [9.55112, 44.176236], [9.550342, 44.177157], [9.550234, 44.17728], [9.54967, 44.178324], [9.549299, 44.178634], [9.548414, 44.179368], [9.548255, 44.179577], [9.547596, 44.180412], [9.547212, 44.180871], [9.546691, 44.181456], [9.546169, 44.181873], [9.545242, 44.1825], [9.545126, 44.182591], [9.544083, 44.183359], [9.543844, 44.183544], [9.54304, 44.184144], [9.542509, 44.184588], [9.541996, 44.18501], [9.541112, 44.185632], [9.540953, 44.185749], [9.53991, 44.186232], [9.538867, 44.186643], [9.538763, 44.186676], [9.537824, 44.186991], [9.536781, 44.187286], [9.535737, 44.187685], [9.535675, 44.18772], [9.534694, 44.188124], [9.533651, 44.188525], [9.533102, 44.188764], [9.532608, 44.188919], [9.531565, 44.189079], [9.530522, 44.189328]]}}, {"type": "Feature", "properties": {"depth": 60}, "geometry": {"type": "LineString", "coordinates": [[9.738358, 44.040522], [9.738112, 44.040715], [9.737548, 44.041566], [9.737068, 44.042198], [9.736318, 44.04261], [9.736025, 44.042891], [9.734982, 44.043392], [9.734739, 44.043654], [9.73424, 44.044698], [9.733939, 44.045043], [9.733561, 44.045742], [9.732896, 44.046643], [9.732583, 44.046786], [9.731853, 44.047103], [9.730953, 44.04783], [9.730809, 44.048072], [9.729766, 44.048539], [9.729045, 44.048874], [9.728723, 44.048947], [9.72768, 44.049637], [9.727356, 44.049918], [9.726637, 44.050541], [9.725728, 44.050962], [9.725594, 44.051025], [9.72455, 44.051504], [9.723507, 44.051991], [9.723476, 44.052005], [9.722464, 44.052444], [9.721421, 44.052869], [9.721026, 44.053049], [9.720378, 44.05338], [9.719335, 44.053843], [9.718762, 44.054093], [9.718291, 44.054285], [9.717248, 44.05471], [9.716205, 44.055134], [9.716197, 44.055137], [9.715162, 44.055565], [9.714119, 44.055983], [9.713606, 44.056181], [9.713076, 44.056396], [9.712032, 44.056795], [9.710989, 44.057186], [9.710884, 44.057225], [9.709946, 44.057594], [9.708903, 44.057931], [9.70786, 44.058047], [9.707784, 44.058269], [9.707439, 44.059313], [9.707106, 44.060357], [9.706817, 44.061297], [9.706778, 44.061401], [9.706404, 44.062445], [9.706035, 44.063489], [9.705773, 44.064244], [9.705637, 44.064533], [9.705163, 44.065577], [9.70473, 44.066559], [9.704693, 44.066621], [9.704079, 44.067665], [9.703687, 44.068295], [9.703383, 44.068709], [9.702644, 44.069621], [9.702545, 44.069753], [9.701697, 44.070797], [9.701601, 44.070905], [9.70068, 44.071841], [9.700558, 44.071957], [9.699514, 44.072874], [9.699502, 44.072885], [9.698471, 44.073845], [9.698386, 44.073929], [9.697428, 44.074947], [9.697405, 44.074973], [9.696455, 44.076016], [9.696385, 44.07609], [9.695411, 44.07706], [9.695342, 44.077122], [9.694299, 44.077999], [9.694165, 44.078104], [9.693255, 44.07877], [9.692745, 44.079148], [9.692212, 44.079562], [9.691453, 44.080192], [9.691169, 44.080447], [9.69027, 44.081236], [9.690126, 44.081357], [9.689083, 44.082094], [9.688783, 44.08228], [9.68804, 44.082695], [9.686996, 44.083237], [9.686819, 44.083324], [9.685953, 44.083781], [9.68491, 44.084344], [9.684868, 44.084368], [9.683867, 44.085058], [9.683392, 44.085412], [9.682824, 44.085883], [9.682045, 44.086456], [9.681781, 44.08664], [9.680737, 44.08722], [9.6801, 44.0875], [9.679694, 44.087591], [9.678651, 44.087829], [9.677608, 44.088117], [9.676565, 44.088453], [9.676287, 44.088544], [9.675522, 44.089029], [9.674692, 44.089588], [9.674478, 44.08973], [9.673435, 44.090544], [9.67334, 44.090632], [9.672392, 44.091574], [9.672304, 44.091676], [9.671473, 44.09272], [9.671349, 44.092881], [9.670712, 44.093764], [9.670306, 44.094303], [9.669926, 44.094808], [9.669263, 44.095638], [9.669098, 44.095852], [9.668317, 44.096896], [9.668219, 44.097035], [9.66767, 44.09794], [9.667176, 44.098779], [9.66706, 44.098984], [9.666462, 44.100027], [9.666133, 44.100574], [9.665802, 44.101071], [9.66509, 44.102036], [9.665019, 44.102115], [9.664047, 44.103062], [9.663929, 44.103159], [9.663004, 44.103885], [9.662554, 44.104203], [9.66196, 44.104646], [9.661101, 44.105247], [9.660917, 44.105397], [9.659874, 44.106177], [9.659704, 44.106291], [9.658831, 44.106911], [9.658036, 44.107335], [9.657788, 44.107458], [9.656745, 44.107909], [9.655701, 44.108336], [9.655601, 44.108379], [9.654658, 44.108794], [9.653615, 44.109237], [9.653178, 44.109423], [9.652572, 44.109709], [9.651529, 44.110228], [9.651119, 44.110467], [9.650486, 44.110877], [9.649636, 44.111511], [9.649442, 44.111675], [9.648408, 44.112555], [9.648399, 44.112563], [9.647356, 44.113165], [9.646313, 44.113515], [9.64527, 44.113342], [9.644227, 44.113235], [9.643183, 44.113026], [9.64214, 44.113259], [9.641097, 44.113245], [9.640054, 44.11319], [9.639011, 44.113364], [9.637968, 44.113426], [9.636944, 44.113599], [9.636924, 44.113609], [9.635881, 44.114269], [9.635077, 44.114643], [9.634838, 44.11476], [9.633904, 44.114643], [9.633795, 44.11463], [9.633775, 44.114643], [9.632752, 44.115478], [9.631709, 44.115514], [9.631387, 44.115687], [9.630665, 44.116163], [9.629622, 44.116636], [9.629279, 44.116731], [9.628776, 44.117775], [9.628579, 44.118065], [9.627946, 44.117775], [9.627536, 44.117577], [9.627126, 44.117775], [9.626493, 44.118223], [9.62573, 44.118819], [9.62545, 44.119048], [9.624511, 44.119863], [9.624406, 44.119964], [9.623441, 44.120907], [9.623363, 44.120984], [9.622534, 44.121951], [9.62232, 44.12218], [9.621501, 44.122995], [9.621277, 44.123483], [9.6209, 44.124038], [9.620234, 44.124282], [9.619191, 44.124449], [9.618147, 44.125038], [9.618079, 44.125082], [9.617104, 44.125691], [9.616329, 44.126126], [9.616061, 44.126288], [9.615018, 44.126936], [9.614716, 44.12717], [9.613975, 44.12773], [9.613259, 44.128214], [9.612932, 44.12847], [9.611985, 44.129258], [9.611888, 44.12936], [9.611001, 44.130302], [9.610845, 44.130463], [9.610203, 44.131346], [9.609802, 44.131948], [9.609495, 44.13239], [9.608759, 44.133323], [9.608663, 44.133434], [9.607869, 44.134478], [9.607716, 44.134645], [9.606865, 44.135522], [9.606673, 44.135698], [9.605671, 44.136566], [9.605629, 44.13661], [9.604586, 44.137526], [9.604435, 44.13761], [9.603543, 44.138128], [9.602644, 44.138654], [9.6025, 44.138704], [9.601457, 44.138789], [9.600414, 44.139184], [9.599371, 44.13967], [9.598327, 44.13966], [9.598208, 44.139698], [9.597284, 44.14007], [9.596241, 44.140645], [9.596089, 44.140742], [9.595198, 44.141445], [9.594798, 44.141786], [9.594155, 44.142339], [9.593617, 44.14283], [9.593112, 44.143321], [9.592622, 44.143874], [9.592068, 44.144606], [9.591846, 44.144918], [9.591078, 44.145962], [9.591025, 44.146038], [9.590294, 44.147005], [9.589982, 44.147504], [9.589694, 44.148049], [9.588942, 44.149093], [9.588939, 44.149097], [9.58827, 44.150137], [9.587896, 44.150666], [9.587354, 44.151181], [9.586853, 44.151698], [9.58624, 44.152225], [9.585809, 44.15244], [9.584766, 44.153216], [9.584663, 44.153269], [9.583723, 44.153648], [9.58268, 44.154036], [9.582188, 44.154313], [9.581637, 44.15458], [9.580594, 44.154913], [9.579797, 44.155357], [9.57955, 44.155494], [9.578507, 44.155937], [9.577676, 44.156401], [9.577464, 44.156529], [9.576421, 44.157121], [9.575817, 44.157445], [9.575378, 44.157709], [9.574335, 44.158419], [9.57422, 44.158489], [9.573291, 44.159079], [9.572445, 44.159533], [9.572248, 44.159638], [9.571205, 44.160264], [9.570162, 44.160551], [9.570096, 44.160577], [9.569119, 44.161104], [9.568076, 44.161485], [9.567712, 44.161621], [9.567032, 44.16193], [9.565989, 44.162479], [9.565554, 44.162665], [9.564946, 44.162912], [9.563903, 44.163382], [9.563221, 44.163709], [9.56286, 44.163896], [9.561817, 44.164429], [9.561115, 44.164753], [9.560773, 44.164924], [9.55973, 44.165452], [9.559192, 44.165797], [9.558687, 44.166081], [9.557644, 44.166617], [9.557264, 44.166841], [9.556601, 44.167315], [9.555861, 44.167885], [9.555558, 44.168082], [9.554514, 44.168762], [9.554288, 44.168929], [9.553471, 44.169536], [9.552931, 44.169973], [9.552428, 44.170441], [9.551852, 44.171016], [9.551385, 44.171463], [9.550664, 44.17206], [9.550342, 44.172345], [9.54975, 44.173104], [9.549299, 44.173829], [9.54902, 44.174148], [9.548255, 44.175017], [9.548125, 44.175192], [9.547212, 44.176134], [9.547089, 44.176236], [9.546202, 44.17728], [9.546169, 44.177328], [9.545126, 44.178322], [9.54506, 44.178324], [9.544083, 44.17836], [9.54304, 44.17888], [9.542508, 44.179368], [9.541996, 44.179941], [9.541644, 44.180412], [9.540987, 44.181456], [9.540953, 44.181496], [9.540255, 44.1825], [9.53991, 44.182781], [9.539019, 44.183544], [9.538867, 44.18361], [9.537824, 44.18398], [9.536781, 44.18435], [9.536119, 44.184588], [9.535737, 44.184693], [9.534694, 44.185066], [9.533651, 44.185485], [9.533336, 44.185632], [9.532608, 44.18593], [9.531565, 44.186109], [9.530522, 44.186312]]}}, {"type": "Feature", "properties": {"depth": 75}, "geometry": {"type": "LineString", "coordinates": [[9.717005, 44.040522], [9.716205, 44.041169], [9.715162, 44.041327], [9.714861, 44.041566], [9.714757, 44.04261], [9.714119, 44.042943], [9.713076, 44.043539], [9.712885, 44.043654], [9.712032, 44.044119], [9.710994, 44.044698], [9.710989, 44.0447], [9.709946, 44.0452], [9.708903, 44.045363], [9.708742, 44.045742], [9.708264, 44.046786], [9.70786, 44.047667], [9.707772, 44.04783], [9.707271, 44.048874], [9.706821, 44.049918], [9.706817, 44.049929], [9.706331, 44.050962], [9.70585, 44.052005], [9.705773, 44.05217], [9.705204, 44.053049], [9.70473, 44.053753], [9.704427, 44.054093], [9.703687, 44.054926], [9.703482, 44.055137], [9.702644, 44.056051], [9.702537, 44.056181], [9.701747, 44.057225], [9.701601, 44.057432], [9.700992, 44.058269], [9.700558, 44.058855], [9.700182, 44.059313], [9.699514, 44.060073], [9.699236, 44.060357], [9.698471, 44.061094], [9.698129, 44.061401], [9.697428, 44.061992], [9.696852, 44.062445], [9.696385, 44.062817], [9.69553, 44.063489], [9.695342, 44.06365], [9.694321, 44.064533], [9.694299, 44.064555], [9.69327, 44.065577], [9.693255, 44.065595], [9.692431, 44.066621], [9.692212, 44.066972], [9.691829, 44.067665], [9.691281, 44.068709], [9.691169, 44.068881], [9.690624, 44.069753], [9.690126, 44.07045], [9.689854, 44.070797], [9.689083, 44.071642], [9.688864, 44.071841], [9.68804, 44.072485], [9.687427, 44.072885], [9.686996, 44.073139], [9.685953, 44.073716], [9.685567, 44.073929], [9.68491, 44.074273], [9.683867, 44.074795], [9.683487, 44.074973], [9.682824, 44.075282], [9.681781, 44.075728], [9.68099, 44.076016], [9.680737, 44.076108], [9.679694, 44.076372], [9.678651, 44.0766], [9.677608, 44.076895], [9.677228, 44.07706], [9.676565, 44.077368], [9.675522, 44.077992], [9.675362, 44.078104], [9.674478, 44.078762], [9.673993, 44.079148], [9.673435, 44.079606], [9.672716, 44.080192], [9.672392, 44.08047], [9.671496, 44.081236], [9.671349, 44.081377], [9.67045, 44.08228], [9.670306, 44.082451], [9.669595, 44.083324], [9.669263, 44.083765], [9.668776, 44.084368], [9.668219, 44.085014], [9.667814, 44.085412], [9.667176, 44.085982], [9.666645, 44.086456], [9.666133, 44.086966], [9.665672, 44.0875], [9.66509, 44.087924], [9.664322, 44.088544], [9.664047, 44.088937], [9.663571, 44.089588], [9.663004, 44.090343], [9.66279, 44.090632], [9.662077, 44.091676], [9.66196, 44.091853], [9.661388, 44.09272], [9.660917, 44.093353], [9.660579, 44.093764], [9.659874, 44.094492], [9.659545, 44.094808], [9.658831, 44.095438], [9.658319, 44.095852], [9.657788, 44.096281], [9.656949, 44.096896], [9.656745, 44.097054], [9.655701, 44.097783], [9.655466, 44.09794], [9.654658, 44.09848], [9.653803, 44.098984], [9.653615, 44.099089], [9.652572, 44.099585], [9.651529, 44.099979], [9.651371, 44.100027], [9.650486, 44.100301], [9.649442, 44.100576], [9.648399, 44.100836], [9.6475, 44.101071], [9.647356, 44.101113], [9.646313, 44.101402], [9.64527, 44.101726], [9.64426, 44.102115], [9.644227, 44.10213], [9.643183, 44.102656], [9.642273, 44.103159], [9.64214, 44.103237], [9.641097, 44.103875], [9.640595, 44.104203], [9.640054, 44.104555], [9.639084, 44.105247], [9.639011, 44.105298], [9.637968, 44.106102], [9.637745, 44.106291], [9.636924, 44.107058], [9.636659, 44.107335], [9.635881, 44.108246], [9.635767, 44.108379], [9.634878, 44.109423], [9.634838, 44.109524], [9.633904, 44.110467], [9.633795, 44.11049], [9.632752, 44.111275], [9.632364, 44.111511], [9.631709, 44.111643], [9.630665, 44.111912], [9.629622, 44.112383], [9.628854, 44.112555], [9.628579, 44.112625], [9.627536, 44.113213], [9.626969, 44.113599], [9.626493, 44.113923], [9.62545, 44.114594], [9.625393, 44.114643], [9.624406, 44.115306], [9.62396, 44.115687], [9.623363, 44.116153], [9.622497, 44.116731], [9.62232, 44.116952], [9.621556, 44.117775], [9.621277, 44.118133], [9.620808, 44.118819], [9.620234, 44.119314], [9.61966, 44.119863], [9.619191, 44.120298], [9.618591, 44.120907], [9.618147, 44.121267], [9.617104, 44.121673], [9.616507, 44.121951], [9.616061, 44.122207], [9.615018, 44.122808], [9.614747, 44.122995], [9.613975, 44.123448], [9.612932, 44.124034], [9.612925, 44.124038], [9.611888, 44.124771], [9.611526, 44.125082], [9.610845, 44.125573], [9.610118, 44.126126], [9.609802, 44.126433], [9.609116, 44.12717], [9.608759, 44.127581], [9.608245, 44.128214], [9.607716, 44.128903], [9.607458, 44.129258], [9.606738, 44.130302], [9.606673, 44.130386], [9.605906, 44.131346], [9.605629, 44.131638], [9.605009, 44.13239], [9.604586, 44.132906], [9.604023, 44.133434], [9.603543, 44.133829], [9.602652, 44.134478], [9.6025, 44.13459], [9.601457, 44.135153], [9.600782, 44.135522], [9.600414, 44.135698], [9.599371, 44.135763], [9.598327, 44.136032], [9.597284, 44.135959], [9.596241, 44.135998], [9.595198, 44.135769], [9.594155, 44.135568], [9.593112, 44.135564], [9.592068, 44.135762], [9.591025, 44.136163], [9.590306, 44.136566], [9.589982, 44.136798], [9.589017, 44.13761], [9.588939, 44.137686], [9.588074, 44.138654], [9.587896, 44.138861], [9.587225, 44.139698], [9.586853, 44.140201], [9.586456, 44.140742], [9.585809, 44.141636], [9.58569, 44.141786], [9.584772, 44.14283], [9.584766, 44.142836], [9.583723, 44.143738], [9.583552, 44.143874], [9.58268, 44.144581], [9.582281, 44.144918], [9.581637, 44.145452], [9.581018, 44.145962], [9.580594, 44.146262], [9.57955, 44.146899], [9.579345, 44.147005], [9.578507, 44.147413], [9.577464, 44.147894], [9.577144, 44.148049], [9.576421, 44.148427], [9.575378, 44.14899], [9.575187, 44.149093], [9.574335, 44.149556], [9.573291, 44.150087], [9.573193, 44.150137], [9.572248, 44.15066], [9.571367, 44.151181], [9.571205, 44.151296], [9.570162, 44.15208], [9.569971, 44.152225], [9.569119, 44.153025], [9.568841, 44.153269], [9.568076, 44.154041], [9.567766, 44.154313], [9.567032, 44.154958], [9.566507, 44.155357], [9.565989, 44.155737], [9.565059, 44.156401], [9.564946, 44.156496], [9.563926, 44.157445], [9.563903, 44.157466], [9.56286, 44.158444], [9.56281, 44.158489], [9.561817, 44.159185], [9.561273, 44.159533], [9.560773, 44.159779], [9.55973, 44.160262], [9.559031, 44.160577], [9.558687, 44.160711], [9.557644, 44.161153], [9.556682, 44.161621], [9.556601, 44.16166], [9.555558, 44.162201], [9.554751, 44.162665], [9.554514, 44.1628], [9.553471, 44.163398], [9.552894, 44.163709], [9.552428, 44.163964], [9.551385, 44.164472], [9.550707, 44.164753], [9.550342, 44.164898], [9.549299, 44.16529], [9.548255, 44.165717], [9.548092, 44.165797], [9.547212, 44.166235], [9.546169, 44.166835], [9.546159, 44.166841], [9.545126, 44.167479], [9.544447, 44.167885], [9.544083, 44.168106], [9.54304, 44.168701], [9.542641, 44.168929], [9.541996, 44.169288], [9.540953, 44.169886], [9.540805, 44.169973], [9.53991, 44.170488], [9.538968, 44.171016], [9.538867, 44.171074], [9.537824, 44.171667], [9.537129, 44.17206], [9.536781, 44.172272], [9.535737, 44.172907], [9.535413, 44.173104], [9.534694, 44.173556], [9.533775, 44.174148], [9.533651, 44.174233], [9.532608, 44.174953], [9.532252, 44.175192], [9.531565, 44.175676], [9.530671, 44.176236], [9.530522, 44.176331]]}}, {"type": "Feature", "properties": {"depth": 80}, "geometry": {"type": "LineString", "coordinates": [[9.710968, 44.040522], [9.709946, 44.041454], [9.70962, 44.041566], [9.708903, 44.04178], [9.708655, 44.04261], [9.708318, 44.043654], [9.707943, 44.044698], [9.70786, 44.044893], [9.707425, 44.045742], [9.706854, 44.046786], [9.706817, 44.046856], [9.706214, 44.04783], [9.705773, 44.048659], [9.705628, 44.048874], [9.704974, 44.049918], [9.70473, 44.05031], [9.704199, 44.050962], [9.703687, 44.051567], [9.703259, 44.052005], [9.702644, 44.052641], [9.702275, 44.053049], [9.701601, 44.053806], [9.701338, 44.054093], [9.700558, 44.055004], [9.700445, 44.055137], [9.699613, 44.056181], [9.699514, 44.056308], [9.698774, 44.057225], [9.698471, 44.057577], [9.69782, 44.058269], [9.697428, 44.058654], [9.696666, 44.059313], [9.696385, 44.059548], [9.695342, 44.060342], [9.695322, 44.060357], [9.694299, 44.06113], [9.693931, 44.061401], [9.693255, 44.061907], [9.692439, 44.062445], [9.692212, 44.062602], [9.691169, 44.063346], [9.691005, 44.063489], [9.690126, 44.064357], [9.689991, 44.064533], [9.689326, 44.065577], [9.689083, 44.066106], [9.688866, 44.066621], [9.688444, 44.067665], [9.68804, 44.068422], [9.687873, 44.068709], [9.686996, 44.069746], [9.686991, 44.069753], [9.685953, 44.070662], [9.68579, 44.070797], [9.68491, 44.07143], [9.684283, 44.071841], [9.683867, 44.072093], [9.682824, 44.072666], [9.68238, 44.072885], [9.681781, 44.073179], [9.680737, 44.073637], [9.679929, 44.073929], [9.679694, 44.074014], [9.678651, 44.074366], [9.677608, 44.074727], [9.67701, 44.074973], [9.676565, 44.075165], [9.675522, 44.075674], [9.674948, 44.076016], [9.674478, 44.076326], [9.673541, 44.07706], [9.673435, 44.077145], [9.672392, 44.077834], [9.672297, 44.078104], [9.671349, 44.078888], [9.671091, 44.079148], [9.670306, 44.079861], [9.669906, 44.080192], [9.669263, 44.080835], [9.668847, 44.081236], [9.668219, 44.081887], [9.667814, 44.08228], [9.667176, 44.082904], [9.666582, 44.083324], [9.666133, 44.083758], [9.665547, 44.084368], [9.66509, 44.084834], [9.664572, 44.085412], [9.664047, 44.085978], [9.663591, 44.086456], [9.663004, 44.087195], [9.662756, 44.0875], [9.66196, 44.088123], [9.661374, 44.088544], [9.660917, 44.089122], [9.660543, 44.089588], [9.659874, 44.090494], [9.659772, 44.090632], [9.659074, 44.091676], [9.658831, 44.092016], [9.658287, 44.09272], [9.657788, 44.093227], [9.657159, 44.093764], [9.656745, 44.094078], [9.655701, 44.09472], [9.655529, 44.094808], [9.654658, 44.095285], [9.653617, 44.095852], [9.653615, 44.095853], [9.652572, 44.096437], [9.651695, 44.096896], [9.651529, 44.096972], [9.650486, 44.097351], [9.649442, 44.097661], [9.648399, 44.097927], [9.648339, 44.09794], [9.647356, 44.098131], [9.646313, 44.098248], [9.64527, 44.098347], [9.644227, 44.098514], [9.643183, 44.098829], [9.642811, 44.098984], [9.64214, 44.0993], [9.641097, 44.099863], [9.640808, 44.100027], [9.640054, 44.100486], [9.639155, 44.101071], [9.639011, 44.101165], [9.637968, 44.101927], [9.637728, 44.102115], [9.636924, 44.102754], [9.636424, 44.103159], [9.635881, 44.103604], [9.63518, 44.104203], [9.634838, 44.104514], [9.63411, 44.105247], [9.633795, 44.10559], [9.633176, 44.106291], [9.632752, 44.106757], [9.632195, 44.107335], [9.631709, 44.107797], [9.631047, 44.108379], [9.630665, 44.108704], [9.629767, 44.109423], [9.629622, 44.109541], [9.628579, 44.110324], [9.628376, 44.110467], [9.627536, 44.110989], [9.626723, 44.111511], [9.626493, 44.111902], [9.62545, 44.112539], [9.625432, 44.112555], [9.624648, 44.113599], [9.624406, 44.113803], [9.623363, 44.114527], [9.623279, 44.114643], [9.62232, 44.115541], [9.622152, 44.115687], [9.62144, 44.116731], [9.621277, 44.116899], [9.620468, 44.117775], [9.620234, 44.118057], [9.619297, 44.118819], [9.619191, 44.118921], [9.618147, 44.119795], [9.618055, 44.119863], [9.617104, 44.120575], [9.616061, 44.120869], [9.615992, 44.120907], [9.615018, 44.121446], [9.614161, 44.121951], [9.613975, 44.122069], [9.612932, 44.122543], [9.612228, 44.122995], [9.611888, 44.123225], [9.610845, 44.123928], [9.610744, 44.124038], [9.609802, 44.124738], [9.609436, 44.125082], [9.608759, 44.125833], [9.608531, 44.126126], [9.60774, 44.12717], [9.607716, 44.1272], [9.60691, 44.128214], [9.606673, 44.128542], [9.606141, 44.129258], [9.605629, 44.129987], [9.605438, 44.130302], [9.604644, 44.131346], [9.604586, 44.131416], [9.603687, 44.13239], [9.603543, 44.132526], [9.6025, 44.133364], [9.602401, 44.133434], [9.601457, 44.134027], [9.600473, 44.134478], [9.600414, 44.134506], [9.599371, 44.134511], [9.599197, 44.134478], [9.598327, 44.134116], [9.597284, 44.13373], [9.596241, 44.13349], [9.59587, 44.133434], [9.595198, 44.133345], [9.594155, 44.133279], [9.593112, 44.13329], [9.592068, 44.133369], [9.591614, 44.133434], [9.591025, 44.13353], [9.589982, 44.133797], [9.588939, 44.134183], [9.588366, 44.134478], [9.587896, 44.134787], [9.586974, 44.135522], [9.586853, 44.135641], [9.585968, 44.136566], [9.585809, 44.136752], [9.58509, 44.13761], [9.584766, 44.138013], [9.584283, 44.138654], [9.583723, 44.139362], [9.583451, 44.139698], [9.58268, 44.140542], [9.582478, 44.140742], [9.581637, 44.141492], [9.581303, 44.141786], [9.580594, 44.142412], [9.580182, 44.14283], [9.57955, 44.143484], [9.579179, 44.143874], [9.578507, 44.144473], [9.577904, 44.144918], [9.577464, 44.145191], [9.576421, 44.145719], [9.575895, 44.145962], [9.575378, 44.146208], [9.574335, 44.146715], [9.57375, 44.147005], [9.573291, 44.147257], [9.572248, 44.147805], [9.571776, 44.148049], [9.571205, 44.148346], [9.570162, 44.148893], [9.569787, 44.149093], [9.569119, 44.149471], [9.568076, 44.150069], [9.567959, 44.150137], [9.567032, 44.15072], [9.56627, 44.151181], [9.565989, 44.151375], [9.564946, 44.152071], [9.564712, 44.152225], [9.563903, 44.152827], [9.563329, 44.153269], [9.56286, 44.153665], [9.562118, 44.154313], [9.561817, 44.154587], [9.560927, 44.155357], [9.560773, 44.155488], [9.55973, 44.156235], [9.559444, 44.156401], [9.558687, 44.156863], [9.557652, 44.157445], [9.557644, 44.15745], [9.556601, 44.158098], [9.556077, 44.158489], [9.555558, 44.158846], [9.554699, 44.159533], [9.554514, 44.159659], [9.553471, 44.160406], [9.55322, 44.160577], [9.552428, 44.161047], [9.551385, 44.161581], [9.551294, 44.161621], [9.550342, 44.162011], [9.549299, 44.162406], [9.548649, 44.162665], [9.548255, 44.162822], [9.547212, 44.163316], [9.546516, 44.163709], [9.546169, 44.163908], [9.545126, 44.164551], [9.544794, 44.164753], [9.544083, 44.165173], [9.54304, 44.16574], [9.542926, 44.165797], [9.541996, 44.166268], [9.540953, 44.166827], [9.54093, 44.166841], [9.53991, 44.167431], [9.539184, 44.167885], [9.538867, 44.168077], [9.537824, 44.168717], [9.537479, 44.168929], [9.536781, 44.169325], [9.535737, 44.169916], [9.535638, 44.169973], [9.534694, 44.170493], [9.533735, 44.171016], [9.533651, 44.171064], [9.532608, 44.171656], [9.531906, 44.17206], [9.531565, 44.172271], [9.530522, 44.172914]]}}, {"type": "Feature", "properties": {"depth": 90}, "geometry": {"type": "LineString", "coordinates": [[9.706055, 44.040522], [9.705773, 44.04132], [9.705618, 44.041566], [9.704948, 44.04261], [9.70473, 44.042923], [9.703877, 44.043654], [9.703687, 44.043805], [9.702644, 44.044688], [9.702637, 44.044698], [9.70187, 44.045742], [9.701601, 44.046121], [9.701113, 44.046786], [9.700558, 44.047459], [9.700214, 44.04783], [9.699514, 44.048499], [9.69914, 44.048874], [9.698471, 44.049503], [9.698113, 44.049918], [9.697428, 44.050723], [9.697254, 44.050962], [9.696511, 44.052005], [9.696385, 44.052184], [9.695789, 44.053049], [9.695342, 44.053651], [9.694993, 44.054093], [9.694299, 44.054874], [9.694047, 44.055137], [9.693255, 44.055903], [9.692953, 44.056181], [9.692212, 44.056817], [9.691721, 44.057225], [9.691169, 44.057626], [9.690301, 44.058269], [9.690126, 44.058391], [9.689083, 44.059228], [9.68899, 44.059313], [9.68804, 44.060267], [9.687962, 44.060357], [9.687189, 44.061401], [9.686996, 44.061687], [9.686535, 44.062445], [9.685953, 44.063444], [9.685928, 44.063489], [9.68534, 44.064533], [9.68491, 44.065245], [9.684714, 44.065577], [9.684009, 44.066621], [9.683867, 44.066801], [9.683125, 44.067665], [9.682824, 44.067963], [9.681962, 44.068709], [9.681781, 44.068852], [9.680737, 44.069576], [9.680448, 44.069753], [9.679694, 44.070175], [9.678651, 44.070696], [9.678445, 44.070797], [9.677608, 44.071182], [9.676565, 44.071645], [9.676069, 44.071841], [9.675522, 44.07206], [9.674478, 44.072501], [9.673435, 44.07288], [9.67343, 44.072885], [9.673075, 44.073929], [9.672392, 44.074448], [9.671904, 44.074973], [9.671349, 44.076013], [9.671347, 44.076016], [9.670608, 44.07706], [9.670306, 44.077461], [9.669629, 44.078104], [9.669263, 44.078319], [9.668299, 44.079148], [9.668219, 44.07925], [9.667452, 44.080192], [9.667176, 44.080464], [9.666333, 44.081236], [9.666133, 44.0814], [9.66509, 44.082105], [9.664892, 44.08228], [9.664047, 44.083068], [9.663872, 44.083324], [9.663004, 44.084064], [9.66273, 44.084368], [9.66196, 44.08536], [9.661891, 44.085412], [9.660917, 44.086121], [9.660489, 44.086456], [9.659874, 44.087065], [9.658967, 44.0875], [9.658831, 44.087579], [9.657788, 44.088225], [9.656745, 44.088492], [9.656464, 44.088544], [9.655701, 44.089092], [9.654658, 44.089567], [9.654612, 44.089588], [9.653615, 44.090088], [9.652572, 44.090463], [9.65217, 44.090632], [9.651529, 44.090899], [9.650486, 44.091224], [9.649442, 44.091524], [9.648808, 44.091676], [9.648399, 44.091803], [9.647356, 44.092287], [9.646313, 44.092614], [9.646094, 44.09272], [9.64527, 44.09308], [9.644227, 44.093354], [9.643183, 44.093748], [9.643059, 44.093764], [9.64214, 44.093973], [9.641097, 44.09436], [9.640054, 44.094764], [9.639957, 44.094808], [9.639011, 44.095142], [9.637968, 44.095493], [9.636924, 44.095827], [9.636843, 44.095852], [9.635881, 44.096191], [9.634838, 44.096549], [9.633846, 44.096896], [9.633795, 44.096917], [9.632752, 44.097366], [9.631709, 44.097856], [9.631534, 44.09794], [9.630665, 44.098548], [9.630068, 44.098984], [9.629622, 44.09948], [9.629185, 44.100027], [9.628579, 44.100957], [9.628509, 44.101071], [9.627731, 44.102115], [9.627536, 44.102412], [9.626987, 44.103159], [9.626493, 44.103853], [9.626183, 44.104203], [9.62545, 44.104909], [9.62507, 44.105247], [9.624406, 44.105684], [9.623518, 44.106291], [9.623363, 44.106377], [9.62232, 44.106982], [9.621637, 44.107335], [9.621277, 44.107516], [9.620234, 44.108044], [9.619638, 44.108379], [9.619191, 44.10865], [9.618147, 44.109329], [9.617988, 44.109423], [9.617104, 44.110024], [9.616435, 44.110467], [9.616061, 44.110879], [9.615588, 44.111511], [9.615214, 44.112555], [9.615018, 44.113103], [9.614836, 44.113599], [9.614002, 44.114643], [9.613975, 44.114668], [9.612932, 44.115516], [9.612703, 44.115687], [9.611888, 44.116244], [9.611215, 44.116731], [9.610845, 44.116987], [9.609852, 44.117775], [9.609802, 44.11781], [9.608759, 44.118731], [9.608672, 44.118819], [9.607716, 44.119605], [9.607396, 44.119863], [9.606673, 44.120414], [9.606008, 44.120907], [9.605629, 44.12124], [9.604952, 44.121951], [9.604586, 44.122507], [9.604286, 44.122995], [9.603744, 44.124038], [9.603543, 44.124436], [9.603156, 44.125082], [9.6025, 44.126063], [9.602444, 44.126126], [9.601457, 44.127083], [9.601318, 44.12717], [9.600414, 44.127622], [9.599371, 44.127936], [9.598327, 44.128156], [9.598021, 44.128214], [9.597284, 44.128331], [9.596241, 44.128426], [9.595198, 44.128492], [9.594155, 44.128581], [9.593112, 44.128728], [9.592068, 44.128905], [9.591025, 44.129088], [9.590099, 44.129258], [9.589982, 44.129278], [9.588939, 44.129487], [9.587896, 44.129751], [9.586853, 44.130098], [9.586364, 44.130302], [9.585809, 44.130551], [9.584766, 44.131112], [9.584412, 44.131346], [9.583723, 44.131805], [9.582989, 44.13239], [9.58268, 44.132654], [9.581843, 44.133434], [9.581637, 44.133646], [9.580823, 44.134478], [9.580594, 44.134732], [9.579858, 44.135522], [9.57955, 44.135855], [9.57885, 44.136566], [9.578507, 44.136897], [9.577741, 44.13761], [9.577464, 44.137864], [9.576644, 44.138654], [9.576421, 44.13888], [9.575653, 44.139698], [9.575378, 44.139997], [9.574627, 44.140742], [9.574335, 44.140994], [9.573291, 44.141769], [9.573268, 44.141786], [9.572248, 44.142432], [9.571662, 44.14283], [9.571205, 44.143116], [9.570162, 44.143763], [9.569959, 44.143874], [9.569119, 44.144271], [9.568076, 44.144659], [9.567215, 44.144918], [9.567032, 44.144975], [9.565989, 44.145296], [9.564946, 44.145734], [9.564518, 44.145962], [9.563903, 44.146295], [9.56286, 44.146889], [9.562658, 44.147005], [9.561817, 44.147438], [9.560773, 44.148014], [9.560715, 44.148049], [9.55973, 44.148578], [9.558891, 44.149093], [9.558687, 44.149217], [9.557644, 44.149892], [9.557271, 44.150137], [9.556601, 44.150588], [9.555668, 44.151181], [9.555558, 44.15125], [9.554514, 44.151847], [9.553867, 44.152225], [9.553471, 44.152447], [9.552428, 44.153083], [9.552154, 44.153269], [9.551385, 44.153803], [9.550753, 44.154313], [9.550342, 44.154659], [9.549551, 44.155357], [9.549299, 44.15557], [9.548255, 44.156358], [9.548183, 44.156401], [9.547212, 44.156924], [9.546169, 44.157386], [9.546022, 44.157445], [9.545126, 44.157804], [9.544083, 44.158248], [9.543522, 44.158489], [9.54304, 44.158692], [9.541996, 44.159042], [9.540953, 44.159369], [9.54053, 44.159533], [9.53991, 44.15978], [9.538867, 44.160402], [9.538643, 44.160577], [9.537824, 44.16124], [9.537401, 44.161621], [9.536781, 44.162163], [9.536204, 44.162665], [9.535737, 44.163046], [9.53487, 44.163709], [9.534694, 44.163836], [9.533651, 44.164538], [9.533336, 44.164753], [9.532608, 44.165234], [9.531843, 44.165797], [9.531565, 44.165993], [9.530522, 44.166839]]}}, {"type": "Feature", "properties": {"depth": 100}, "geometry": {"type": "LineString", "coordinates": [[9.696091, 44.040522], [9.695722, 44.041566], [9.695342, 44.042601], [9.695338, 44.04261], [9.694875, 44.043654], [9.694335, 44.044698], [9.694299, 44.044763], [9.693773, 44.045742], [9.693255, 44.046655], [9.693181, 44.046786], [9.692537, 44.04783], [9.692212, 44.048348], [9.691873, 44.048874], [9.691267, 44.049918], [9.691169, 44.050088], [9.690668, 44.050962], [9.690126, 44.051809], [9.69, 44.052005], [9.689156, 44.053049], [9.689083, 44.053127], [9.688192, 44.054093], [9.68804, 44.05425], [9.687244, 44.055137], [9.686996, 44.055415], [9.686388, 44.056181], [9.685953, 44.056739], [9.685623, 44.057225], [9.684926, 44.058269], [9.68491, 44.058293], [9.684377, 44.059313], [9.683897, 44.060357], [9.683867, 44.060421], [9.683446, 44.061401], [9.682948, 44.062445], [9.682824, 44.062675], [9.682357, 44.063489], [9.681781, 44.064366], [9.681658, 44.064533], [9.680802, 44.065577], [9.680737, 44.065643], [9.679694, 44.066596], [9.679664, 44.066621], [9.678651, 44.067349], [9.67817, 44.067665], [9.677608, 44.068008], [9.676565, 44.0686], [9.676329, 44.068709], [9.675522, 44.069092], [9.675071, 44.069753], [9.674478, 44.070658], [9.674405, 44.070797], [9.673435, 44.071465], [9.672392, 44.071683], [9.671349, 44.071783], [9.671241, 44.071841], [9.671349, 44.072738], [9.671383, 44.072885], [9.671349, 44.072943], [9.670485, 44.073929], [9.670306, 44.074128], [9.670087, 44.074973], [9.669587, 44.076016], [9.669263, 44.07637], [9.668537, 44.07706], [9.668219, 44.077269], [9.667449, 44.078104], [9.667176, 44.07838], [9.666333, 44.079148], [9.666133, 44.079564], [9.665382, 44.080192], [9.66509, 44.080329], [9.664184, 44.081236], [9.664047, 44.081361], [9.663138, 44.08228], [9.663004, 44.082495], [9.662486, 44.083324], [9.66196, 44.083947], [9.66138, 44.084368], [9.660917, 44.084678], [9.660013, 44.085412], [9.659874, 44.085514], [9.658831, 44.086441], [9.658811, 44.086456], [9.657788, 44.087058], [9.657035, 44.0875], [9.656745, 44.087624], [9.655701, 44.087867], [9.654658, 44.088079], [9.653615, 44.088337], [9.652808, 44.088544], [9.652572, 44.088662], [9.651738, 44.088544], [9.651529, 44.088531], [9.651478, 44.088544], [9.650486, 44.089107], [9.649442, 44.08955], [9.649299, 44.089588], [9.648399, 44.089831], [9.647356, 44.090274], [9.646534, 44.090632], [9.646313, 44.090717], [9.64527, 44.091068], [9.644227, 44.09137], [9.643351, 44.091676], [9.643183, 44.091735], [9.64214, 44.092203], [9.641097, 44.092251], [9.640054, 44.092543], [9.639011, 44.092673], [9.638767, 44.09272], [9.637968, 44.092878], [9.636924, 44.093024], [9.635881, 44.093258], [9.634838, 44.093269], [9.633976, 44.093764], [9.633795, 44.093876], [9.632752, 44.093943], [9.631709, 44.094015], [9.630665, 44.094092], [9.629622, 44.094013], [9.628579, 44.094241], [9.627536, 44.094495], [9.626493, 44.094719], [9.626318, 44.094808], [9.62545, 44.095369], [9.624406, 44.095736], [9.624261, 44.095852], [9.623363, 44.0968], [9.623283, 44.096896], [9.622398, 44.09794], [9.62232, 44.098073], [9.621751, 44.098984], [9.621277, 44.099961], [9.621238, 44.100027], [9.620302, 44.101071], [9.620314, 44.102115], [9.620234, 44.10221], [9.619191, 44.102671], [9.618681, 44.103159], [9.618147, 44.103604], [9.617607, 44.104203], [9.617104, 44.104724], [9.616535, 44.105247], [9.616061, 44.105629], [9.615018, 44.106263], [9.614967, 44.106291], [9.613975, 44.106804], [9.613174, 44.107335], [9.612932, 44.107529], [9.611888, 44.108065], [9.611328, 44.108379], [9.610845, 44.108779], [9.609802, 44.109219], [9.609326, 44.109423], [9.608759, 44.109808], [9.607716, 44.110243], [9.607317, 44.110467], [9.606673, 44.110954], [9.605629, 44.111329], [9.6053, 44.111511], [9.604586, 44.111989], [9.603543, 44.112227], [9.6025, 44.112547], [9.602457, 44.112555], [9.601457, 44.113022], [9.600414, 44.113424], [9.59962, 44.113599], [9.599371, 44.113673], [9.598327, 44.113943], [9.597284, 44.114349], [9.596387, 44.114643], [9.596241, 44.11472], [9.595198, 44.115417], [9.594655, 44.115687], [9.594155, 44.116188], [9.593665, 44.116731], [9.593112, 44.117351], [9.592704, 44.117775], [9.592068, 44.118336], [9.591454, 44.118819], [9.591025, 44.11927], [9.590398, 44.119863], [9.589982, 44.120351], [9.589386, 44.120907], [9.588939, 44.121245], [9.587896, 44.121702], [9.58702, 44.121951], [9.586853, 44.121986], [9.585809, 44.122283], [9.584766, 44.122713], [9.584186, 44.122995], [9.583723, 44.123246], [9.58268, 44.123833], [9.582307, 44.124038], [9.581637, 44.12444], [9.580594, 44.125042], [9.580524, 44.125082], [9.57955, 44.125695], [9.57892, 44.126126], [9.578507, 44.126424], [9.577552, 44.12717], [9.577464, 44.127261], [9.576563, 44.128214], [9.576421, 44.128401], [9.575744, 44.129258], [9.575378, 44.129708], [9.574861, 44.130302], [9.574335, 44.130803], [9.573709, 44.131346], [9.573291, 44.131736], [9.572434, 44.13239], [9.572248, 44.132539], [9.571205, 44.133034], [9.570162, 44.133302], [9.569577, 44.133434], [9.569119, 44.13354], [9.568076, 44.133892], [9.567032, 44.134207], [9.566092, 44.134478], [9.565989, 44.134509], [9.564946, 44.134848], [9.563903, 44.135199], [9.56286, 44.1355], [9.562785, 44.135522], [9.561817, 44.135886], [9.560773, 44.136327], [9.560336, 44.136566], [9.55973, 44.136995], [9.559057, 44.13761], [9.558687, 44.137972], [9.558029, 44.138654], [9.557644, 44.139022], [9.556869, 44.139698], [9.556601, 44.139975], [9.555651, 44.140742], [9.555558, 44.140829], [9.554514, 44.141619], [9.554281, 44.141786], [9.553471, 44.14234], [9.552779, 44.14283], [9.552428, 44.143021], [9.551385, 44.143619], [9.550912, 44.143874], [9.550342, 44.144169], [9.549299, 44.144795], [9.549123, 44.144918], [9.548255, 44.145647], [9.547911, 44.145962], [9.547212, 44.146574], [9.546651, 44.147005], [9.546169, 44.147299], [9.545126, 44.147843], [9.544697, 44.148049], [9.544083, 44.148325], [9.54304, 44.148725], [9.541996, 44.148999], [9.541694, 44.149093], [9.540953, 44.149632], [9.53991, 44.150037], [9.539604, 44.150137], [9.538867, 44.150697], [9.537824, 44.15109], [9.53753, 44.151181], [9.536781, 44.1518], [9.535987, 44.152225], [9.535737, 44.152354], [9.534928, 44.153269], [9.534694, 44.153474], [9.533825, 44.154313], [9.533651, 44.154491], [9.532903, 44.155357], [9.532608, 44.155665], [9.531963, 44.156401], [9.531565, 44.156858], [9.531083, 44.157445], [9.530522, 44.158122]]}}, {"type": "Feature", "properties": {"depth": 125}, "geometry": {"type": "LineString", "coordinates": [[9.665052, 44.040522], [9.664704, 44.041566], [9.664494, 44.04261], [9.664505, 44.043654], [9.664824, 44.044698], [9.66509, 44.045212], [9.665376, 44.045742], [9.666133, 44.046406], [9.666646, 44.046786], [9.667176, 44.047205], [9.667495, 44.04783], [9.668219, 44.048524], [9.668562, 44.048874], [9.669081, 44.049918], [9.669097, 44.050962], [9.669263, 44.051118], [9.670268, 44.052005], [9.670306, 44.052062], [9.67122, 44.053049], [9.671349, 44.053325], [9.671637, 44.054093], [9.672231, 44.055137], [9.672392, 44.055537], [9.672603, 44.056181], [9.673071, 44.057225], [9.673419, 44.058269], [9.673435, 44.058305], [9.673696, 44.059313], [9.673665, 44.060357], [9.673562, 44.061401], [9.673466, 44.062445], [9.673435, 44.062548], [9.673065, 44.063489], [9.672392, 44.064277], [9.672309, 44.064533], [9.671349, 44.065274], [9.670902, 44.065577], [9.670306, 44.06609], [9.669899, 44.066621], [9.670277, 44.067665], [9.670306, 44.067731], [9.670747, 44.068709], [9.670364, 44.069753], [9.670306, 44.069773], [9.6702, 44.069753], [9.669263, 44.069543], [9.668841, 44.069753], [9.668219, 44.070498], [9.667176, 44.070762], [9.666614, 44.070797], [9.66643, 44.071841], [9.666434, 44.072885], [9.666133, 44.073285], [9.665548, 44.073929], [9.66509, 44.074936], [9.665058, 44.074973], [9.664364, 44.076016], [9.664047, 44.076343], [9.663664, 44.07706], [9.663004, 44.077753], [9.662293, 44.078104], [9.66196, 44.078937], [9.661892, 44.079148], [9.661103, 44.080192], [9.660917, 44.08043], [9.660551, 44.081236], [9.659874, 44.082096], [9.658847, 44.08228], [9.658831, 44.082292], [9.65841, 44.083324], [9.657788, 44.083623], [9.656929, 44.084368], [9.656745, 44.084615], [9.655701, 44.085242], [9.654658, 44.085361], [9.654522, 44.085412], [9.653615, 44.085918], [9.652864, 44.086456], [9.652572, 44.086676], [9.651529, 44.086999], [9.650486, 44.086927], [9.649442, 44.087212], [9.648958, 44.0875], [9.648399, 44.087607], [9.647356, 44.087722], [9.646313, 44.087594], [9.64527, 44.08797], [9.644227, 44.088116], [9.643183, 44.088224], [9.64214, 44.088307], [9.641097, 44.088526], [9.641004, 44.088544], [9.640054, 44.088792], [9.639011, 44.088574], [9.637968, 44.088777], [9.636924, 44.088977], [9.635881, 44.088703], [9.635321, 44.088544], [9.634838, 44.088491], [9.633795, 44.088381], [9.632752, 44.088497], [9.632318, 44.088544], [9.631709, 44.088651], [9.630665, 44.088904], [9.629622, 44.088973], [9.628579, 44.089034], [9.627536, 44.089562], [9.626493, 44.089241], [9.62545, 44.089264], [9.624431, 44.089588], [9.624406, 44.089596], [9.623363, 44.08992], [9.62232, 44.090512], [9.621973, 44.090632], [9.621277, 44.090992], [9.620234, 44.091436], [9.619966, 44.091676], [9.619191, 44.092355], [9.618593, 44.09272], [9.618147, 44.093172], [9.617586, 44.093764], [9.617701, 44.094808], [9.617104, 44.095473], [9.61651, 44.095852], [9.616791, 44.096896], [9.616146, 44.09794], [9.616061, 44.09808], [9.615598, 44.098984], [9.615018, 44.099538], [9.614576, 44.100027], [9.613975, 44.100502], [9.613293, 44.101071], [9.612932, 44.101448], [9.611888, 44.101665], [9.611432, 44.102115], [9.610949, 44.103159], [9.610845, 44.103432], [9.609802, 44.103522], [9.609116, 44.104203], [9.608759, 44.104727], [9.607716, 44.105093], [9.60709, 44.105247], [9.606673, 44.105337], [9.605629, 44.105797], [9.604586, 44.105595], [9.603543, 44.105937], [9.602927, 44.106291], [9.6025, 44.106489], [9.601457, 44.106804], [9.600414, 44.107072], [9.600075, 44.107335], [9.599371, 44.107785], [9.598327, 44.107614], [9.597284, 44.107827], [9.596241, 44.108104], [9.595198, 44.108349], [9.595093, 44.108379], [9.594155, 44.108706], [9.593112, 44.109187], [9.592521, 44.109423], [9.592068, 44.109603], [9.591025, 44.110161], [9.590487, 44.110467], [9.589982, 44.11085], [9.58919, 44.111511], [9.588939, 44.111767], [9.587896, 44.11248], [9.587743, 44.112555], [9.586853, 44.11305], [9.586286, 44.113599], [9.585809, 44.114016], [9.584766, 44.114534], [9.584529, 44.114643], [9.583723, 44.115], [9.58268, 44.115533], [9.582302, 44.115687], [9.581637, 44.115962], [9.580594, 44.116486], [9.580072, 44.116731], [9.57955, 44.116966], [9.578507, 44.117558], [9.577972, 44.117775], [9.577464, 44.117986], [9.576421, 44.118555], [9.575956, 44.118819], [9.575378, 44.119176], [9.574335, 44.119735], [9.574122, 44.119863], [9.573291, 44.120361], [9.572332, 44.120907], [9.572248, 44.120954], [9.571205, 44.12158], [9.570837, 44.121951], [9.570162, 44.12253], [9.569119, 44.122987], [9.569104, 44.122995], [9.568076, 44.123577], [9.567248, 44.124038], [9.567032, 44.124175], [9.565989, 44.124978], [9.565861, 44.125082], [9.564946, 44.125691], [9.564287, 44.126126], [9.563903, 44.126326], [9.562872, 44.12717], [9.56286, 44.127183], [9.561817, 44.128057], [9.561329, 44.128214], [9.560773, 44.128419], [9.55973, 44.128984], [9.559019, 44.129258], [9.558687, 44.129404], [9.557644, 44.129761], [9.556601, 44.130261], [9.555558, 44.130274], [9.555504, 44.130302], [9.554514, 44.131002], [9.553471, 44.131336], [9.553453, 44.131346], [9.552428, 44.131746], [9.551385, 44.132069], [9.550831, 44.13239], [9.550342, 44.133252], [9.550157, 44.133434], [9.549299, 44.133742], [9.548462, 44.134478], [9.548255, 44.134706], [9.547597, 44.135522], [9.547212, 44.135754], [9.546169, 44.135822], [9.545126, 44.13586], [9.544492, 44.135522], [9.544083, 44.135349], [9.543392, 44.135522], [9.54304, 44.135687], [9.542431, 44.135522], [9.541996, 44.135467], [9.541913, 44.135522], [9.540953, 44.135974], [9.53991, 44.135603], [9.539802, 44.135522], [9.539017, 44.134478], [9.538867, 44.134383], [9.537824, 44.133559], [9.537734, 44.133434], [9.536781, 44.133002], [9.535737, 44.132912], [9.534694, 44.132754], [9.533651, 44.132696], [9.532608, 44.132544], [9.532146, 44.13239], [9.531565, 44.132269], [9.530522, 44.131674]]}}, {"type": "Feature", "properties": {"depth": 150}, "geometry": {"type": "LineString", "coordinates": [[9.655568, 44.040522], [9.655701, 44.040794], [9.656487, 44.041566], [9.655862, 44.04261], [9.655701, 44.043493], [9.655658, 44.043654], [9.655701, 44.04381], [9.655877, 44.044698], [9.656408, 44.045742], [9.656745, 44.046615], [9.656867, 44.046786], [9.656949, 44.04783], [9.657788, 44.048292], [9.658316, 44.048874], [9.658831, 44.049403], [9.659874, 44.049843], [9.65998, 44.049918], [9.660359, 44.050962], [9.660917, 44.051696], [9.661216, 44.052005], [9.661763, 44.053049], [9.66196, 44.053368], [9.662695, 44.054093], [9.663004, 44.054654], [9.663179, 44.055137], [9.664047, 44.055926], [9.664374, 44.056181], [9.664178, 44.057225], [9.66509, 44.058204], [9.665123, 44.058269], [9.665699, 44.059313], [9.666133, 44.060198], [9.666204, 44.060357], [9.666133, 44.060968], [9.666077, 44.061401], [9.665986, 44.062445], [9.666124, 44.063489], [9.665912, 44.064533], [9.666058, 44.065577], [9.665577, 44.066621], [9.66509, 44.067487], [9.664047, 44.06733], [9.663872, 44.067665], [9.663573, 44.068709], [9.664047, 44.069458], [9.664204, 44.069753], [9.664047, 44.069986], [9.663004, 44.07027], [9.662564, 44.070797], [9.662397, 44.071841], [9.66196, 44.072796], [9.661882, 44.072885], [9.661622, 44.073929], [9.661031, 44.074973], [9.660917, 44.075022], [9.659975, 44.076016], [9.659874, 44.076282], [9.659648, 44.07706], [9.659269, 44.078104], [9.658831, 44.078628], [9.658411, 44.079148], [9.657788, 44.080168], [9.657755, 44.080192], [9.656866, 44.081236], [9.656745, 44.08133], [9.656442, 44.081236], [9.655701, 44.080925], [9.655417, 44.081236], [9.654824, 44.08228], [9.654658, 44.082415], [9.653615, 44.082883], [9.652572, 44.082861], [9.652048, 44.083324], [9.651529, 44.083762], [9.650486, 44.083794], [9.649442, 44.084018], [9.648399, 44.083853], [9.647422, 44.083324], [9.647356, 44.083295], [9.647291, 44.083324], [9.646313, 44.084038], [9.64527, 44.084195], [9.644227, 44.084313], [9.644147, 44.084368], [9.643183, 44.085306], [9.64214, 44.085086], [9.641097, 44.084905], [9.640695, 44.085412], [9.640054, 44.085978], [9.639011, 44.085581], [9.637968, 44.085704], [9.637209, 44.085412], [9.636924, 44.085287], [9.63671, 44.085412], [9.635881, 44.08604], [9.634838, 44.085478], [9.634498, 44.085412], [9.633795, 44.085311], [9.632752, 44.085236], [9.631709, 44.084904], [9.630665, 44.08473], [9.629622, 44.084567], [9.629155, 44.084368], [9.628579, 44.084059], [9.627536, 44.083779], [9.626493, 44.084099], [9.625926, 44.084368], [9.62545, 44.084678], [9.624406, 44.084773], [9.623363, 44.085091], [9.622593, 44.085412], [9.62232, 44.085549], [9.621277, 44.085936], [9.620234, 44.085905], [9.619443, 44.086456], [9.619191, 44.086646], [9.618468, 44.0875], [9.618147, 44.087621], [9.617104, 44.087821], [9.616061, 44.088014], [9.615018, 44.08805], [9.614125, 44.088544], [9.614691, 44.089588], [9.613975, 44.089837], [9.613585, 44.090632], [9.613497, 44.091676], [9.613284, 44.09272], [9.612932, 44.093144], [9.612483, 44.093764], [9.611888, 44.094515], [9.611217, 44.094808], [9.611741, 44.095852], [9.610845, 44.09663], [9.610729, 44.096896], [9.609945, 44.09794], [9.609802, 44.097971], [9.608787, 44.098984], [9.608759, 44.099028], [9.607716, 44.099533], [9.606977, 44.100027], [9.606673, 44.100241], [9.605629, 44.100757], [9.604586, 44.100434], [9.603543, 44.10078], [9.6025, 44.100438], [9.601485, 44.101071], [9.601457, 44.101095], [9.600414, 44.101344], [9.599371, 44.101212], [9.598327, 44.101464], [9.597284, 44.101471], [9.596241, 44.101678], [9.595198, 44.101834], [9.594155, 44.102103], [9.59412, 44.102115], [9.593112, 44.102388], [9.592068, 44.102596], [9.591025, 44.103011], [9.590648, 44.103159], [9.589982, 44.103429], [9.588939, 44.104051], [9.588491, 44.104203], [9.587896, 44.104476], [9.586988, 44.105247], [9.586853, 44.105354], [9.585809, 44.106201], [9.585729, 44.106291], [9.584775, 44.107335], [9.584766, 44.107342], [9.583723, 44.108153], [9.583344, 44.108379], [9.58268, 44.108727], [9.581637, 44.109215], [9.580991, 44.109423], [9.580594, 44.109586], [9.57955, 44.109993], [9.578559, 44.110467], [9.578507, 44.110493], [9.577464, 44.11088], [9.576421, 44.111388], [9.576172, 44.111511], [9.575378, 44.111861], [9.574335, 44.11248], [9.574185, 44.112555], [9.573291, 44.112943], [9.572248, 44.113475], [9.571992, 44.113599], [9.571205, 44.114024], [9.570192, 44.114643], [9.570162, 44.114662], [9.569119, 44.115323], [9.568687, 44.115687], [9.568076, 44.115972], [9.567032, 44.116407], [9.566673, 44.116731], [9.565989, 44.11717], [9.564946, 44.117723], [9.564866, 44.117775], [9.563903, 44.118511], [9.563538, 44.118819], [9.56286, 44.119294], [9.562027, 44.119863], [9.561817, 44.119985], [9.561106, 44.120907], [9.560818, 44.121951], [9.560773, 44.121981], [9.560498, 44.121951], [9.55973, 44.12179], [9.559573, 44.121951], [9.558687, 44.122953], [9.558622, 44.122995], [9.557644, 44.123447], [9.556601, 44.123976], [9.55628, 44.124038], [9.555558, 44.124153], [9.554514, 44.124687], [9.553471, 44.124804], [9.552686, 44.125082], [9.552428, 44.125196], [9.551385, 44.125413], [9.550342, 44.125691], [9.549789, 44.126126], [9.549299, 44.126456], [9.548433, 44.12717], [9.548686, 44.128214], [9.548255, 44.128561], [9.547212, 44.128993], [9.547157, 44.129258], [9.547212, 44.129451], [9.547494, 44.130302], [9.547212, 44.130584], [9.546602, 44.131346], [9.546169, 44.132149], [9.545126, 44.132237], [9.544753, 44.13239], [9.544083, 44.132553], [9.54304, 44.132549], [9.542374, 44.13239], [9.541996, 44.132274], [9.540953, 44.132095], [9.53991, 44.13202], [9.539257, 44.131346], [9.538867, 44.131097], [9.537863, 44.131346], [9.537824, 44.131361], [9.537804, 44.131346], [9.536781, 44.130564], [9.53631, 44.130302], [9.535737, 44.129875], [9.534694, 44.130107], [9.533651, 44.129783], [9.532608, 44.129571], [9.531565, 44.129388], [9.530522, 44.129306]]}}, {"type": "Feature", "properties": {"depth": 200}, "geometry": {"type": "LineString", "coordinates": [[9.645444, 44.040522], [9.64527, 44.040836], [9.644768, 44.041566], [9.644227, 44.042181], [9.643912, 44.04261], [9.643326, 44.043654], [9.643183, 44.043841], [9.642458, 44.044698], [9.64214, 44.045092], [9.641754, 44.045742], [9.641305, 44.046786], [9.641097, 44.047023], [9.640488, 44.04783], [9.640054, 44.048389], [9.639734, 44.048874], [9.639011, 44.049693], [9.638784, 44.049918], [9.637968, 44.050677], [9.637618, 44.050962], [9.636924, 44.05159], [9.63637, 44.052005], [9.635881, 44.052395], [9.635316, 44.053049], [9.634838, 44.053662], [9.634452, 44.054093], [9.633795, 44.054757], [9.63344, 44.055137], [9.632752, 44.055754], [9.63233, 44.056181], [9.631709, 44.056866], [9.631272, 44.057225], [9.630665, 44.057745], [9.630151, 44.058269], [9.629622, 44.05878], [9.629074, 44.059313], [9.628579, 44.059868], [9.628227, 44.060357], [9.627566, 44.061401], [9.628579, 44.062162], [9.629622, 44.062317], [9.630665, 44.061999], [9.631079, 44.062445], [9.631709, 44.062763], [9.632361, 44.063489], [9.632752, 44.063775], [9.633795, 44.063734], [9.634204, 44.063489], [9.634838, 44.063053], [9.635785, 44.062445], [9.635881, 44.062371], [9.636924, 44.062001], [9.637555, 44.061401], [9.637968, 44.060952], [9.638619, 44.060357], [9.639011, 44.059817], [9.640054, 44.059319], [9.641097, 44.059518], [9.64214, 44.05965], [9.64241, 44.059313], [9.64214, 44.059006], [9.641097, 44.058805], [9.640151, 44.058269], [9.640054, 44.058224], [9.639388, 44.057225], [9.639011, 44.056196], [9.639003, 44.056181], [9.639011, 44.056169], [9.639598, 44.055137], [9.640054, 44.054603], [9.640671, 44.054093], [9.641097, 44.053572], [9.64214, 44.053074], [9.642305, 44.053049], [9.643183, 44.052958], [9.644227, 44.052568], [9.644581, 44.053049], [9.64527, 44.053402], [9.646313, 44.053484], [9.647356, 44.054041], [9.64739, 44.054093], [9.648399, 44.054797], [9.649113, 44.055137], [9.649034, 44.056181], [9.648399, 44.057066], [9.648244, 44.057225], [9.648399, 44.057694], [9.648643, 44.058269], [9.648399, 44.058486], [9.647359, 44.059313], [9.647356, 44.059337], [9.647251, 44.060357], [9.647356, 44.060374], [9.648399, 44.060705], [9.649124, 44.061401], [9.649442, 44.061682], [9.650458, 44.062445], [9.650486, 44.0625], [9.651529, 44.063452], [9.65158, 44.063489], [9.652572, 44.064331], [9.653076, 44.064533], [9.653615, 44.064662], [9.65401, 44.064533], [9.654658, 44.064264], [9.655701, 44.064263], [9.656437, 44.064533], [9.656745, 44.064943], [9.656944, 44.065577], [9.656745, 44.066383], [9.656665, 44.066621], [9.65649, 44.067665], [9.656213, 44.068709], [9.655851, 44.069753], [9.655851, 44.070797], [9.655701, 44.071232], [9.655547, 44.071841], [9.655701, 44.072881], [9.655702, 44.072885], [9.655701, 44.072887], [9.655437, 44.073929], [9.655066, 44.074973], [9.654658, 44.075511], [9.654231, 44.076016], [9.653615, 44.07656], [9.652953, 44.07706], [9.652572, 44.077246], [9.651529, 44.077433], [9.650486, 44.077834], [9.649442, 44.077677], [9.648399, 44.077673], [9.647356, 44.077902], [9.646527, 44.07706], [9.646313, 44.076928], [9.64527, 44.076521], [9.644805, 44.076016], [9.644227, 44.075557], [9.643183, 44.075355], [9.64214, 44.075938], [9.642124, 44.076016], [9.641862, 44.07706], [9.641364, 44.078104], [9.641097, 44.078305], [9.640054, 44.078626], [9.639011, 44.078696], [9.637968, 44.078717], [9.636924, 44.078305], [9.636593, 44.078104], [9.635881, 44.077705], [9.634838, 44.077239], [9.634522, 44.07706], [9.633795, 44.076663], [9.632835, 44.076016], [9.632752, 44.075842], [9.63226, 44.074973], [9.631709, 44.074922], [9.630665, 44.074787], [9.629622, 44.074604], [9.628579, 44.074394], [9.627774, 44.073929], [9.627536, 44.073818], [9.626493, 44.073831], [9.626163, 44.073929], [9.62545, 44.074322], [9.624406, 44.074952], [9.624328, 44.074973], [9.623363, 44.075594], [9.62232, 44.075571], [9.621277, 44.075492], [9.620234, 44.075517], [9.619191, 44.075846], [9.618951, 44.076016], [9.618147, 44.076494], [9.617104, 44.076894], [9.616524, 44.07706], [9.616061, 44.077726], [9.615018, 44.077182], [9.614963, 44.07706], [9.613975, 44.076785], [9.612932, 44.076486], [9.611888, 44.076384], [9.610845, 44.076265], [9.609802, 44.076627], [9.609281, 44.07706], [9.608759, 44.07757], [9.608015, 44.078104], [9.607716, 44.078248], [9.606673, 44.078812], [9.605967, 44.079148], [9.605629, 44.07931], [9.604586, 44.079703], [9.603579, 44.080192], [9.603543, 44.080207], [9.6025, 44.080646], [9.601653, 44.081236], [9.601457, 44.081391], [9.600414, 44.082208], [9.600316, 44.08228], [9.599371, 44.083056], [9.599061, 44.083324], [9.599371, 44.08397], [9.599663, 44.084368], [9.600414, 44.085304], [9.600461, 44.085412], [9.600981, 44.086456], [9.601457, 44.086729], [9.602462, 44.0875], [9.6025, 44.087578], [9.60345, 44.088544], [9.603543, 44.088654], [9.604586, 44.089464], [9.604835, 44.089588], [9.604597, 44.090632], [9.604586, 44.090644], [9.60367, 44.091676], [9.603543, 44.091811], [9.6025, 44.092369], [9.601457, 44.092334], [9.600414, 44.091876], [9.600116, 44.091676], [9.599371, 44.091056], [9.598327, 44.090943], [9.597284, 44.091065], [9.596241, 44.090853], [9.595895, 44.090632], [9.595198, 44.090211], [9.594155, 44.090525], [9.594105, 44.090632], [9.593697, 44.091676], [9.593112, 44.092082], [9.592068, 44.092118], [9.591025, 44.092443], [9.590667, 44.09272], [9.589982, 44.093106], [9.588939, 44.093201], [9.587896, 44.093235], [9.586853, 44.09326], [9.585809, 44.093484], [9.584859, 44.093764], [9.584766, 44.093803], [9.583723, 44.094171], [9.58268, 44.094666], [9.582471, 44.094808], [9.581637, 44.095623], [9.581461, 44.095852], [9.581137, 44.096896], [9.580594, 44.097261], [9.57955, 44.097072], [9.578507, 44.097553], [9.578338, 44.09794], [9.578507, 44.098255], [9.579061, 44.098984], [9.578507, 44.099996], [9.577464, 44.099872], [9.576421, 44.099899], [9.575378, 44.099888], [9.575234, 44.100027], [9.574335, 44.101032], [9.573291, 44.101001], [9.572248, 44.100945], [9.571762, 44.101071], [9.571205, 44.101404], [9.570735, 44.102115], [9.57066, 44.103159], [9.570162, 44.10386], [9.569119, 44.103986], [9.568076, 44.104029], [9.567615, 44.104203], [9.567032, 44.104644], [9.566495, 44.105247], [9.565989, 44.105873], [9.564946, 44.106221], [9.564335, 44.106291], [9.563903, 44.106361], [9.56286, 44.107075], [9.562662, 44.107335], [9.561817, 44.108278], [9.561666, 44.108379], [9.560773, 44.108794], [9.55973, 44.109034], [9.559162, 44.109423], [9.558687, 44.109843], [9.557644, 44.110082], [9.556601, 44.110443], [9.555558, 44.110213], [9.554514, 44.110134], [9.553949, 44.110467], [9.553471, 44.111361], [9.553422, 44.111511], [9.553471, 44.11168], [9.553925, 44.112555], [9.553771, 44.113599], [9.553471, 44.113884], [9.552428, 44.114101], [9.551385, 44.114132], [9.550342, 44.11414], [9.549299, 44.114359], [9.548255, 44.11445], [9.547212, 44.114638], [9.547201, 44.114643], [9.546169, 44.11519], [9.545651, 44.115687], [9.545173, 44.116731], [9.545126, 44.116956], [9.544972, 44.117775], [9.544992, 44.118819], [9.544276, 44.119863], [9.544095, 44.120907], [9.544083, 44.120934], [9.543842, 44.121951], [9.543774, 44.122995], [9.543602, 44.124038], [9.54304, 44.124698], [9.542466, 44.125082], [9.541996, 44.125464], [9.540953, 44.125555], [9.53991, 44.125607], [9.538867, 44.125711], [9.538035, 44.126126], [9.537824, 44.126194], [9.537702, 44.126126], [9.536781, 44.125589], [9.535737, 44.125288], [9.535541, 44.125082], [9.534694, 44.124115], [9.534585, 44.124038], [9.534271, 44.122995], [9.533651, 44.121951], [9.533651, 44.121951], [9.533651, 44.121951], [9.532608, 44.122212], [9.531565, 44.122451], [9.530522, 44.122667]]}}, {"type": "Feature", "properties": {"depth": 200}, "geometry": {"type": "LineString", "coordinates": [[9.643183, 44.071764], [9.642974, 44.071841], [9.643183, 44.071984], [9.643255, 44.071841], [9.643183, 44.071764]]}}, {"type": "Feature", "properties": {"depth": 300}, "geometry": {"type": "LineString", "coordinates": [[9.631804, 44.040522], [9.631709, 44.040766], [9.631389, 44.041566], [9.631019, 44.04261], [9.630665, 44.043581], [9.630641, 44.043654], [9.630345, 44.044698], [9.630135, 44.045742], [9.630091, 44.046786], [9.629622, 44.047403], [9.629271, 44.04783], [9.628579, 44.048518], [9.628227, 44.048874], [9.627536, 44.049437], [9.626895, 44.049918], [9.626493, 44.05033], [9.625963, 44.050962], [9.62545, 44.051527], [9.624995, 44.052005], [9.624417, 44.053049], [9.624406, 44.053062], [9.623363, 44.05407], [9.623343, 44.054093], [9.622634, 44.055137], [9.62232, 44.05547], [9.621277, 44.056094], [9.621197, 44.056181], [9.620234, 44.057092], [9.620048, 44.057225], [9.619191, 44.058088], [9.61905, 44.058269], [9.618367, 44.059313], [9.618147, 44.059777], [9.617881, 44.060357], [9.61788, 44.061401], [9.618147, 44.061547], [9.619191, 44.062292], [9.619318, 44.062445], [9.620234, 44.063033], [9.621277, 44.063111], [9.62232, 44.063066], [9.623363, 44.063091], [9.624406, 44.06319], [9.62545, 44.063289], [9.626171, 44.063489], [9.626493, 44.063639], [9.627536, 44.064079], [9.628579, 44.064376], [9.62956, 44.064533], [9.629622, 44.064545], [9.630665, 44.06514], [9.631436, 44.065577], [9.631709, 44.065743], [9.632752, 44.066322], [9.633795, 44.066509], [9.634838, 44.066584], [9.635881, 44.066351], [9.636924, 44.065822], [9.637413, 44.065577], [9.637968, 44.065211], [9.639011, 44.064706], [9.639345, 44.064533], [9.640054, 44.064094], [9.641097, 44.063608], [9.641252, 44.063489], [9.64214, 44.062897], [9.643183, 44.062866], [9.644107, 44.062445], [9.644227, 44.062434], [9.644393, 44.062445], [9.64527, 44.062889], [9.646313, 44.063489], [9.646313, 44.063489], [9.646336, 44.064533], [9.646313, 44.064546], [9.64527, 44.064953], [9.644227, 44.065567], [9.644218, 44.065577], [9.643833, 44.066621], [9.643183, 44.067422], [9.642909, 44.067665], [9.64214, 44.067851], [9.641097, 44.068437], [9.640735, 44.068709], [9.640054, 44.069683], [9.640005, 44.069753], [9.639278, 44.070797], [9.639011, 44.071165], [9.637968, 44.071731], [9.637799, 44.071841], [9.636924, 44.07227], [9.635881, 44.072557], [9.634838, 44.072797], [9.633795, 44.072841], [9.632752, 44.072777], [9.631709, 44.072469], [9.630665, 44.072203], [9.629712, 44.071841], [9.629622, 44.071791], [9.628579, 44.071358], [9.627847, 44.070797], [9.627536, 44.070567], [9.626493, 44.070254], [9.62545, 44.070308], [9.624636, 44.070797], [9.624406, 44.070945], [9.623363, 44.071642], [9.623146, 44.071841], [9.62232, 44.072427], [9.621277, 44.072632], [9.620234, 44.072789], [9.619245, 44.072885], [9.619191, 44.072891], [9.618147, 44.073319], [9.617104, 44.073787], [9.616698, 44.073929], [9.616061, 44.074193], [9.615018, 44.074191], [9.613975, 44.074238], [9.612932, 44.073929], [9.612932, 44.073929], [9.611888, 44.073447], [9.610845, 44.07328], [9.609802, 44.073002], [9.609646, 44.072885], [9.608929, 44.071841], [9.608759, 44.07165], [9.607827, 44.070797], [9.607716, 44.070607], [9.607317, 44.069753], [9.607078, 44.068709], [9.606673, 44.068595], [9.606335, 44.068709], [9.605629, 44.06922], [9.604843, 44.069753], [9.604586, 44.069839], [9.603543, 44.070178], [9.6025, 44.069887], [9.602177, 44.069753], [9.601457, 44.069403], [9.600414, 44.069102], [9.59989, 44.069753], [9.599371, 44.070529], [9.599087, 44.070797], [9.598327, 44.071655], [9.598131, 44.071841], [9.597328, 44.072885], [9.597284, 44.072945], [9.596338, 44.073929], [9.596241, 44.073997], [9.595198, 44.074568], [9.594377, 44.074973], [9.594155, 44.075221], [9.5935, 44.076016], [9.593112, 44.076567], [9.592898, 44.07706], [9.592473, 44.078104], [9.592068, 44.078752], [9.591856, 44.079148], [9.591416, 44.080192], [9.591025, 44.081089], [9.590958, 44.081236], [9.591025, 44.081477], [9.591165, 44.08228], [9.592018, 44.083324], [9.592068, 44.083373], [9.593063, 44.084368], [9.593112, 44.084509], [9.593545, 44.085412], [9.594147, 44.086456], [9.593112, 44.087089], [9.592068, 44.087008], [9.591025, 44.086644], [9.590504, 44.086456], [9.589982, 44.086247], [9.588939, 44.086017], [9.587896, 44.085948], [9.586853, 44.085892], [9.585809, 44.085818], [9.584766, 44.085915], [9.583723, 44.086091], [9.583284, 44.086456], [9.582974, 44.0875], [9.58268, 44.087611], [9.581637, 44.087865], [9.580594, 44.088179], [9.579573, 44.088544], [9.57955, 44.088559], [9.578507, 44.089033], [9.577947, 44.089588], [9.577464, 44.090093], [9.57688, 44.090632], [9.576421, 44.091086], [9.575907, 44.091676], [9.575378, 44.09228], [9.574648, 44.09272], [9.574335, 44.092876], [9.573448, 44.093764], [9.573291, 44.09399], [9.57231, 44.094808], [9.572248, 44.094836], [9.571205, 44.095395], [9.570742, 44.095852], [9.570162, 44.096516], [9.569548, 44.096896], [9.569119, 44.097036], [9.568076, 44.097604], [9.567642, 44.09794], [9.567032, 44.098431], [9.566177, 44.098984], [9.565989, 44.09913], [9.564946, 44.099917], [9.564685, 44.100027], [9.563903, 44.100315], [9.56286, 44.100761], [9.562341, 44.101071], [9.561817, 44.101506], [9.561197, 44.102115], [9.560773, 44.102579], [9.559991, 44.103159], [9.55973, 44.103226], [9.558687, 44.103169], [9.557644, 44.103872], [9.55718, 44.104203], [9.556601, 44.104658], [9.555565, 44.105247], [9.555558, 44.105251], [9.554514, 44.105868], [9.553895, 44.106291], [9.553471, 44.106428], [9.552428, 44.106484], [9.551385, 44.106565], [9.550342, 44.107028], [9.550007, 44.107335], [9.549299, 44.108088], [9.548986, 44.108379], [9.549299, 44.109333], [9.549311, 44.109423], [9.549541, 44.110467], [9.549299, 44.110662], [9.548255, 44.110614], [9.547499, 44.110467], [9.547212, 44.110404], [9.546996, 44.110467], [9.546169, 44.110794], [9.545126, 44.110983], [9.544083, 44.111], [9.54304, 44.111168], [9.542424, 44.111511], [9.541996, 44.112472], [9.541972, 44.112555], [9.540953, 44.113157], [9.539949, 44.113599], [9.539937, 44.114643], [9.53991, 44.114818], [9.538867, 44.115626], [9.538355, 44.115687], [9.537824, 44.11596], [9.537633, 44.116731], [9.536781, 44.117435], [9.535737, 44.11759], [9.535429, 44.117775], [9.534694, 44.118261], [9.533651, 44.11821], [9.532612, 44.117775], [9.532608, 44.117773], [9.531565, 44.117655], [9.530522, 44.117758]]}}, {"type": "Feature", "properties": {"depth": 500}, "geometry": {"type": "LineString", "coordinates": [[9.530522, 44.058965], [9.531565, 44.058709], [9.532608, 44.058707], [9.533651, 44.058739], [9.534694, 44.058912], [9.535477, 44.059313], [9.535737, 44.059349], [9.536781, 44.059621], [9.537824, 44.059994], [9.538867, 44.060073], [9.53991, 44.059577], [9.540548, 44.059313], [9.540953, 44.058762], [9.54156, 44.058269], [9.541996, 44.05733], [9.54304, 44.05733], [9.543856, 44.058269], [9.544083, 44.058338], [9.545126, 44.058926], [9.545547, 44.059313], [9.546169, 44.059542], [9.547171, 44.060357], [9.547212, 44.060385], [9.548255, 44.060814], [9.549299, 44.060536], [9.549623, 44.060357], [9.550342, 44.059878], [9.551385, 44.05971], [9.552428, 44.059734], [9.553471, 44.059757], [9.554514, 44.05981], [9.555558, 44.059692], [9.556601, 44.060068], [9.557644, 44.060193], [9.558687, 44.059986], [9.55929, 44.060357], [9.55973, 44.060661], [9.560773, 44.061131], [9.561817, 44.061179], [9.56286, 44.061012], [9.563155, 44.060357], [9.56286, 44.059678], [9.562626, 44.059313], [9.561817, 44.058527], [9.561415, 44.058269], [9.560773, 44.057723], [9.560435, 44.057225], [9.560217, 44.056181], [9.560487, 44.055137], [9.560773, 44.054556], [9.561002, 44.054093], [9.561817, 44.053267], [9.562195, 44.053049], [9.56286, 44.052697], [9.563903, 44.05241], [9.564946, 44.052372], [9.565989, 44.052333], [9.567032, 44.052224], [9.568076, 44.05275], [9.569119, 44.05293], [9.570162, 44.05285], [9.571205, 44.052985], [9.572248, 44.053038], [9.573291, 44.052935], [9.574335, 44.052445], [9.575378, 44.052385], [9.576421, 44.052551], [9.577464, 44.052825], [9.578377, 44.053049], [9.578507, 44.053149], [9.579451, 44.054093], [9.579141, 44.055137], [9.578507, 44.055393], [9.577464, 44.055927], [9.577116, 44.056181], [9.576421, 44.05647], [9.575378, 44.056693], [9.574423, 44.057225], [9.574335, 44.057249], [9.573291, 44.057311], [9.572248, 44.057379], [9.571205, 44.05746], [9.570162, 44.057345], [9.569768, 44.057225], [9.569119, 44.056893], [9.568076, 44.056835], [9.567462, 44.057225], [9.56757, 44.058269], [9.568076, 44.058658], [9.568704, 44.059313], [9.569095, 44.060357], [9.569119, 44.060393], [9.569592, 44.061401], [9.570162, 44.062305], [9.570243, 44.062445], [9.570401, 44.063489], [9.570184, 44.064533], [9.570162, 44.064563], [9.569119, 44.065442], [9.56881, 44.065577], [9.568076, 44.065829], [9.567032, 44.065989], [9.565989, 44.065997], [9.564946, 44.065964], [9.563903, 44.065865], [9.56286, 44.065745], [9.561817, 44.065711], [9.560773, 44.065868], [9.56012, 44.065577], [9.55973, 44.065461], [9.558687, 44.065476], [9.558303, 44.065577], [9.557644, 44.065745], [9.556601, 44.065874], [9.555558, 44.065986], [9.554514, 44.066251], [9.553556, 44.066621], [9.553471, 44.066644], [9.552428, 44.06696], [9.551385, 44.06725], [9.550465, 44.067665], [9.550342, 44.067736], [9.549299, 44.06795], [9.548255, 44.067928], [9.547212, 44.068027], [9.546169, 44.068287], [9.545126, 44.068565], [9.544217, 44.068709], [9.544083, 44.068725], [9.543986, 44.068709], [9.54304, 44.068473], [9.541996, 44.068008], [9.540953, 44.068093], [9.53991, 44.068622], [9.538867, 44.068507], [9.537824, 44.068595], [9.536781, 44.0686], [9.535737, 44.068417], [9.534694, 44.068615], [9.533651, 44.068453], [9.532608, 44.067848], [9.531565, 44.068049], [9.530522, 44.068669]]}}, {"type": "Feature", "properties": {"depth": 500}, "geometry": {"type": "LineString", "coordinates": [[9.530522, 44.071423], [9.531091, 44.071841], [9.531565, 44.072493], [9.531858, 44.072885], [9.532362, 44.073929], [9.532608, 44.074393], [9.532791, 44.074973], [9.533516, 44.076016], [9.533651, 44.076117], [9.534462, 44.076016], [9.534694, 44.075994], [9.535737, 44.075735], [9.536781, 44.075745], [9.537824, 44.076], [9.537852, 44.076016], [9.538813, 44.07706], [9.538867, 44.077105], [9.539599, 44.078104], [9.538867, 44.078919], [9.538367, 44.079148], [9.537824, 44.07935], [9.536781, 44.079581], [9.535955, 44.079148], [9.535737, 44.079076], [9.534694, 44.078438], [9.533651, 44.07885], [9.533489, 44.079148], [9.532936, 44.080192], [9.532608, 44.080934], [9.53248, 44.081236], [9.531565, 44.081611], [9.530522, 44.08181]]}}, {"type": "Feature", "properties": {"depth": 500}, "geometry": {"type": "LineString", "coordinates": [[9.541856, 44.078104], [9.541996, 44.078013], [9.54304, 44.077888], [9.544083, 44.077888], [9.544454, 44.078104], [9.544083, 44.078274], [9.54304, 44.078312], [9.541996, 44.078175], [9.541856, 44.078104]]}}, {"type": "Feature", "properties": {"depth": 500}, "geometry": {"type": "LineString", "coordinates": [[9.546994, 44.079148], [9.547212, 44.079082], [9.548255, 44.079122], [9.548464, 44.079148], [9.548255, 44.079165], [9.547212, 44.079198], [9.546994, 44.079148]]}}]}