{"type": "FeatureCollection", "features": [{"type": "Feature", "geometry": {"type": "Polygon", "coordinates": [[[9.899595, 43.998358], [9.899021, 43.9985], [9.898466, 43.998632], [9.897881, 43.998918], [9.897702, 43.999288], [9.897617, 43.999794], [9.897363, 44.000219], [9.897084, 44.000585], [9.896923, 44.000915], [9.896632, 44.001263], [9.89614, 44.001576], [9.895766, 44.001761], [9.89533, 44.001821], [9.894768, 44.001741], [9.894349, 44.001612], [9.893849, 44.001459], [9.893149, 44.001384], [9.892375, 44.001359], [9.891727, 44.001532], [9.891254, 44.001827], [9.891005, 44.002039], [9.890483, 44.002501], [9.890206, 44.003273], [9.890109, 44.00382], [9.890049, 44.004397], [9.889957, 44.004831], [9.889766, 44.005368], [9.889463, 44.005807], [9.889153, 44.006259], [9.888849, 44.006657], [9.888365, 44.007457], [9.88795, 44.007999], [9.887602, 44.008478], [9.887274, 44.008885], [9.887032, 44.009351], [9.886897, 44.00978], [9.886574, 44.010272], [9.886296, 44.010801], [9.885955, 44.011352], [9.885496, 44.011854], [9.885066, 44.012207], [9.88425, 44.012548], [9.883465, 44.01282], [9.882548, 44.012994], [9.881768, 44.013127], [9.880907, 44.013174], [9.880196, 44.013243], [9.879772, 44.013529], [9.879511, 44.013719], [9.879462, 44.014044], [9.87954, 44.014504], [9.879872, 44.014909], [9.880285, 44.015179], [9.880443, 44.015495], [9.880545, 44.015869], [9.880415, 44.016158], [9.879948, 44.016498], [9.878995, 44.016847], [9.878147, 44.017165], [9.877443, 44.017505], [9.876384, 44.018022], [9.875599, 44.018376], [9.87505, 44.018643], [9.874478, 44.019015], [9.874154, 44.019241], [9.873899, 44.019503], [9.873758, 44.019901], [9.873853, 44.020253], [9.874029, 44.020559], [9.87433, 44.020847], [9.874587, 44.02105], [9.874937, 44.021315], [9.875238, 44.021572], [9.875533, 44.021883], [9.875803, 44.022184], [9.875941, 44.022405], [9.876111, 44.022766], [9.875907, 44.023204], [9.875522, 44.023543], [9.874737, 44.024005], [9.87409, 44.024472], [9.873723, 44.024906], [9.873469, 44.025236], [9.873058, 44.025638], [9.87281, 44.025878], [9.872723, 44.025923], [9.872604, 44.026028], [9.872355, 44.026177], [9.871957, 44.026453], [9.871807, 44.026598], [9.871459, 44.026829], [9.871005, 44.027299], [9.870527, 44.027878], [9.869942, 44.028416], [9.869338, 44.028873], [9.86899, 44.029276], [9.868326, 44.030076], [9.867748, 44.030718], [9.867381, 44.031161], [9.866833, 44.031438], [9.865685, 44.031612], [9.864749, 44.031817], [9.863726, 44.032203], [9.862585, 44.032566], [9.861699, 44.032816], [9.860926, 44.033026], [9.860221, 44.033217], [9.859897, 44.033366], [9.859604, 44.033615], [9.859599, 44.033904], [9.859908, 44.03449], [9.860091, 44.035], [9.860055, 44.035437], [9.859914, 44.035957], [9.859797, 44.036291], [9.859393, 44.036928], [9.858914, 44.037308], [9.858453, 44.037638], [9.857735, 44.037694], [9.856717, 44.037701], [9.856123, 44.03754], [9.855592, 44.037306], [9.855334, 44.036986], [9.855083, 44.036712], [9.854515, 44.036686], [9.853672, 44.036674], [9.852854, 44.036761], [9.852036, 44.036831], [9.85138, 44.036832], [9.850805, 44.036666], [9.850329, 44.036252], [9.849621, 44.035662], [9.849126, 44.035329], [9.848512, 44.034884], [9.84813, 44.034497], [9.848004, 44.03428], [9.848021, 44.033874], [9.848126, 44.033571], [9.8481, 44.033206], [9.847979, 44.032845], [9.847598, 44.032634], [9.847279, 44.032634], [9.846886, 44.032685], [9.846624, 44.032667], [9.846454, 44.032374], [9.846253, 44.03219], [9.845866, 44.032177], [9.845429, 44.032318], [9.845206, 44.032548], [9.845144, 44.032774], [9.845376, 44.032959], [9.845589, 44.033148], [9.84579, 44.033382], [9.84559, 44.033378], [9.845066, 44.033492], [9.84461, 44.033646], [9.844274, 44.0338], [9.844006, 44.03404], [9.843745, 44.034388], [9.84381, 44.034893], [9.843393, 44.035219], [9.84295, 44.035536], [9.842752, 44.035803], [9.84271, 44.036249], [9.842942, 44.036705], [9.842869, 44.036962], [9.842538, 44.037134], [9.842158, 44.037307], [9.841797, 44.037542], [9.841566, 44.037759], [9.84163, 44.03807], [9.841756, 44.038336], [9.842013, 44.038566], [9.841819, 44.038666], [9.84127, 44.038635], [9.840489, 44.038596], [9.840014, 44.038529], [9.839471, 44.038539], [9.83914, 44.038635], [9.83896, 44.038956], [9.838781, 44.039434], [9.838632, 44.039696], [9.838315, 44.040035], [9.83821, 44.040275], [9.838043, 44.040726], [9.837539, 44.041174], [9.836897, 44.041541], [9.836498, 44.041831], [9.836287, 44.042129], [9.8362, 44.042445], [9.835796, 44.042874], [9.835447, 44.043187], [9.834981, 44.043576], [9.834638, 44.043856], [9.83419, 44.044308], [9.833904, 44.044652], [9.83365, 44.045054], [9.833407, 44.045447], [9.833103, 44.045845], [9.832998, 44.04612], [9.832936, 44.046355], [9.832868, 44.04663], [9.832464, 44.04692], [9.832514, 44.047136], [9.832709, 44.047375], [9.832459, 44.047416], [9.831609, 44.047395], [9.830966, 44.047491], [9.830368, 44.047691], [9.829769, 44.047958], [9.829189, 44.048393], [9.82846, 44.048814], [9.827936, 44.049022], [9.827512, 44.049316], [9.827395, 44.049624], [9.827384, 44.050016], [9.827473, 44.050454], [9.827437, 44.050779], [9.827026, 44.051136], [9.826109, 44.051706], [9.825286, 44.052123], [9.824345, 44.05254], [9.823465, 44.052925], [9.822835, 44.05326], [9.822037, 44.053591], [9.821532, 44.053953], [9.820927, 44.054333], [9.820541, 44.054727], [9.820069, 44.055296], [9.819877, 44.055752], [9.819597, 44.056204], [9.819655, 44.056565], [9.8195, 44.057003], [9.819095, 44.057342], [9.818546, 44.057528], [9.817915, 44.05766], [9.81741, 44.057828], [9.816836, 44.058077], [9.816668, 44.058163], [9.816362, 44.058295], [9.815975, 44.058458], [9.815701, 44.058553], [9.815133, 44.058744], [9.81459, 44.058907], [9.814028, 44.05903], [9.813254, 44.059194], [9.812598, 44.059254], [9.812023, 44.059309], [9.811261, 44.059414], [9.810956, 44.059663], [9.810458, 44.060115], [9.810028, 44.060612], [9.80968, 44.060987], [9.808682, 44.061408], [9.807945, 44.06173], [9.807302, 44.061957], [9.806579, 44.062242], [9.806079, 44.062401], [9.805473, 44.062371], [9.804986, 44.062223], [9.804391, 44.062066], [9.803629, 44.061904], [9.803178, 44.061783], [9.802853, 44.061572], [9.802378, 44.061509], [9.801672, 44.061511], [9.801122, 44.06162], [9.800805, 44.061914], [9.800487, 44.062307], [9.799775, 44.062497], [9.799051, 44.062643], [9.798308, 44.062775], [9.797733, 44.062803], [9.79654, 44.062959], [9.79576, 44.063073], [9.795079, 44.063168], [9.794255, 44.063341], [9.793605, 44.063563], [9.792363, 44.063935], [9.791908, 44.06432], [9.790841, 44.0647], [9.790286, 44.065139], [9.789969, 44.065505], [9.789177, 44.066206], [9.788772, 44.066509], [9.788148, 44.066947], [9.787781, 44.067363], [9.787495, 44.067693], [9.787184, 44.068199], [9.787035, 44.068678], [9.78693, 44.069219], [9.786888, 44.069612], [9.786396, 44.07005], [9.785765, 44.070367], [9.784885, 44.070472], [9.784016, 44.070578], [9.783354, 44.070578], [9.782711, 44.070634], [9.782079, 44.070553], [9.781666, 44.0704], [9.781328, 44.07032], [9.780948, 44.070411], [9.780086, 44.070723], [9.779712, 44.070995], [9.779088, 44.071217], [9.778576, 44.071628], [9.778059, 44.072008], [9.777622, 44.072202], [9.777197, 44.072226], [9.776641, 44.072326], [9.776242, 44.072484], [9.776068, 44.072778], [9.775843, 44.073062], [9.775669, 44.073433], [9.775127, 44.073695], [9.774521, 44.073971], [9.774047, 44.074306], [9.773566, 44.074555], [9.772942, 44.074881], [9.772337, 44.075022], [9.771843, 44.07518], [9.771369, 44.075352], [9.770857, 44.075574], [9.770427, 44.075836], [9.770109, 44.076207], [9.769716, 44.076415], [9.769397, 44.076637], [9.769005, 44.077183], [9.768431, 44.077437], [9.768219, 44.077667], [9.76822, 44.077897], [9.768227, 44.078389], [9.768347, 44.078913], [9.768186, 44.079351], [9.767743, 44.079771], [9.767263, 44.080196], [9.766939, 44.080322], [9.766526, 44.080237], [9.766125, 44.080053], [9.76575, 44.079873], [9.765393, 44.079788], [9.764844, 44.079888], [9.764494, 44.080217], [9.763921, 44.080688], [9.763278, 44.081027], [9.762672, 44.081335], [9.762123, 44.081638], [9.761643, 44.081909], [9.760993, 44.082131], [9.760493, 44.082262], [9.759812, 44.082272], [9.759318, 44.082264], [9.75895, 44.082215], [9.758518, 44.08208], [9.758124, 44.08204], [9.757887, 44.082239], [9.757757, 44.082577], [9.757695, 44.082952], [9.757271, 44.083381], [9.756584, 44.083734], [9.755648, 44.084123], [9.75503, 44.084404], [9.754287, 44.084716], [9.753519, 44.085033], [9.753319, 44.085259], [9.752982, 44.085381], [9.752732, 44.085576], [9.75237, 44.085793], [9.752009, 44.086091], [9.751503, 44.086435], [9.751079, 44.086733], [9.750492, 44.08709], [9.749799, 44.087511], [9.749231, 44.087918], [9.748445, 44.088343], [9.747821, 44.088714], [9.747196, 44.089062], [9.746578, 44.089324], [9.746085, 44.089555], [9.744636, 44.090238], [9.743943, 44.090469], [9.743381, 44.090822], [9.742681, 44.091003], [9.742162, 44.091035], [9.7415, 44.090986], [9.741143, 44.090878], [9.740674, 44.090748], [9.739862, 44.090812], [9.739324, 44.090916], [9.738825, 44.091197], [9.738469, 44.091491], [9.738114, 44.091852], [9.737852, 44.092254], [9.737584, 44.09276], [9.73751, 44.093062], [9.737536, 44.093599], [9.737581, 44.094086], [9.737375, 44.09452], [9.73707, 44.094926], [9.736696, 44.095613], [9.736191, 44.096119], [9.735811, 44.096697], [9.735068, 44.097383], [9.73453, 44.097588], [9.731642, 44.098554], [9.730054, 44.09954], [9.728837, 44.10018], [9.727198, 44.101022], [9.725929, 44.10159], [9.724437, 44.102233], [9.722896, 44.102929], [9.721282, 44.103861], [9.72009, 44.104537], [9.718525, 44.105342], [9.717187, 44.10629], [9.716442, 44.106728], [9.714634, 44.10813], [9.713843, 44.108894], [9.713349, 44.109331], [9.711344, 44.110987], [9.71073, 44.111858], [9.710041, 44.112766], [9.709227, 44.11371], [9.708092, 44.114927], [9.706874, 44.115513], [9.704881, 44.11614], [9.703214, 44.116855], [9.701403, 44.118059], [9.699289, 44.11903], [9.695331, 44.120645], [9.693272, 44.122066], [9.692637, 44.123262], [9.691846, 44.124044], [9.690358, 44.125065], [9.68867, 44.126177], [9.68556, 44.127605], [9.683027, 44.129084], [9.680591, 44.130454], [9.678705, 44.131694], [9.676199, 44.133425], [9.675415, 44.134802], [9.674852, 44.135817], [9.673815, 44.137052], [9.672602, 44.138125], [9.671457, 44.13862], [9.669585, 44.138974], [9.66769, 44.139546], [9.666419, 44.140023], [9.664528, 44.140883], [9.662455, 44.141258], [9.660555, 44.141396], [9.659253, 44.14135], [9.657748, 44.141088], [9.656696, 44.14095], [9.654667, 44.140818], [9.652743, 44.141046], [9.651546, 44.141451], [9.650199, 44.141766], [9.649222, 44.141682], [9.648215, 44.141164], [9.647231, 44.14052], [9.646095, 44.139624], [9.645135, 44.138889], [9.643977, 44.1383], [9.642944, 44.137692], [9.641935, 44.136976], [9.641123, 44.13597], [9.640085, 44.134947], [9.638949, 44.134051], [9.637471, 44.133861], [9.635907, 44.133744], [9.635918, 44.13376], [9.635931, 44.133787], [9.635957, 44.133836], [9.635971, 44.133868], [9.635987, 44.133881], [9.636009, 44.133899], [9.636029, 44.133912], [9.636056, 44.133926], [9.636081, 44.133939], [9.636114, 44.133957], [9.636123, 44.13397], [9.636136, 44.133988], [9.636137, 44.13402], [9.636137, 44.134047], [9.636126, 44.134083], [9.636122, 44.134105], [9.636114, 44.134137], [9.636123, 44.134177], [9.636128, 44.134209], [9.63613, 44.134245], [9.636137, 44.134261], [9.638037, 44.135248], [9.638767, 44.135641], [9.639826, 44.136357], [9.640915, 44.137434], [9.642605, 44.138652], [9.64409, 44.139419], [9.645403, 44.140404], [9.64619, 44.141357], [9.648263, 44.143168], [9.649749, 44.143936], [9.652327, 44.143992], [9.654801, 44.143742], [9.657296, 44.143041], [9.659844, 44.142664], [9.661891, 44.142272], [9.664892, 44.142037], [9.66801, 44.142056], [9.668109, 44.141931], [9.668174, 44.141868], [9.668231, 44.141777], [9.668282, 44.141714], [9.668319, 44.141651], [9.668369, 44.141583], [9.668399, 44.141547], [9.668431, 44.141497], [9.668468, 44.141452], [9.668488, 44.14142], [9.668489, 44.141393], [9.668472, 44.141362], [9.668439, 44.141335], [9.668413, 44.141308], [9.668411, 44.141259], [9.668446, 44.141173], [9.668461, 44.141137], [9.668461, 44.141101], [9.668418, 44.141083], [9.668387, 44.141061], [9.668385, 44.141038], [9.668408, 44.140989], [9.668462, 44.140934], [9.668557, 44.140875], [9.668592, 44.140812], [9.668624, 44.140762], [9.668674, 44.140636], [9.668711, 44.140568], [9.668774, 44.140505], [9.668834, 44.140473], [9.668891, 44.140455], [9.668955, 44.140427], [9.668986, 44.140422], [9.669067, 44.140426], [9.669147, 44.14044], [9.669232, 44.14043], [9.66933, 44.140407], [9.669375, 44.140411], [9.66943, 44.14042], [9.669473, 44.140496], [9.66948, 44.140537], [9.669555, 44.140559], [9.6697, 44.140526], [9.669804, 44.140508], [9.669873, 44.140512], [9.670011, 44.140511], [9.670123, 44.140488], [9.670285, 44.140464], [9.670388, 44.140423], [9.67045, 44.140418], [9.670525, 44.140409], [9.670578, 44.140404], [9.670625, 44.140359], [9.67066, 44.140273], [9.670731, 44.140174], [9.670795, 44.140074], [9.670909, 44.139921], [9.670947, 44.139862], [9.67102, 44.139767], [9.671059, 44.139744], [9.671137, 44.139735], [9.671272, 44.139738], [9.671335, 44.139733], [9.671505, 44.139692], [9.671663, 44.139682], [9.671817, 44.139663], [9.671902, 44.139667], [9.67203, 44.139689], [9.672077, 44.139698], [9.672238, 44.139688], [9.672338, 44.139669], [9.672434, 44.13965], [9.6725, 44.139659], [9.672558, 44.139699], [9.67256, 44.139717], [9.672545, 44.139749], [9.672504, 44.139785], [9.672566, 44.139825], [9.672621, 44.139829], [9.672696, 44.13982], [9.672778, 44.139806], [9.672863, 44.139797], [9.672998, 44.13976], [9.673051, 44.139732], [9.673308, 44.139654], [9.673495, 44.139649], [9.673619, 44.139653], [9.673706, 44.139652], [9.673791, 44.139638], [9.673856, 44.139651], [9.673971, 44.139686], [9.674063, 44.139708], [9.674142, 44.139721], [9.674259, 44.139703], [9.674399, 44.139684], [9.674528, 44.139656], [9.674768, 44.139592], [9.674954, 44.139564], [9.675141, 44.139554], [9.675265, 44.139548], [9.675374, 44.139539], [9.675472, 44.139529], [9.675569, 44.139492], [9.675675, 44.139456], [9.675772, 44.139374], [9.675847, 44.139315], [9.675961, 44.139216], [9.676056, 44.139152], [9.676132, 44.139093], [9.676221, 44.139029], [9.676299, 44.13897], [9.676356, 44.138925], [9.676386, 44.138889], [9.676416, 44.138821], [9.676419, 44.13879], [9.676435, 44.138709], [9.6765, 44.138614], [9.676577, 44.138555], [9.676662, 44.138478], [9.676714, 44.138401], [9.676779, 44.138342], [9.676875, 44.138274], [9.67699, 44.138201], [9.677115, 44.138142], [9.677226, 44.138074], [9.677279, 44.138028], [9.677352, 44.137965], [9.677407, 44.137888], [9.677472, 44.137807], [9.677526, 44.137743], [9.677574, 44.13768], [9.677626, 44.137608], [9.677677, 44.137535], [9.677701, 44.137459], [9.677691, 44.137441], [9.677641, 44.137409], [9.677583, 44.13741], [9.677506, 44.137406], [9.677416, 44.137402], [9.67734, 44.137384], [9.677245, 44.137344], [9.677163, 44.137286], [9.677142, 44.137232], [9.677155, 44.137169], [9.677203, 44.137119], [9.677265, 44.137097], [9.677407, 44.137069], [9.677498, 44.13705], [9.67762, 44.137068], [9.677682, 44.137094], [9.677758, 44.137112], [9.677828, 44.137107], [9.677937, 44.137088], [9.678068, 44.137024], [9.678162, 44.136952], [9.678232, 44.13687], [9.678325, 44.136802], [9.678374, 44.136779], [9.678402, 44.136777], [9.678566, 44.136731], [9.67863, 44.136652], [9.67868, 44.136589], [9.678799, 44.136471], [9.678896, 44.136385], [9.678957, 44.136353], [9.678987, 44.136348], [9.679052, 44.136357], [9.679054, 44.136357], [9.679045, 44.13637], [9.679022, 44.136402], [9.678994, 44.136434], [9.678994, 44.136447], [9.679042, 44.13651], [9.679077, 44.136505], [9.679144, 44.136491], [9.679194, 44.136482], [9.679232, 44.136464], [9.679302, 44.136463], [9.679349, 44.136495], [9.679379, 44.136517], [9.679425, 44.136544], [9.679508, 44.136534], [9.679599, 44.13652], [9.679743, 44.136501], [9.679855, 44.136496], [9.679924, 44.136491], [9.680032, 44.136468], [9.680109, 44.136427], [9.680218, 44.136345], [9.680345, 44.136273], [9.680424, 44.136214], [9.680494, 44.136177], [9.680592, 44.136132], [9.680684, 44.136117], [9.680792, 44.136112], [9.680859, 44.136125], [9.68086, 44.136152], [9.680806, 44.136207], [9.68074, 44.136239], [9.680645, 44.13628], [9.680575, 44.136312], [9.680477, 44.136348], [9.680437, 44.136394], [9.680446, 44.136448], [9.680538, 44.13642], [9.680645, 44.136379], [9.680732, 44.136356], [9.680847, 44.136301], [9.681, 44.136273], [9.681128, 44.13629], [9.681275, 44.13629], [9.681388, 44.136293], [9.681488, 44.136297], [9.681568, 44.136306], [9.681605, 44.136306], [9.681667, 44.136283], [9.681687, 44.136247], [9.681701, 44.136197], [9.681748, 44.136111], [9.681799, 44.136079], [9.68186, 44.136074], [9.68189, 44.136083], [9.681912, 44.136088], [9.681957, 44.136087], [9.68209, 44.136051], [9.682245, 44.135955], [9.682371, 44.135882], [9.682398, 44.135819], [9.682431, 44.135733], [9.682445, 44.135661], [9.682419, 44.135621], [9.682375, 44.135585], [9.68237, 44.135518], [9.682389, 44.135477], [9.682411, 44.135423], [9.682433, 44.135342], [9.682456, 44.135288], [9.682479, 44.135224], [9.682502, 44.135175], [9.682498, 44.135112], [9.682483, 44.135062], [9.68245, 44.135018], [9.682395, 44.134995], [9.682348, 44.135], [9.6823, 44.135014], [9.682261, 44.135046], [9.682213, 44.135105], [9.682161, 44.135168], [9.682112, 44.135227], [9.682034, 44.135277], [9.681966, 44.135336], [9.681888, 44.135399], [9.681822, 44.135449], [9.681738, 44.135512], [9.681701, 44.13554], [9.681631, 44.13559], [9.681544, 44.135635], [9.681471, 44.135685], [9.681386, 44.135731], [9.681319, 44.135749], [9.681264, 44.135718], [9.681243, 44.135691], [9.681233, 44.135646], [9.681227, 44.135601], [9.681226, 44.135552], [9.681226, 44.135511], [9.68124, 44.135412], [9.681279, 44.135376], [9.681328, 44.13533], [9.68137, 44.135281], [9.68143, 44.135222], [9.681488, 44.135181], [9.68157, 44.13514], [9.681655, 44.135085], [9.681716, 44.135049], [9.68167, 44.13504], [9.681566, 44.135036], [9.681484, 44.135046], [9.681417, 44.135051], [9.681392, 44.135042], [9.681362, 44.135024], [9.681417, 44.134925], [9.681465, 44.134884], [9.681507, 44.134843], [9.68153, 44.134816], [9.681531, 44.13478], [9.681514, 44.134762], [9.681504, 44.134726], [9.681522, 44.13464], [9.681529, 44.134591], [9.681564, 44.134492], [9.681626, 44.134424], [9.681719, 44.134374], [9.681817, 44.134315], [9.681951, 44.1343], [9.682204, 44.134299], [9.682318, 44.134294], [9.682522, 44.134328], [9.682643, 44.134323], [9.682704, 44.134305], [9.682721, 44.134264], [9.682778, 44.134228], [9.682893, 44.134191], [9.683068, 44.134172], [9.683181, 44.134189], [9.683276, 44.134198], [9.683342, 44.134175], [9.683432, 44.134111], [9.683511, 44.134088], [9.683578, 44.134106], [9.683632, 44.134151], [9.683688, 44.134159], [9.683803, 44.134105], [9.683924, 44.134027], [9.684044, 44.133968], [9.684166, 44.133877], [9.684334, 44.133759], [9.684433, 44.133669], [9.684481, 44.133628], [9.68453, 44.133569], [9.684553, 44.133538], [9.684548, 44.133484], [9.68454, 44.133461], [9.684567, 44.133384], [9.684599, 44.133353], [9.684605, 44.133303], [9.684608, 44.133249], [9.684585, 44.133209], [9.684536, 44.133173], [9.684501, 44.133115], [9.684519, 44.133047], [9.684556, 44.132988], [9.684664, 44.132889], [9.684726, 44.132852], [9.684826, 44.132807], [9.684942, 44.132806], [9.685041, 44.132787], [9.685141, 44.132755], [9.685264, 44.1327], [9.685371, 44.132677], [9.685476, 44.132659], [9.685554, 44.132658], [9.685614, 44.132685], [9.68565, 44.132707], [9.685672, 44.132725], [9.685694, 44.132734], [9.685729, 44.13268], [9.685671, 44.132545], [9.685631, 44.132464], [9.685653, 44.132433], [9.685673, 44.132423], [9.685696, 44.132405], [9.685643, 44.132392], [9.685566, 44.132366], [9.6855, 44.132303], [9.685503, 44.132285], [9.685521, 44.132249], [9.685578, 44.132199], [9.685636, 44.132163], [9.685649, 44.132144], [9.685696, 44.132083], [9.685701, 44.131964], [9.685738, 44.131905], [9.68861, 44.129446], [9.689628, 44.128735], [9.69072, 44.128024], [9.692806, 44.126764], [9.69457, 44.125832], [9.697433, 44.124658], [9.700169, 44.123376], [9.701634, 44.122554], [9.701944, 44.121324], [9.702261, 44.120618], [9.702775, 44.119784], [9.703814, 44.118856], [9.704358, 44.118292], [9.704877, 44.117838], [9.706294, 44.117124], [9.708392, 44.116876], [9.709893, 44.116848], [9.711093, 44.116822], [9.712393, 44.116759], [9.713565, 44.116462], [9.715202, 44.115404], [9.716392, 44.114566], [9.717358, 44.113801], [9.717852, 44.11331], [9.71919, 44.112326], [9.719961, 44.11196], [9.720505, 44.111541], [9.721671, 44.110756], [9.722781, 44.109539], [9.723788, 44.10816], [9.724375, 44.107127], [9.724988, 44.106147], [9.725672, 44.104933], [9.726982, 44.103732], [9.729039, 44.10222], [9.730377, 44.10129], [9.732487, 44.100066], [9.734536, 44.099684], [9.735084, 44.099564], [9.735522, 44.099215], [9.735778, 44.098777], [9.736008, 44.098258], [9.736213, 44.097915], [9.736575, 44.097599], [9.736831, 44.097314], [9.736992, 44.096736], [9.737198, 44.096415], [9.73741, 44.096221], [9.737647, 44.095964], [9.737928, 44.095688], [9.738127, 44.095345], [9.738295, 44.094857], [9.738369, 44.094352], [9.738327, 44.093628], [9.738303, 44.093603], [9.738276, 44.093504], [9.738282, 44.093441], [9.73832, 44.093355], [9.738352, 44.093315], [9.73841, 44.093274], [9.738465, 44.093206], [9.738438, 44.093093], [9.738422, 44.093035], [9.738409, 44.092963], [9.738411, 44.092887], [9.738431, 44.092778], [9.738458, 44.092661], [9.738501, 44.092575], [9.738526, 44.092508], [9.738579, 44.092444], [9.738664, 44.092354], [9.738701, 44.092322], [9.73879, 44.092258], [9.738866, 44.092195], [9.738905, 44.092159], [9.738978, 44.092118], [9.739001, 44.092099], [9.739027, 44.092072], [9.739047, 44.092054], [9.739143, 44.091982], [9.739255, 44.091963], [9.739341, 44.091926], [9.739424, 44.091867], [9.739462, 44.091804], [9.739505, 44.09175], [9.739533, 44.0917], [9.739604, 44.091623], [9.739642, 44.091573], [9.73972, 44.091528], [9.739754, 44.091505], [9.739779, 44.091496], [9.739819, 44.091505], [9.73986, 44.091513], [9.739864, 44.091515], [9.740144, 44.091403], [9.740575, 44.091357], [9.741057, 44.091352], [9.741526, 44.091505], [9.741895, 44.091568], [9.742233, 44.091622], [9.742614, 44.091639], [9.742995, 44.091607], [9.743276, 44.09144], [9.743694, 44.091115], [9.744075, 44.09087], [9.744606, 44.090865], [9.745169, 44.090883], [9.745713, 44.090814], [9.7462, 44.090629], [9.746818, 44.090326], [9.747293, 44.090258], [9.747949, 44.090306], [9.748655, 44.090251], [9.749349, 44.090061], [9.749936, 44.089848], [9.750586, 44.089694], [9.751042, 44.089693], [9.751873, 44.089607], [9.752549, 44.089687], [9.75308, 44.089826], [9.75345, 44.089997], [9.753919, 44.090155], [9.754256, 44.09015], [9.754812, 44.089942], [9.755099, 44.089688], [9.755267, 44.08953], [9.755492, 44.089358], [9.75586, 44.089205], [9.756148, 44.0891], [9.756373, 44.089001], [9.756666, 44.088915], [9.756947, 44.088784], [9.757321, 44.08844], [9.757664, 44.088173], [9.757932, 44.087844], [9.758026, 44.087654], [9.757881, 44.087424], [9.757656, 44.087239], [9.757467, 44.086779], [9.757479, 44.086391], [9.757634, 44.085822], [9.757789, 44.085371], [9.758, 44.084982], [9.758274, 44.084517], [9.758473, 44.084034], [9.758678, 44.083668], [9.75889, 44.08332], [9.759445, 44.082986], [9.759895, 44.082859], [9.760526, 44.082813], [9.761413, 44.082704], [9.761901, 44.082649], [9.762613, 44.082652], [9.76312, 44.082656], [9.763695, 44.082669], [9.764176, 44.082628], [9.764632, 44.082645], [9.764944, 44.082613], [9.765357, 44.082446], [9.7655, 44.082202], [9.765555, 44.08203], [9.765786, 44.081836], [9.76583, 44.08175], [9.765785, 44.081466], [9.765753, 44.081051], [9.766015, 44.080703], [9.766308, 44.08063], [9.766546, 44.080639], [9.767158, 44.080737], [9.767784, 44.080917], [9.768265, 44.080826], [9.768614, 44.08046], [9.76917, 44.080297], [9.769708, 44.080386], [9.770226, 44.080476], [9.770695, 44.08034], [9.770963, 44.080001], [9.771257, 44.080055], [9.771426, 44.080131], [9.771844, 44.080013], [9.772418, 44.079643], [9.772929, 44.079118], [9.773272, 44.078694], [9.773308, 44.078283], [9.7731, 44.077818], [9.773043, 44.077399], [9.773148, 44.077065], [9.773116, 44.076771], [9.773078, 44.076478], [9.773033, 44.076117], [9.773045, 44.075824], [9.773388, 44.075611], [9.773644, 44.075552], [9.773982, 44.075511], [9.774235, 44.075517], [9.774298, 44.075521], [9.774862, 44.075135], [9.775361, 44.074814], [9.775723, 44.07462], [9.776092, 44.074714], [9.776461, 44.074889], [9.776736, 44.074939], [9.777048, 44.074861], [9.777185, 44.074663], [9.777228, 44.07446], [9.77724, 44.073963], [9.777307, 44.073543], [9.777637, 44.073272], [9.777875, 44.073308], [9.778288, 44.073515], [9.778745, 44.073785], [9.779201, 44.073865], [9.779507, 44.073599], [9.779899, 44.073183], [9.780223, 44.072781], [9.780603, 44.072401], [9.780734, 44.072148], [9.780733, 44.071914], [9.780658, 44.071783], [9.780483, 44.071679], [9.780369, 44.071359], [9.780574, 44.070993], [9.780911, 44.070767], [9.78133, 44.070685], [9.781624, 44.070757], [9.781874, 44.070879], [9.782093, 44.070932], [9.782174, 44.071135], [9.782269, 44.071352], [9.782438, 44.071383], [9.782994, 44.071301], [9.783824, 44.071074], [9.784642, 44.071032], [9.785649, 44.071076], [9.786761, 44.07107], [9.787697, 44.070653], [9.788271, 44.070174], [9.788613, 44.069767], [9.789093, 44.069514], [9.789643, 44.069454], [9.790205, 44.069377], [9.790948, 44.069096], [9.791958, 44.068363], [9.792494, 44.067767], [9.793335, 44.067061], [9.794077, 44.066455], [9.794663, 44.066003], [9.795691, 44.065158], [9.795902, 44.064688], [9.796282, 44.064344], [9.796613, 44.06415], [9.796987, 44.063887], [9.797173, 44.063576], [9.797348, 44.063386], [9.797566, 44.063259], [9.798141, 44.063376], [9.79886, 44.063501], [9.799641, 44.063382], [9.799921, 44.063255], [9.800976, 44.062942], [9.801582, 44.062684], [9.802206, 44.06253], [9.802856, 44.062461], [9.803331, 44.062586], [9.803981, 44.062833], [9.804682, 44.063044], [9.805576, 44.063214], [9.806681, 44.063023], [9.80728, 44.062765], [9.808116, 44.062456], [9.809272, 44.062193], [9.810177, 44.062015], [9.810739, 44.061956], [9.811095, 44.061878], [9.811575, 44.06162], [9.812274, 44.06128], [9.813322, 44.06094], [9.813827, 44.060664], [9.814082, 44.060334], [9.814382, 44.060139], [9.814887, 44.060071], [9.815369, 44.060097], [9.816186, 44.05987], [9.81691, 44.059566], [9.817253, 44.059358], [9.817621, 44.059191], [9.818064, 44.059059], [9.818551, 44.058846], [9.818938, 44.058701], [9.819181, 44.058574], [9.819842, 44.058329], [9.820178, 44.058017], [9.820508, 44.057615], [9.820912, 44.057145], [9.82133, 44.056697], [9.821941, 44.05638], [9.822727, 44.056049], [9.823269, 44.055719], [9.824464, 44.054426], [9.824744, 44.054105], [9.825429, 44.053571], [9.826133, 44.053169], [9.82682, 44.052923], [9.827256, 44.052742], [9.827717, 44.052389], [9.827948, 44.052177], [9.828209, 44.052023], [9.828297, 44.051994], [9.828373, 44.051987], [9.828399, 44.051972], [9.828473, 44.051945], [9.82853, 44.051917], [9.828623, 44.051845], [9.828733, 44.051785], [9.828792, 44.051762], [9.828842, 44.051762], [9.828917, 44.051784], [9.829003, 44.051779], [9.82906, 44.051747], [9.829209, 44.051669], [9.829418, 44.051591], [9.829556, 44.051577], [9.829679, 44.05158], [9.829783, 44.051553], [9.829893, 44.051484], [9.829932, 44.05147], [9.830237, 44.051157], [9.830448, 44.050931], [9.830653, 44.050664], [9.831008, 44.05024], [9.831394, 44.0499], [9.831755, 44.049642], [9.832067, 44.049371], [9.832272, 44.049095], [9.832421, 44.048972], [9.832379, 44.048954], [9.83234, 44.048932], [9.832282, 44.048914], [9.832236, 44.048906], [9.832174, 44.048906], [9.832157, 44.048911], [9.832116, 44.048925], [9.832078, 44.048938], [9.832044, 44.048957], [9.832024, 44.04897], [9.831996, 44.048989], [9.831963, 44.049011], [9.831946, 44.049025], [9.831917, 44.049043], [9.831889, 44.049052], [9.831838, 44.049071], [9.831805, 44.04908], [9.83175, 44.049085], [9.831715, 44.049085], [9.831663, 44.049086], [9.83161, 44.049081], [9.831551, 44.049077], [9.831521, 44.049078], [9.831485, 44.049073], [9.83144, 44.049065], [9.8314, 44.049047], [9.831393, 44.049033], [9.831413, 44.048961], [9.831471, 44.048956], [9.831524, 44.048933], [9.831592, 44.048915], [9.831657, 44.048897], [9.831741, 44.048878], [9.831804, 44.048864], [9.831853, 44.048846], [9.831909, 44.048827], [9.831948, 44.048813], [9.831977, 44.0488], [9.831996, 44.048777], [9.831983, 44.048746], [9.831952, 44.048737], [9.8319, 44.048737], [9.831858, 44.048728], [9.831822, 44.048724], [9.8318, 44.04872], [9.831794, 44.048715], [9.831784, 44.04868], [9.831786, 44.048643], [9.831805, 44.048603], [9.831829, 44.048567], [9.831877, 44.048503], [9.831955, 44.048413], [9.832029, 44.048349], [9.832087, 44.048281], [9.832133, 44.048213], [9.832161, 44.048186], [9.832211, 44.048132], [9.832255, 44.048091], [9.832296, 44.048046], [9.832328, 44.048009], [9.83237, 44.047982], [9.832412, 44.047973], [9.832453, 44.047968], [9.832495, 44.047963], [9.832554, 44.047963], [9.832599, 44.047971], [9.83267, 44.047984], [9.83275, 44.048006], [9.832809, 44.048019], [9.832878, 44.048046], [9.83292, 44.048059], [9.833001, 44.048108], [9.833035, 44.04813], [9.833095, 44.048161], [9.833768, 44.048366], [9.834281, 44.048631], [9.834732, 44.048797], [9.835037, 44.048639], [9.835155, 44.048431], [9.834929, 44.048242], [9.834266, 44.047805], [9.833916, 44.04768], [9.833446, 44.047559], [9.833058, 44.047388], [9.83292, 44.047176], [9.833019, 44.046923], [9.833143, 44.046548], [9.833335, 44.046282], [9.833534, 44.045975], [9.83372, 44.045631], [9.833994, 44.045279], [9.834324, 44.045012], [9.834604, 44.044781], [9.834872, 44.04456], [9.835015, 44.044325], [9.835101, 44.044063], [9.835219, 44.043891], [9.835774, 44.043398], [9.835777, 44.043379], [9.835817, 44.043334], [9.835901, 44.043288], [9.835953, 44.043256], [9.836012, 44.043215], [9.836066, 44.043206], [9.836127, 44.043174], [9.836165, 44.043111], [9.836181, 44.043057], [9.836189, 44.043029], [9.836211, 44.04298], [9.836253, 44.042952], [9.836315, 44.042925], [9.836391, 44.042902], [9.836506, 44.042874], [9.836581, 44.042851], [9.836663, 44.042801], [9.836706, 44.042774], [9.836805, 44.042701], [9.836845, 44.04266], [9.836891, 44.042597], [9.836932, 44.042529], [9.836988, 44.042434], [9.837037, 44.042348], [9.837085, 44.042226], [9.83714, 44.042091], [9.837175, 44.042023], [9.837232, 44.041905], [9.837303, 44.041837], [9.837365, 44.041814], [9.837625, 44.041732], [9.837676, 44.041713], [9.837738, 44.041699], [9.837791, 44.04169], [9.837854, 44.041658], [9.837952, 44.041621], [9.837981, 44.041594], [9.83799, 44.041558], [9.838014, 44.041495], [9.838037, 44.041458], [9.838053, 44.041395], [9.83808, 44.041368], [9.838124, 44.041332], [9.838182, 44.041286], [9.838256, 44.041236], [9.838305, 44.041209], [9.838379, 44.041163], [9.838417, 44.041145], [9.838496, 44.041126], [9.838541, 44.041126], [9.838647, 44.041121], [9.838685, 44.041116], [9.838755, 44.041102], [9.838815, 44.041079], [9.838877, 44.041074], [9.838891, 44.041038], [9.838903, 44.041006], [9.838905, 44.040934], [9.838889, 44.040876], [9.838867, 44.040791], [9.838851, 44.040723], [9.838828, 44.040642], [9.838807, 44.040602], [9.838756, 44.040503], [9.838727, 44.040454], [9.8387, 44.040409], [9.838683, 44.040355], [9.838686, 44.040301], [9.838711, 44.040256], [9.838714, 44.040238], [9.838681, 44.040193], [9.83866, 44.040166], [9.838612, 44.040104], [9.838747, 44.039986], [9.83877, 44.039972], [9.838926, 44.039903], [9.839134, 44.039767], [9.839227, 44.039681], [9.839278, 44.03964], [9.839335, 44.039581], [9.839441, 44.039436], [9.839458, 44.039391], [9.839478, 44.039332], [9.839491, 44.039305], [9.839534, 44.039165], [9.839543, 44.039129], [9.83958, 44.039097], [9.839645, 44.039074], [9.839664, 44.039079], [9.839717, 44.039083], [9.839751, 44.039096], [9.839792, 44.039136], [9.839851, 44.039199], [9.839914, 44.039261], [9.83996, 44.039293], [9.839982, 44.03931], [9.840123, 44.03935], [9.840195, 44.039367], [9.840288, 44.039407], [9.840373, 44.039402], [9.840423, 44.039402], [9.840582, 44.039365], [9.840677, 44.039332], [9.840731, 44.039314], [9.840766, 44.039264], [9.840806, 44.039129], [9.840832, 44.039088], [9.840885, 44.03907], [9.841005, 44.03906], [9.841022, 44.03906], [9.841111, 44.039041], [9.841264, 44.039026], [9.841358, 44.039008], [9.841477, 44.038989], [9.841597, 44.038988], [9.84167, 44.038983], [9.841695, 44.038987], [9.841777, 44.039009], [9.841795, 44.039023], [9.841835, 44.039058], [9.841873, 44.039112], [9.84188, 44.039121], [9.841911, 44.039157], [9.841949, 44.039161], [9.84198, 44.039161], [9.842047, 44.039156], [9.842084, 44.039155], [9.842136, 44.03916], [9.842144, 44.039164], [9.84219, 44.039209], [9.842199, 44.039222], [9.8422, 44.039281], [9.842187, 44.039317], [9.842184, 44.039335], [9.84219, 44.039357], [9.842195, 44.039362], [9.842222, 44.03938], [9.842237, 44.039388], [9.842275, 44.039397], [9.842295, 44.039383], [9.842365, 44.03936], [9.842508, 44.039332], [9.842616, 44.039345], [9.842671, 44.03934], [9.84277, 44.039303], [9.842835, 44.039276], [9.842886, 44.039235], [9.842973, 44.039194], [9.843075, 44.039166], [9.843172, 44.039143], [9.843271, 44.039115], [9.843329, 44.039097], [9.843362, 44.03907], [9.843415, 44.039029], [9.843432, 44.038997], [9.843444, 44.038965], [9.843447, 44.038952], [9.84344, 44.038911], [9.843357, 44.038795], [9.843333, 44.038786], [9.843288, 44.038755], [9.8432, 44.038711], [9.843178, 44.038688], [9.843165, 44.038648], [9.843202, 44.038535], [9.843237, 44.038481], [9.843324, 44.038431], [9.843373, 44.038408], [9.843445, 44.03838], [9.843483, 44.038339], [9.843494, 44.038303], [9.843507, 44.038263], [9.843452, 44.038236], [9.843377, 44.038232], [9.84328, 44.038228], [9.843213, 44.038247], [9.843095, 44.038275], [9.842861, 44.038276], [9.842754, 44.038273], [9.842644, 44.038256], [9.842527, 44.038229], [9.842394, 44.038203], [9.842261, 44.038177], [9.842214, 44.038155], [9.842185, 44.038119], [9.842223, 44.038029], [9.842251, 44.037997], [9.84231, 44.037979], [9.842387, 44.03796], [9.842449, 44.037915], [9.842502, 44.037824], [9.842576, 44.037756], [9.842618, 44.037707], [9.842684, 44.037652], [9.842736, 44.037607], [9.842825, 44.037574], [9.842932, 44.037556], [9.843019, 44.037537], [9.843094, 44.037527], [9.843178, 44.037527], [9.843244, 44.037526], [9.843339, 44.037539], [9.843397, 44.037552], [9.843456, 44.037543], [9.843518, 44.037515], [9.843597, 44.037447], [9.843669, 44.037384], [9.843782, 44.037302], [9.843841, 44.037256], [9.843923, 44.037215], [9.843965, 44.037201], [9.844019, 44.037183], [9.844072, 44.037165], [9.844214, 44.037155], [9.844275, 44.037172], [9.844277, 44.037199], [9.844272, 44.037226], [9.844265, 44.03728], [9.844281, 44.037289], [9.844323, 44.037289], [9.844389, 44.037279], [9.844438, 44.037261], [9.844468, 44.037238], [9.844542, 44.037188], [9.844611, 44.037147], [9.84465, 44.037129], [9.84469, 44.037093], [9.844727, 44.037034], [9.844738, 44.03698], [9.844732, 44.03693], [9.844706, 44.03689], [9.844639, 44.036877], [9.844547, 44.036896], [9.84446, 44.036901], [9.844397, 44.036915], [9.844355, 44.03691], [9.844325, 44.036888], [9.844304, 44.036852], [9.844304, 44.036821], [9.844296, 44.036812], [9.844236, 44.036785], [9.844151, 44.036772], [9.844101, 44.036764], [9.844033, 44.036764], [9.843946, 44.036769], [9.843921, 44.036729], [9.843897, 44.036698], [9.843853, 44.03668], [9.843815, 44.03668], [9.84377, 44.036676], [9.843721, 44.036659], [9.84369, 44.036641], [9.843616, 44.036614], [9.843586, 44.036587], [9.843548, 44.036552], [9.843555, 44.036502], [9.843585, 44.036421], [9.843605, 44.036349], [9.843616, 44.036281], [9.843665, 44.036222], [9.843737, 44.036177], [9.843789, 44.036154], [9.843836, 44.036117], [9.843872, 44.036045], [9.843894, 44.035969], [9.843903, 44.035901], [9.843915, 44.035784], [9.843947, 44.035721], [9.843976, 44.035684], [9.844037, 44.035625], [9.844073, 44.035567], [9.84414, 44.035481], [9.844227, 44.035439], [9.844297, 44.035425], [9.844431, 44.035397], [9.844578, 44.035338], [9.844694, 44.03531], [9.844764, 44.035296], [9.844802, 44.035273], [9.844866, 44.035268], [9.844881, 44.035245], [9.844905, 44.035205], [9.844892, 44.035142], [9.844866, 44.035115], [9.844838, 44.035079], [9.844809, 44.035025], [9.844795, 44.034926], [9.844787, 44.034877], [9.844804, 44.034809], [9.844796, 44.034737], [9.844795, 44.034706], [9.844763, 44.034661], [9.844733, 44.034612], [9.844698, 44.034563], [9.844669, 44.034486], [9.844628, 44.034446], [9.84463, 44.034379], [9.844641, 44.034288], [9.844667, 44.034225], [9.844706, 44.034135], [9.844767, 44.034058], [9.844849, 44.033999], [9.8449, 44.03394], [9.844933, 44.033904], [9.84496, 44.033822], [9.845048, 44.033727], [9.845126, 44.033718], [9.845163, 44.033722], [9.845247, 44.033694], [9.845354, 44.033648], [9.845449, 44.033648], [9.845546, 44.033661], [9.845649, 44.033669], [9.845729, 44.033673], [9.845786, 44.033668], [9.845794, 44.033666], [9.846033, 44.033282], [9.846382, 44.0332], [9.84665, 44.033119], [9.846856, 44.033069], [9.847137, 44.033005], [9.847412, 44.033081], [9.847226, 44.033303], [9.847251, 44.033388], [9.847482, 44.033424], [9.847714, 44.033586], [9.847796, 44.033798], [9.847622, 44.03397], [9.84722, 44.03432], [9.847217, 44.034328], [9.847208, 44.034386], [9.847198, 44.034414], [9.847222, 44.034431], [9.847261, 44.034449], [9.847335, 44.034498], [9.847341, 44.034507], [9.847338, 44.034602], [9.847314, 44.034656], [9.847333, 44.034683], [9.847377, 44.034723], [9.847388, 44.034754], [9.847384, 44.034777], [9.847334, 44.034782], [9.847305, 44.034795], [9.84729, 44.034832], [9.847288, 44.034838], [9.848071, 44.035341], [9.848679, 44.035899], [9.849093, 44.036367], [9.849512, 44.036705], [9.849639, 44.037012], [9.849752, 44.037354], [9.850416, 44.037723], [9.851029, 44.03792], [9.851392, 44.038163], [9.85173, 44.038415], [9.852025, 44.038627], [9.852356, 44.038771], [9.8527, 44.038869], [9.853344, 44.039035], [9.853957, 44.039137], [9.854307, 44.039213], [9.854583, 44.039565], [9.854802, 44.039785], [9.855096, 44.039898], [9.855166, 44.040128], [9.855518, 44.040686], [9.855812, 44.040853], [9.855982, 44.041164], [9.856102, 44.041511], [9.856128, 44.041728], [9.855923, 44.04203], [9.855556, 44.042347], [9.85522, 44.042682], [9.85529, 44.042948], [9.855317, 44.043318], [9.85525, 44.04372], [9.854714, 44.044145], [9.854259, 44.044417], [9.853499, 44.044815], [9.85305, 44.04506], [9.852713, 44.045228], [9.852552, 44.045499], [9.852379, 44.045829], [9.85233, 44.046145], [9.852451, 44.046695], [9.852703, 44.04724], [9.85293, 44.047633], [9.853087, 44.047926], [9.853363, 44.048245], [9.853708, 44.048529], [9.854252, 44.048821], [9.854872, 44.049163], [9.855229, 44.049388], [9.855642, 44.049658], [9.855975, 44.050013], [9.85607, 44.050338], [9.856059, 44.05069], [9.856123, 44.051015], [9.856187, 44.051358], [9.856201, 44.051719], [9.855995, 44.051886], [9.855664, 44.051882], [9.854501, 44.051551], [9.853864, 44.05157], [9.853307, 44.051454], [9.852813, 44.051311], [9.852195, 44.051213], [9.851688, 44.051105], [9.85125, 44.050903], [9.85078, 44.050616], [9.850143, 44.050536], [9.849493, 44.050496], [9.848818, 44.050439], [9.848287, 44.050332], [9.84788, 44.050269], [9.847142, 44.049987], [9.846641, 44.049658], [9.846284, 44.049325], [9.846045, 44.049032], [9.845656, 44.048577], [9.845343, 44.048465], [9.845031, 44.048511], [9.844707, 44.048665], [9.844476, 44.048828], [9.844358, 44.048941], [9.84399, 44.049136], [9.843666, 44.049267], [9.843417, 44.049353], [9.84323, 44.049566], [9.843038, 44.049914], [9.842595, 44.050203], [9.84229, 44.050466], [9.841885, 44.050742], [9.841318, 44.050964], [9.840718, 44.051024], [9.840088, 44.051165], [9.839627, 44.051608], [9.839254, 44.051934], [9.838886, 44.052237], [9.838494, 44.052626], [9.838339, 44.052856], [9.83834, 44.053222], [9.838454, 44.053655], [9.83897, 44.054565], [9.839097, 44.05512], [9.83923, 44.055612], [9.839425, 44.055959], [9.839801, 44.056206], [9.840077, 44.056323], [9.840677, 44.056629], [9.840866, 44.057026], [9.841079, 44.057161], [9.841386, 44.057282], [9.841755, 44.05738], [9.842087, 44.057524], [9.842337, 44.057763], [9.842476, 44.058083], [9.842658, 44.058209], [9.842889, 44.058245], [9.84327, 44.058226], [9.843619, 44.057986], [9.843937, 44.057787], [9.844349, 44.057637], [9.844811, 44.057568], [9.845247, 44.057373], [9.845703, 44.057206], [9.846152, 44.057169], [9.846652, 44.057195], [9.84729, 44.057369], [9.84784, 44.057508], [9.848385, 44.057688], [9.848948, 44.057867], [9.849662, 44.058231], [9.850006, 44.058406], [9.850563, 44.058811], [9.85119, 44.05936], [9.851597, 44.059445], [9.85211, 44.059665], [9.85248, 44.060062], [9.852613, 44.060495], [9.852753, 44.060932], [9.852848, 44.061279], [9.852818, 44.061663], [9.852763, 44.061952], [9.852427, 44.062273], [9.851896, 44.062279], [9.851434, 44.062365], [9.851084, 44.06233], [9.850746, 44.062263], [9.850446, 44.062115], [9.850076, 44.061989], [9.849495, 44.062009], [9.848796, 44.062136], [9.848172, 44.062345], [9.847692, 44.062509], [9.847355, 44.062717], [9.847019, 44.06302], [9.846927, 44.063395], [9.847016, 44.063909], [9.84725, 44.064585], [9.847595, 44.06486], [9.848096, 44.065085], [9.848515, 44.065228], [9.848884, 44.06539], [9.849297, 44.06552], [9.849816, 44.065623], [9.850254, 44.065703], [9.850654, 44.065797], [9.85113, 44.065994], [9.851668, 44.066282], [9.851857, 44.066516], [9.851927, 44.066837], [9.851859, 44.067076], [9.851273, 44.067411], [9.850911, 44.067497], [9.850302, 44.067585], [9.850185, 44.067532], [9.85013, 44.06755], [9.85004, 44.067578], [9.849967, 44.067597], [9.849867, 44.067615], [9.849766, 44.067621], [9.849683, 44.067621], [9.849616, 44.067613], [9.849585, 44.067604], [9.849517, 44.067591], [9.849463, 44.067582], [9.849405, 44.067569], [9.849353, 44.067547], [9.849301, 44.06752], [9.849247, 44.06748], [9.849183, 44.067458], [9.849124, 44.06745], [9.849058, 44.067441], [9.848958, 44.067437], [9.848863, 44.06742], [9.848814, 44.067403], [9.848709, 44.067363], [9.848668, 44.06735], [9.848571, 44.067314], [9.848524, 44.067292], [9.848508, 44.06727], [9.848459, 44.067225], [9.848416, 44.067171], [9.848365, 44.06714], [9.848309, 44.067127], [9.848273, 44.067136], [9.848249, 44.067168], [9.848208, 44.067182], [9.848137, 44.067187], [9.848083, 44.067165], [9.848042, 44.067102], [9.848016, 44.067044], [9.847959, 44.066986], [9.847926, 44.06695], [9.847894, 44.06691], [9.847863, 44.066851], [9.847833, 44.066802], [9.847768, 44.066735], [9.847676, 44.066659], [9.847604, 44.066588], [9.847536, 44.066552], [9.847468, 44.066512], [9.847391, 44.066454], [9.847289, 44.066383], [9.847213, 44.066321], [9.847148, 44.066267], [9.847066, 44.066218], [9.847001, 44.066156], [9.846913, 44.066093], [9.846864, 44.066053], [9.846784, 44.066009], [9.846693, 44.065991], [9.846643, 44.065992], [9.846561, 44.065961], [9.846531, 44.065934], [9.846509, 44.065912], [9.846468, 44.065862], [9.846428, 44.065822], [9.846332, 44.065832], [9.846291, 44.065823], [9.846239, 44.065801], [9.846136, 44.065761], [9.846027, 44.065677], [9.845896, 44.065588], [9.845829, 44.065525], [9.845712, 44.065463], [9.845589, 44.065405], [9.845488, 44.065361], [9.845432, 44.065325], [9.845374, 44.065308], [9.845339, 44.065299], [9.845303, 44.065286], [9.845279, 44.065245], [9.845224, 44.065201], [9.845179, 44.065192], [9.845116, 44.065179], [9.845039, 44.06518], [9.844941, 44.065189], [9.844866, 44.065176], [9.844791, 44.06515], [9.844701, 44.065092], [9.844611, 44.065021], [9.844524, 44.064945], [9.844431, 44.064887], [9.844337, 44.064843], [9.844194, 44.064772], [9.844117, 44.064727], [9.844021, 44.064692], [9.843955, 44.064643], [9.843864, 44.064599], [9.84377, 44.064554], [9.843724, 44.064559], [9.843661, 44.064528], [9.843589, 44.064506], [9.843542, 44.064502], [9.843524, 44.064506], [9.843465, 44.064517], [9.843298, 44.064666], [9.843263, 44.064698], [9.84322, 44.064752], [9.843215, 44.064779], [9.843198, 44.064874], [9.843161, 44.064887], [9.8431, 44.06491], [9.843037, 44.064983], [9.842996, 44.065006], [9.842946, 44.065042], [9.842928, 44.065096], [9.842939, 44.065182], [9.842971, 44.065258], [9.843022, 44.065352], [9.843071, 44.065455], [9.843175, 44.065572], [9.843269, 44.065656], [9.843381, 44.065777], [9.843493, 44.06588], [9.843621, 44.065964], [9.8438, 44.066076], [9.843942, 44.066183], [9.844064, 44.066245], [9.84418, 44.066347], [9.844258, 44.066405], [9.844275, 44.066432], [9.844248, 44.066459], [9.844211, 44.066491], [9.844213, 44.066527], [9.844278, 44.06659], [9.844346, 44.066666], [9.844443, 44.066728], [9.844534, 44.066804], [9.84467, 44.066866], [9.844708, 44.066884], [9.84477, 44.066879], [9.844803, 44.066865], [9.844868, 44.066856], [9.844927, 44.066842], [9.844951, 44.066832], [9.84497, 44.066859], [9.844968, 44.066882], [9.844905, 44.066936], [9.844856, 44.066982], [9.844825, 44.067004], [9.84486, 44.067045], [9.844928, 44.06708], [9.844948, 44.067103], [9.844969, 44.067125], [9.844971, 44.067161], [9.844948, 44.067202], [9.845, 44.067242], [9.84503, 44.067255], [9.845103, 44.067326], [9.845168, 44.067389], [9.845241, 44.067465], [9.845318, 44.067545], [9.845384, 44.067644], [9.845421, 44.067725], [9.845468, 44.067787], [9.845496, 44.067868], [9.845549, 44.06798], [9.845594, 44.06807], [9.845636, 44.068151], [9.845666, 44.068214], [9.845734, 44.068348], [9.845788, 44.068424], [9.845823, 44.068487], [9.845821, 44.068514], [9.845821, 44.068577], [9.845852, 44.068635], [9.845867, 44.068676], [9.845872, 44.068725], [9.845887, 44.068793], [9.845884, 44.068838], [9.845857, 44.068896], [9.845847, 44.068933], [9.845829, 44.068969], [9.845804, 44.069027], [9.845777, 44.069059], [9.845717, 44.069105], [9.845672, 44.069141], [9.845619, 44.069173], [9.845554, 44.069191], [9.845479, 44.069219], [9.845385, 44.06926], [9.84533, 44.069265], [9.845252, 44.069261], [9.84516, 44.069244], [9.845089, 44.06924], [9.845021, 44.069236], [9.84492, 44.0692], [9.844817, 44.069179], [9.84476, 44.069139], [9.844753, 44.069089], [9.844737, 44.069035], [9.844735, 44.069008], [9.844717, 44.068977], [9.844632, 44.068923], [9.844569, 44.068883], [9.844492, 44.068852], [9.844378, 44.068826], [9.844281, 44.068782], [9.84415, 44.068729], [9.84405, 44.068689], [9.843931, 44.068636], [9.843833, 44.068583], [9.843736, 44.068538], [9.843643, 44.068494], [9.843558, 44.068445], [9.843475, 44.068423], [9.843411, 44.068406], [9.843356, 44.068388], [9.843305, 44.068362], [9.843263, 44.068326], [9.843198, 44.068263], [9.843158, 44.068232], [9.843108, 44.068178], [9.843043, 44.068138], [9.842985, 44.068098], [9.842933, 44.068054], [9.842888, 44.068009], [9.842845, 44.067951], [9.84281, 44.067897], [9.842795, 44.067843], [9.842777, 44.067789], [9.842741, 44.067731], [9.842651, 44.06766], [9.842591, 44.06762], [9.842517, 44.067593], [9.842383, 44.067509], [9.842316, 44.067478], [9.84222, 44.067447], [9.842118, 44.067407], [9.841999, 44.067345], [9.841915, 44.067323], [9.84184, 44.067274], [9.841741, 44.067221], [9.841661, 44.067181], [9.841626, 44.067168], [9.841584, 44.06715], [9.84156, 44.067141], [9.841497, 44.067114], [9.841433, 44.067079], [9.841386, 44.067057], [9.841328, 44.067035], [9.841278, 44.067026], [9.84121, 44.066995], [9.841176, 44.066991], [9.841128, 44.066964], [9.841077, 44.066928], [9.841053, 44.066911], [9.840993, 44.066857], [9.840944, 44.066817], [9.840871, 44.066777], [9.840793, 44.066723], [9.840733, 44.066679], [9.840684, 44.066652], [9.840588, 44.06659], [9.840531, 44.06655], [9.840448, 44.066501], [9.840411, 44.06647], [9.840358, 44.06643], [9.840318, 44.066385], [9.840148, 44.066292], [9.840098, 44.066269], [9.839991, 44.066243], [9.839908, 44.066221], [9.83985, 44.066213], [9.839775, 44.066204], [9.839749, 44.0662], [9.839666, 44.066187], [9.839616, 44.066187], [9.839557, 44.066174], [9.839506, 44.066157], [9.839464, 44.066139], [9.839387, 44.066099], [9.839329, 44.066072], [9.839286, 44.06605], [9.839216, 44.066028], [9.839144, 44.06602], [9.839086, 44.065998], [9.839006, 44.065967], [9.838962, 44.065936], [9.838936, 44.065913], [9.838917, 44.065882], [9.838912, 44.065859], [9.838913, 44.065832], [9.838932, 44.065805], [9.838956, 44.065787], [9.838992, 44.065773], [9.839029, 44.065764], [9.839068, 44.065755], [9.839118, 44.065745], [9.839166, 44.065741], [9.839208, 44.065731], [9.83895, 44.0649], [9.838689, 44.064749], [9.838458, 44.064737], [9.83846, 44.0648], [9.838359, 44.064815], [9.838346, 44.064756], [9.837921, 44.064768], [9.837911, 44.064836], [9.837824, 44.06485], [9.83782, 44.06476], [9.837455, 44.064785], [9.837721, 44.06508], [9.837609, 44.065126], [9.837339, 44.064858], [9.837225, 44.06485], [9.837194, 44.064864], [9.837167, 44.064882], [9.837079, 44.064919], [9.837059, 44.064932], [9.836997, 44.064955], [9.836938, 44.064987], [9.836857, 44.065033], [9.836788, 44.065065], [9.836732, 44.065106], [9.83669, 44.065151], [9.836643, 44.065196], [9.836618, 44.065237], [9.836578, 44.065251], [9.83655, 44.065251], [9.836525, 44.065247], [9.836487, 44.065224], [9.836482, 44.065216], [9.836465, 44.065207], [9.836448, 44.065207], [9.836418, 44.065225], [9.8364, 44.065261], [9.836331, 44.06532], [9.836486, 44.065463], [9.836373, 44.065545], [9.836219, 44.065447], [9.836141, 44.065497], [9.836173, 44.065515], [9.836189, 44.065533], [9.836194, 44.06556], [9.836204, 44.065596], [9.836209, 44.065623], [9.836203, 44.065645], [9.836198, 44.065668], [9.836183, 44.065686], [9.836121, 44.065736], [9.83637, 44.065892], [9.836351, 44.065955], [9.836644, 44.06602], [9.836603, 44.066115], [9.836421, 44.066076], [9.836385, 44.066099], [9.836364, 44.066135], [9.836344, 44.066157], [9.836346, 44.066184], [9.836367, 44.066198], [9.836398, 44.066206], [9.836426, 44.06622], [9.836448, 44.066233], [9.836456, 44.06626], [9.83643, 44.066287], [9.836406, 44.066314], [9.836361, 44.066324], [9.836328, 44.066338], [9.836286, 44.066351], [9.836249, 44.066352], [9.836232, 44.066361], [9.836216, 44.066401], [9.836202, 44.066464], [9.836349, 44.066526], [9.836199, 44.066802], [9.836012, 44.067051], [9.835839, 44.066998], [9.83571, 44.067211], [9.835671, 44.067274], [9.835647, 44.067337], [9.835653, 44.067378], [9.835644, 44.067459], [9.835645, 44.067499], [9.835639, 44.067544], [9.835645, 44.067594], [9.835618, 44.067662], [9.835611, 44.067711], [9.835605, 44.067752], [9.835585, 44.067801], [9.835566, 44.067851], [9.835545, 44.067896], [9.835523, 44.06795], [9.835501, 44.068009], [9.835471, 44.068081], [9.835448, 44.068122], [9.835428, 44.068176], [9.835413, 44.068226], [9.835416, 44.06828], [9.835415, 44.068343], [9.83542, 44.06837], [9.835488, 44.06841], [9.835535, 44.06845], [9.835589, 44.068486], [9.835644, 44.068517], [9.835708, 44.068557], [9.835746, 44.068575], [9.835795, 44.068601], [9.835865, 44.068614], [9.835931, 44.068645], [9.835978, 44.068658], [9.836076, 44.068694], [9.836097, 44.068703], [9.836168, 44.068747], [9.836253, 44.068773], [9.836311, 44.068795], [9.836393, 44.068835], [9.83646, 44.068853], [9.836543, 44.068879], [9.83657, 44.068884], [9.836628, 44.068901], [9.836852, 44.068972], [9.837125, 44.069082], [9.837144, 44.069123], [9.837262, 44.069171], [9.837157, 44.069343], [9.83735, 44.069418], [9.837575, 44.06966], [9.83773, 44.069838], [9.837851, 44.06995], [9.83786, 44.069973], [9.837925, 44.0699], [9.838128, 44.069989], [9.838075, 44.070043], [9.838152, 44.070092], [9.838254, 44.070015], [9.838634, 44.070291], [9.838545, 44.070341], [9.838242, 44.070253], [9.83814, 44.070173], [9.838025, 44.070241], [9.838242, 44.070352], [9.838327, 44.07041], [9.838418, 44.070459], [9.838511, 44.07049], [9.838588, 44.070507], [9.838664, 44.070543], [9.838865, 44.070717], [9.83893, 44.070757], [9.83898, 44.070797], [9.839035, 44.070824], [9.839058, 44.070869], [9.839076, 44.070932], [9.839094, 44.07103], [9.839153, 44.071115], [9.839215, 44.071192], [9.83927, 44.071272], [9.839362, 44.071312], [9.839453, 44.071316], [9.839503, 44.071298], [9.839593, 44.071288], [9.83968, 44.071301], [9.839729, 44.071332], [9.839785, 44.071412], [9.839847, 44.07148], [9.83986, 44.071515], [9.839933, 44.071627], [9.83999, 44.07174], [9.840055, 44.071829], [9.8401, 44.071901], [9.840093, 44.071995], [9.840086, 44.072058], [9.840124, 44.072171], [9.840165, 44.072247], [9.84018, 44.07231], [9.840183, 44.072395], [9.840157, 44.072468], [9.840137, 44.072598], [9.840156, 44.07267], [9.840186, 44.072724], [9.840236, 44.072814], [9.840282, 44.072903], [9.840326, 44.072984], [9.840388, 44.073078], [9.840429, 44.073141], [9.840486, 44.073203], [9.840542, 44.073257], [9.840589, 44.073288], [9.840674, 44.073301], [9.840728, 44.073301], [9.840774, 44.073318], [9.840885, 44.073385], [9.840906, 44.073421], [9.84093, 44.073461], [9.840959, 44.073493], [9.841003, 44.073528], [9.841054, 44.073573], [9.841088, 44.073604], [9.841121, 44.073617], [9.841166, 44.073595], [9.841191, 44.073567], [9.841211, 44.073554], [9.841281, 44.073567], [9.841338, 44.073611], [9.841361, 44.073656], [9.84138, 44.073724], [9.841418, 44.073746], [9.841495, 44.07379], [9.841554, 44.073871], [9.841611, 44.073924], [9.841638, 44.073978], [9.841656, 44.074032], [9.841687, 44.074086], [9.841742, 44.074099], [9.841819, 44.074157], [9.841863, 44.074193], [9.841873, 44.074238], [9.841851, 44.07426], [9.841841, 44.074301], [9.841869, 44.07435], [9.841903, 44.074399], [9.841918, 44.07444], [9.841898, 44.074467], [9.841854, 44.074526], [9.841809, 44.074576], [9.841744, 44.074594], [9.841683, 44.074617], [9.841624, 44.074645], [9.841575, 44.074663], [9.841449, 44.0747], [9.841396, 44.074714], [9.841271, 44.074728], [9.841175, 44.074733], [9.841125, 44.074725], [9.840984, 44.074717], [9.840929, 44.074708], [9.840827, 44.074691], [9.840729, 44.074678], [9.840624, 44.074674], [9.840527, 44.074662], [9.84046, 44.074644], [9.840392, 44.0746], [9.84035, 44.074568], [9.8403, 44.074564], [9.840232, 44.074538], [9.840144, 44.074516], [9.83999, 44.074567], [9.839924, 44.074509], [9.840032, 44.074436], [9.839952, 44.074387], [9.83993, 44.074364], [9.839912, 44.074333], [9.839891, 44.074302], [9.83988, 44.074266], [9.839878, 44.074216], [9.839868, 44.074176], [9.839815, 44.074077], [9.839769, 44.074037], [9.839734, 44.07401], [9.839697, 44.073988], [9.83967, 44.07397], [9.839525, 44.073976], [9.839447, 44.073967], [9.839382, 44.073927], [9.839344, 44.07391], [9.839289, 44.073865], [9.83924, 44.073834], [9.839099, 44.073803], [9.839014, 44.073763], [9.838977, 44.07375], [9.838875, 44.073719], [9.838753, 44.073711], [9.838647, 44.073699], [9.838615, 44.07369], [9.83857, 44.073677], [9.838518, 44.073668], [9.838398, 44.073678], [9.838337, 44.073665], [9.838265, 44.073629], [9.838183, 44.07358], [9.838128, 44.073554], [9.838065, 44.073514], [9.838, 44.073487], [9.837917, 44.073434], [9.837881, 44.073407], [9.837793, 44.073376], [9.837752, 44.073359], [9.837676, 44.073355], [9.837646, 44.07335], [9.837572, 44.073337], [9.837502, 44.073342], [9.837335, 44.073366], [9.837295, 44.073362], [9.837246, 44.073353], [9.837193, 44.07334], [9.83716, 44.073331], [9.836943, 44.073292], [9.836875, 44.073266], [9.836826, 44.073239], [9.836753, 44.073208], [9.836621, 44.073191], [9.836518, 44.073165], [9.836463, 44.073152], [9.8364, 44.073139], [9.836341, 44.073121], [9.836253, 44.073117], [9.836113, 44.073145], [9.83608, 44.07315], [9.836038, 44.073155], [9.835972, 44.073173], [9.835858, 44.073206], [9.835643, 44.073261], [9.835454, 44.073344], [9.835401, 44.073358], [9.835367, 44.073376], [9.835277, 44.073431], [9.835238, 44.07344], [9.835204, 44.073454], [9.835114, 44.073477], [9.83508, 44.073486], [9.834983, 44.073568], [9.834936, 44.073609], [9.834912, 44.073645], [9.83486, 44.073717], [9.834848, 44.073749], [9.834743, 44.073826], [9.83472, 44.073849], [9.83464, 44.073876], [9.8346, 44.073881], [9.834572, 44.073886], [9.834477, 44.073887], [9.834267, 44.073861], [9.834192, 44.073835], [9.834143, 44.073813], [9.834044, 44.073777], [9.833967, 44.073719], [9.83393, 44.073711], [9.833837, 44.073693], [9.833786, 44.073685], [9.83374, 44.073667], [9.833683, 44.073636], [9.833658, 44.073627], [9.833575, 44.073592], [9.833512, 44.073561], [9.833473, 44.073547], [9.83342, 44.073525], [9.833371, 44.07349], [9.833346, 44.073481], [9.833241, 44.07345], [9.8332, 44.073441], [9.833173, 44.073441], [9.833146, 44.073464], [9.833128, 44.073469], [9.833105, 44.073487], [9.833093, 44.073514], [9.833089, 44.073532], [9.833103, 44.073564], [9.833133, 44.073586], [9.833168, 44.073599], [9.833214, 44.073644], [9.833231, 44.073666], [9.833258, 44.073693], [9.833266, 44.07372], [9.833263, 44.073729], [9.83322, 44.073779], [9.833196, 44.073801], [9.833168, 44.07382], [9.833141, 44.073829], [9.833069, 44.07387], [9.833016, 44.073906], [9.832954, 44.073943], [9.832894, 44.073979], [9.832838, 44.074007], [9.832768, 44.074043], [9.832711, 44.07408], [9.832637, 44.074125], [9.832589, 44.074161], [9.832556, 44.074184], [9.832461, 44.074279], [9.832441, 44.074316], [9.832342, 44.074406], [9.832053, 44.074579], [9.831988, 44.074616], [9.831898, 44.074648], [9.831819, 44.074676], [9.831713, 44.074731], [9.831565, 44.074831], [9.831366, 44.074922], [9.831225, 44.074977], [9.831147, 44.075014], [9.831, 44.075096], [9.830906, 44.07516], [9.830828, 44.075255], [9.830768, 44.075345], [9.830736, 44.075426], [9.830651, 44.075562], [9.830597, 44.07563], [9.830464, 44.075739], [9.830387, 44.075807], [9.83029, 44.075862], [9.830198, 44.075916], [9.830127, 44.075957], [9.830041, 44.076017], [9.829968, 44.076058], [9.829874, 44.076126], [9.829796, 44.076189], [9.829809, 44.076284], [9.829836, 44.076387], [9.829872, 44.076472], [9.829944, 44.076589], [9.830051, 44.076737], [9.830121, 44.076822], [9.830208, 44.076916], [9.830288, 44.076965], [9.830395, 44.077018], [9.830463, 44.077085], [9.830503, 44.077202], [9.830498, 44.077278], [9.830477, 44.077391], [9.830467, 44.077463], [9.830457, 44.077544], [9.830424, 44.077679], [9.830352, 44.077756], [9.830311, 44.077802], [9.830285, 44.077896], [9.830286, 44.07795], [9.83028, 44.078081], [9.830286, 44.078189], [9.830251, 44.078239], [9.830235, 44.078284], [9.830209, 44.07837], [9.830215, 44.078437], [9.83023, 44.078518], [9.830242, 44.078594], [9.830254, 44.078693], [9.830256, 44.078792], [9.830254, 44.07886], [9.830261, 44.078945], [9.830271, 44.079026], [9.830243, 44.079121], [9.830197, 44.079149], [9.830127, 44.07919], [9.830038, 44.079222], [9.829972, 44.079249], [9.829889, 44.079281], [9.829762, 44.079323], [9.829656, 44.079355], [9.82962, 44.079342], [9.829587, 44.079324], [9.829534, 44.079302], [9.829518, 44.079261], [9.829445, 44.079208], [9.82939, 44.079177], [9.829335, 44.079141], [9.829294, 44.079137], [9.829204, 44.079138], [9.829166, 44.079147], [9.829149, 44.079161], [9.829185, 44.079228], [9.829207, 44.079268], [9.82925, 44.079322], [9.829285, 44.079367], [9.829329, 44.079402], [9.829375, 44.079447], [9.829315, 44.079479], [9.829302, 44.079484], [9.829263, 44.079493], [9.829226, 44.079502], [9.829168, 44.079516], [9.829095, 44.079535], [9.828352, 44.079851], [9.828291, 44.07977], [9.828159, 44.079816], [9.828179, 44.079906], [9.827168, 44.0803], [9.82685, 44.080213], [9.826697, 44.080407], [9.826781, 44.081275], [9.826652, 44.081447], [9.826717, 44.082433], [9.826772, 44.082437], [9.826762, 44.082838], [9.826465, 44.083065], [9.826342, 44.083282], [9.826196, 44.083242], [9.82591, 44.083451], [9.824829, 44.083036], [9.824736, 44.083131], [9.824309, 44.082963], [9.824391, 44.082774], [9.824266, 44.08273], [9.82417, 44.082906], [9.824092, 44.082897], [9.824044, 44.08288], [9.823935, 44.082723], [9.823624, 44.082815], [9.823684, 44.082914], [9.822843, 44.083294], [9.822761, 44.083402], [9.822832, 44.083474], [9.82257, 44.08362], [9.822544, 44.083782], [9.822749, 44.083812], [9.822734, 44.083889], [9.822534, 44.083867], [9.822467, 44.084102], [9.822701, 44.084379], [9.822751, 44.084406], [9.822487, 44.084732], [9.82261, 44.084844], [9.823041, 44.084589], [9.823112, 44.084674], [9.823336, 44.084577], [9.823451, 44.084667], [9.823719, 44.084629], [9.823922, 44.084708], [9.823985, 44.084892], [9.829601, 44.086679], [9.829574, 44.086738], [9.823434, 44.084806], [9.82335, 44.084825], [9.823294, 44.084848], [9.823249, 44.084857], [9.823198, 44.084862], [9.823157, 44.084871], [9.823095, 44.084881], [9.823025, 44.084899], [9.82296, 44.084936], [9.822913, 44.08495], [9.822873, 44.084963], [9.822767, 44.085009], [9.822683, 44.085041], [9.822613, 44.085073], [9.822519, 44.085105], [9.822421, 44.085129], [9.822373, 44.085143], [9.822323, 44.085152], [9.822222, 44.085184], [9.822153, 44.085207], [9.822099, 44.085221], [9.822038, 44.08523], [9.821952, 44.085186], [9.82193, 44.085335], [9.82191, 44.08542], [9.821911, 44.085515], [9.821882, 44.085655], [9.82186, 44.085713], [9.82185, 44.085781], [9.821819, 44.085844], [9.821798, 44.085925], [9.821756, 44.086065], [9.821713, 44.086129], [9.82163, 44.086291], [9.821586, 44.086323], [9.821488, 44.086355], [9.821381, 44.086374], [9.821272, 44.086397], [9.821184, 44.086389], [9.820945, 44.086391], [9.820881, 44.086378], [9.820794, 44.08636], [9.820642, 44.086348], [9.820587, 44.086348], [9.820533, 44.08634], [9.820489, 44.086349], [9.820456, 44.08634], [9.820359, 44.086341], [9.820283, 44.086355], [9.820197, 44.086365], [9.82011, 44.086388], [9.820034, 44.086429], [9.81996, 44.086452], [9.819905, 44.086461], [9.819862, 44.08648], [9.819818, 44.086516], [9.819808, 44.086556], [9.819809, 44.086588], [9.81982, 44.086651], [9.819843, 44.086718], [9.819866, 44.086768], [9.819899, 44.086812], [9.819944, 44.086916], [9.819988, 44.087055], [9.820022, 44.087118], [9.820079, 44.087288], [9.82009, 44.087338], [9.820091, 44.087401], [9.820126, 44.087563], [9.820138, 44.087643], [9.82014, 44.087742], [9.82013, 44.087792], [9.820108, 44.087837], [9.820065, 44.087869], [9.819915, 44.087933], [9.819831, 44.087961], [9.819983, 44.088221], [9.820107, 44.088224], [9.819664, 44.089011], [9.81976, 44.08933], [9.819807, 44.089564], [9.819839, 44.089905], [9.819786, 44.09041], [9.81915, 44.091571], [9.818835, 44.091488], [9.816728, 44.088856], [9.816603, 44.088853], [9.815126, 44.089453], [9.815095, 44.090435], [9.817693, 44.093837], [9.817662, 44.093873], [9.817706, 44.093977], [9.815127, 44.095192], [9.814966, 44.095279], [9.814868, 44.095352], [9.814797, 44.095595], [9.814702, 44.095812], [9.814319, 44.096418], [9.814063, 44.096767], [9.813527, 44.09727], [9.812783, 44.097689], [9.810553, 44.099029], [9.808366, 44.100242], [9.808214, 44.100369], [9.808195, 44.100526], [9.808174, 44.100657], [9.808263, 44.100774], [9.809869, 44.102257], [9.81065, 44.102953], [9.813715, 44.10566], [9.814419, 44.105267], [9.821801, 44.101033], [9.82188, 44.10101], [9.82196, 44.100919], [9.82209, 44.100842], [9.82227, 44.100741], [9.82241, 44.100659], [9.822495, 44.100596], [9.822567, 44.100537], [9.822664, 44.100455], [9.822782, 44.100391], [9.822933, 44.100322], [9.823054, 44.100281], [9.823159, 44.100226], [9.823225, 44.100199], [9.823311, 44.100135], [9.823369, 44.100108], [9.823485, 44.100044], [9.823564, 44.099998], [9.823657, 44.099957], [9.823749, 44.09992], [9.823839, 44.099888], [9.823946, 44.099851], [9.824034, 44.09981], [9.824117, 44.099778], [9.824179, 44.099755], [9.824294, 44.099718], [9.824434, 44.099668], [9.824521, 44.099645], [9.824611, 44.099599], [9.824726, 44.099553], [9.824819, 44.099521], [9.824906, 44.099475], [9.824941, 44.099453], [9.825024, 44.099425], [9.825148, 44.099397], [9.825215, 44.099388], [9.825303, 44.099396], [9.825414, 44.099382], [9.825509, 44.099381], [9.825617, 44.099394], [9.825706, 44.099411], [9.825778, 44.099447], [9.825857, 44.099504], [9.8259, 44.09954], [9.825955, 44.09958], [9.826017, 44.099638], [9.826075, 44.099683], [9.826083, 44.099683], [9.826121, 44.099701], [9.826181, 44.099772], [9.826235, 44.09983], [9.826278, 44.099866], [9.826346, 44.099933], [9.826336, 44.099983], [9.826304, 44.099987], [9.826272, 44.099997], [9.826234, 44.099965], [9.826218, 44.099939], [9.826178, 44.099907], [9.826163, 44.099894], [9.82612, 44.099863], [9.826078, 44.09984], [9.82604, 44.099823], [9.825984, 44.099823], [9.825931, 44.099842], [9.82585, 44.099865], [9.82452, 44.100671], [9.824948, 44.10106], [9.824866, 44.101105], [9.82504, 44.101243], [9.825114, 44.101216], [9.825516, 44.101591], [9.825498, 44.10165], [9.825474, 44.101677], [9.825435, 44.101718], [9.825383, 44.101759], [9.825319, 44.101795], [9.825215, 44.101859], [9.825133, 44.101896], [9.825056, 44.101932], [9.824958, 44.101991], [9.824884, 44.10205], [9.824836, 44.102091], [9.824799, 44.102132], [9.824756, 44.102209], [9.82474, 44.10224], [9.824751, 44.10229], [9.824769, 44.10233], [9.824806, 44.102362], [9.824845, 44.102397], [9.824875, 44.102415], [9.824946, 44.102469], [9.825001, 44.102504], [9.825126, 44.102584], [9.825398, 44.102425], [9.825455, 44.102483], [9.825161, 44.10267], [9.825674, 44.10308], [9.825722, 44.103053], [9.825874, 44.103151], [9.825803, 44.103214], [9.826553, 44.103785], [9.826635, 44.10378], [9.826768, 44.103905], [9.826708, 44.103968], [9.827554, 44.104619], [9.82762, 44.10461], [9.827767, 44.104721], [9.827734, 44.104758], [9.828174, 44.105128], [9.828256, 44.105101], [9.828373, 44.105226], [9.828328, 44.105249], [9.829082, 44.105824], [9.829285, 44.105723], [9.829367, 44.10579], [9.831794, 44.104229], [9.83237, 44.104233], [9.834054, 44.104221], [9.834056, 44.104388], [9.83236, 44.1044], [9.831807, 44.104386], [9.8314, 44.104668], [9.830788, 44.105033], [9.830007, 44.105565], [9.830652, 44.106078], [9.83125, 44.10656], [9.832166, 44.106252], [9.832348, 44.106457], [9.832717, 44.106792], [9.832952, 44.107079], [9.833051, 44.1072], [9.833124, 44.107276], [9.833253, 44.107387], [9.833361, 44.107485], [9.833454, 44.107575], [9.833537, 44.10766], [9.833637, 44.107794], [9.833737, 44.107892], [9.833815, 44.107986], [9.833922, 44.108089], [9.833979, 44.108156], [9.834142, 44.108348], [9.834323, 44.108496], [9.834471, 44.108643], [9.83455, 44.108728], [9.834658, 44.108858], [9.834775, 44.108997], [9.834897, 44.109167], [9.834951, 44.109243], [9.835063, 44.109368], [9.835187, 44.109471], [9.835261, 44.109556], [9.835342, 44.10965], [9.835487, 44.109815], [9.835556, 44.109887], [9.835694, 44.110012], [9.835812, 44.110101], [9.835978, 44.110239], [9.836081, 44.110297], [9.836131, 44.110288], [9.836273, 44.110291], [9.836473, 44.110294], [9.836644, 44.11027], [9.836744, 44.110279], [9.83696, 44.110286], [9.837186, 44.11028], [9.837477, 44.110273], [9.837677, 44.110267], [9.837935, 44.110279], [9.838097, 44.110291], [9.838189, 44.110291], [9.838244, 44.110286], [9.838422, 44.110271], [9.838455, 44.109978], [9.838487, 44.109613], [9.838479, 44.109456], [9.838469, 44.109294], [9.838466, 44.109118], [9.838471, 44.10901], [9.838481, 44.108843], [9.838488, 44.108686], [9.838487, 44.108564], [9.838485, 44.108429], [9.83848, 44.108308], [9.838464, 44.10815], [9.838451, 44.108042], [9.838454, 44.107921], [9.838464, 44.107826], [9.838475, 44.107741], [9.8385, 44.107614], [9.838382, 44.107597], [9.838345, 44.107499], [9.838335, 44.10735], [9.838335, 44.107242], [9.838345, 44.107147], [9.838355, 44.107066], [9.838354, 44.106913], [9.838368, 44.106796], [9.838361, 44.106661], [9.838366, 44.106522], [9.838362, 44.106391], [9.83838, 44.106224], [9.838392, 44.106103], [9.838402, 44.105995], [9.838412, 44.105909], [9.838428, 44.105751], [9.838596, 44.105719], [9.83866, 44.105128], [9.838457, 44.104923], [9.838305, 44.104996], [9.838225, 44.104938], [9.838392, 44.104838], [9.837149, 44.103564], [9.837012, 44.103596], [9.836925, 44.103471], [9.837114, 44.103362], [9.837477, 44.10376], [9.837627, 44.103628], [9.837702, 44.103677], [9.83752, 44.103831], [9.838469, 44.104779], [9.83964, 44.104059], [9.839562, 44.103969], [9.839666, 44.103937], [9.839739, 44.104013], [9.839878, 44.103918], [9.839782, 44.103824], [9.839988, 44.103732], [9.840061, 44.103786], [9.84024, 44.103699], [9.840163, 44.103609], [9.840274, 44.103568], [9.840473, 44.103783], [9.840363, 44.103824], [9.840318, 44.103775], [9.840176, 44.103879], [9.840239, 44.103928], [9.840052, 44.104056], [9.839979, 44.103984], [9.839857, 44.104098], [9.839898, 44.104138], [9.839821, 44.104193], [9.839744, 44.10413], [9.839419, 44.104389], [9.839486, 44.104452], [9.839433, 44.104488], [9.839367, 44.104434], [9.838594, 44.104886], [9.838775, 44.105096], [9.838776, 44.105519], [9.838803, 44.105555], [9.838813, 44.105708], [9.839205, 44.105723], [9.839234, 44.10561], [9.839345, 44.105619], [9.839334, 44.105722], [9.839515, 44.105748], [9.839553, 44.105748], [9.839593, 44.105734], [9.839651, 44.105733], [9.839705, 44.105728], [9.839768, 44.105723], [9.839826, 44.105732], [9.839876, 44.105745], [9.839975, 44.105771], [9.83994, 44.106006], [9.839906, 44.106258], [9.839892, 44.106528], [9.839885, 44.106641], [9.839885, 44.106744], [9.839893, 44.106875], [9.839921, 44.10714], [9.839875, 44.107429], [9.839897, 44.107654], [9.839863, 44.107897], [9.839896, 44.108176], [9.839871, 44.108487], [9.83985, 44.108743], [9.839889, 44.109004], [9.839608, 44.10902], [9.839589, 44.109407], [9.839841, 44.109428], [9.839818, 44.109504], [9.839833, 44.109585], [9.83983, 44.109653], [9.839829, 44.109684], [9.839839, 44.109734], [9.83985, 44.109752], [9.83988, 44.109761], [9.839904, 44.109751], [9.839937, 44.109756], [9.839981, 44.109751], [9.840036, 44.109768], [9.840076, 44.109764], [9.840105, 44.109777], [9.840129, 44.109795], [9.840132, 44.109817], [9.840114, 44.109853], [9.840081, 44.109899], [9.840059, 44.109944], [9.840046, 44.109966], [9.840072, 44.109984], [9.840089, 44.110011], [9.840112, 44.110038], [9.840154, 44.110069], [9.840184, 44.110087], [9.84022, 44.110087], [9.84026, 44.110059], [9.840331, 44.110005], [9.840372, 44.109996], [9.840386, 44.110013], [9.840398, 44.110049], [9.84038, 44.110112], [9.840368, 44.110153], [9.840352, 44.110225], [9.840332, 44.110288], [9.840327, 44.110365], [9.840348, 44.110401], [9.84037, 44.110432], [9.8404, 44.110427], [9.840415, 44.110378], [9.840447, 44.110346], [9.840517, 44.11031], [9.840573, 44.110296], [9.840603, 44.110309], [9.840647, 44.110336], [9.840672, 44.110376], [9.840687, 44.110407], [9.840687, 44.110421], [9.8407, 44.110466], [9.84071, 44.110506], [9.840731, 44.110524], [9.84075, 44.110582], [9.840816, 44.110582], [9.840905, 44.110599], [9.840996, 44.110621], [9.841013, 44.110621], [9.841085, 44.110643], [9.841311, 44.110673], [9.84141, 44.110717], [9.841503, 44.110766], [9.841545, 44.110793], [9.841603, 44.110815], [9.841643, 44.110877], [9.841663, 44.110931], [9.841689, 44.110985], [9.841714, 44.11099], [9.841743, 44.110886], [9.841773, 44.110768], [9.841792, 44.110687], [9.841838, 44.110606], [9.841952, 44.110529], [9.8421, 44.110491], [9.842206, 44.110477], [9.842339, 44.110494], [9.842407, 44.110503], [9.842441, 44.110439], [9.842457, 44.110412], [9.842491, 44.110417], [9.842521, 44.110457], [9.842549, 44.110502], [9.842566, 44.110511], [9.842587, 44.110546], [9.842595, 44.110573], [9.842606, 44.110618], [9.842637, 44.110654], [9.842683, 44.110699], [9.842745, 44.110712], [9.842838, 44.110734], [9.842914, 44.110733], [9.842968, 44.110751], [9.84302, 44.110791], [9.843107, 44.110813], [9.843157, 44.110794], [9.84322, 44.110699], [9.843234, 44.110618], [9.843216, 44.110551], [9.843214, 44.11051], [9.843291, 44.110523], [9.843337, 44.110568], [9.843351, 44.11055], [9.843388, 44.110545], [9.843449, 44.110549], [9.843499, 44.11058], [9.843609, 44.110719], [9.843697, 44.11075], [9.843811, 44.110753], [9.843868, 44.110722], [9.843912, 44.11069], [9.843931, 44.110618], [9.843936, 44.110559], [9.843926, 44.11051], [9.843963, 44.110428], [9.843976, 44.110365], [9.843978, 44.110302], [9.843978, 44.110262], [9.843983, 44.110208], [9.844048, 44.110144], [9.844122, 44.110134], [9.84422, 44.110161], [9.844242, 44.110174], [9.844255, 44.110233], [9.844266, 44.110322], [9.844268, 44.11039], [9.844295, 44.110435], [9.844363, 44.110461], [9.844405, 44.110457], [9.844465, 44.110398], [9.844515, 44.110357], [9.844568, 44.110271], [9.844603, 44.110189], [9.844627, 44.11014], [9.844655, 44.110117], [9.844688, 44.110108], [9.844713, 44.110108], [9.844784, 44.110107], [9.844907, 44.110129], [9.845015, 44.110164], [9.845089, 44.110199], [9.845109, 44.110213], [9.845152, 44.110226], [9.845202, 44.110266], [9.84529, 44.110274], [9.845302, 44.110148], [9.845778, 44.110122], [9.845832, 44.110374], [9.845894, 44.110387], [9.846002, 44.110409], [9.846066, 44.110399], [9.846167, 44.110367], [9.846209, 44.110304], [9.846243, 44.110231], [9.846244, 44.110182], [9.846291, 44.110141], [9.846419, 44.110136], [9.84664, 44.110138], [9.84677, 44.110133], [9.846911, 44.110141], [9.847019, 44.110154], [9.847007, 44.110028], [9.846989, 44.109848], [9.846994, 44.109735], [9.846997, 44.109654], [9.847014, 44.1096], [9.847069, 44.109609], [9.847136, 44.109618], [9.847339, 44.109615], [9.847387, 44.10966], [9.847401, 44.109701], [9.847415, 44.109782], [9.847423, 44.109899], [9.847423, 44.11002], [9.847413, 44.11011], [9.847408, 44.11016], [9.847408, 44.110196], [9.847407, 44.11025], [9.847411, 44.110295], [9.847418, 44.110331], [9.847446, 44.110335], [9.847498, 44.110339], [9.847526, 44.11033], [9.847539, 44.110253], [9.847546, 44.110222], [9.847558, 44.110163], [9.847562, 44.110064], [9.847547, 44.109992], [9.847545, 44.10992], [9.847544, 44.109853], [9.84754, 44.109808], [9.847547, 44.109763], [9.847567, 44.109749], [9.847634, 44.10973], [9.847681, 44.10973], [9.847726, 44.109734], [9.847739, 44.109707], [9.847736, 44.109662], [9.847806, 44.109648], [9.847864, 44.109652], [9.847896, 44.109656], [9.847907, 44.109656], [9.847939, 44.10967], [9.847943, 44.10971], [9.847939, 44.109755], [9.847942, 44.109818], [9.84795, 44.109827], [9.847997, 44.109849], [9.848019, 44.109854], [9.848024, 44.109908], [9.847995, 44.109966], [9.847974, 44.110016], [9.847978, 44.110056], [9.848014, 44.110074], [9.848027, 44.110101], [9.848032, 44.11016], [9.848033, 44.110205], [9.848047, 44.110218], [9.848085, 44.11024], [9.8481, 44.110276], [9.848086, 44.11038], [9.848071, 44.110443], [9.848051, 44.110511], [9.848074, 44.110528], [9.848111, 44.110537], [9.848261, 44.110617], [9.848526, 44.110611], [9.848611, 44.11061], [9.84874, 44.110618], [9.848844, 44.110631], [9.848944, 44.110639], [9.849069, 44.110643], [9.849203, 44.110642], [9.849287, 44.110645], [9.849344, 44.110641], [9.849463, 44.110604], [9.849557, 44.110607], [9.849618, 44.110612], [9.849677, 44.110611], [9.849745, 44.110624], [9.849798, 44.110624], [9.849898, 44.110614], [9.849948, 44.110609], [9.850132, 44.110585], [9.850252, 44.11058], [9.850392, 44.110556], [9.850404, 44.110547], [9.850446, 44.110529], [9.850504, 44.11051], [9.850573, 44.110505], [9.850607, 44.110514], [9.850612, 44.110532], [9.850634, 44.110532], [9.850674, 44.110532], [9.850749, 44.110531], [9.850796, 44.110535], [9.850821, 44.11054], [9.850824, 44.110544], [9.850832, 44.110548], [9.850842, 44.110584], [9.850872, 44.110692], [9.850975, 44.110678], [9.85072, 44.110023], [9.850731, 44.109991], [9.850663, 44.109847], [9.850788, 44.109824], [9.850825, 44.109909], [9.850923, 44.109895], [9.850962, 44.109895], [9.850997, 44.109967], [9.851037, 44.11002], [9.851084, 44.110096], [9.851111, 44.110159], [9.851139, 44.110222], [9.851158, 44.110267], [9.851166, 44.11028], [9.851194, 44.110285], [9.851216, 44.110271], [9.851263, 44.11032], [9.851347, 44.110477], [9.851404, 44.110639], [9.851508, 44.110629], [9.851427, 44.110481], [9.851331, 44.110261], [9.85128, 44.11009], [9.851235, 44.109978], [9.851194, 44.109857], [9.85132, 44.10982], [9.85139, 44.109784], [9.851417, 44.109788], [9.851462, 44.109819], [9.851499, 44.109882], [9.851522, 44.109927], [9.851547, 44.109944], [9.851617, 44.109957], [9.851635, 44.10998], [9.851672, 44.110056], [9.851712, 44.110123], [9.851741, 44.110164], [9.851768, 44.110217], [9.851798, 44.110253], [9.85185, 44.110275], [9.851915, 44.110266], [9.851965, 44.110252], [9.852013, 44.110216], [9.85204, 44.110161], [9.851999, 44.110031], [9.851934, 44.109919], [9.851889, 44.109852], [9.851851, 44.109816], [9.851819, 44.109758], [9.851822, 44.109735], [9.851836, 44.109722], [9.851896, 44.109694], [9.851969, 44.109658], [9.851956, 44.109644], [9.851904, 44.109573], [9.851828, 44.109425], [9.851756, 44.109304], [9.851675, 44.109178], [9.851604, 44.109048], [9.851553, 44.108968], [9.851523, 44.108905], [9.851589, 44.108882], [9.851677, 44.108868], [9.851846, 44.109096], [9.851985, 44.109338], [9.852111, 44.109558], [9.852208, 44.10953], [9.852254, 44.109575], [9.852281, 44.10961], [9.852306, 44.109651], [9.852384, 44.109709], [9.852421, 44.109767], [9.852441, 44.109798], [9.852473, 44.109843], [9.852499, 44.109888], [9.852524, 44.109928], [9.852559, 44.109968], [9.852596, 44.110031], [9.852617, 44.110067], [9.852669, 44.110112], [9.852756, 44.110075], [9.852734, 44.110035], [9.8527, 44.109963], [9.852653, 44.109882], [9.852582, 44.109802], [9.852528, 44.109744], [9.852449, 44.109677], [9.852406, 44.109632], [9.852351, 44.109574], [9.852325, 44.109547], [9.852331, 44.109524], [9.852348, 44.109484], [9.852368, 44.109466], [9.852366, 44.109448], [9.852353, 44.109421], [9.8523, 44.10934], [9.85227, 44.109295], [9.852238, 44.109233], [9.852239, 44.109219], [9.85225, 44.109205], [9.852285, 44.10921], [9.852323, 44.109259], [9.852385, 44.109358], [9.852423, 44.109411], [9.852489, 44.109496], [9.852525, 44.109528], [9.852568, 44.109577], [9.852631, 44.109621], [9.852686, 44.10967], [9.852748, 44.109733], [9.852812, 44.109814], [9.852881, 44.109876], [9.852918, 44.109943], [9.852966, 44.11001], [9.853022, 44.110096], [9.85309, 44.110158], [9.853127, 44.110207], [9.853179, 44.110274], [9.853227, 44.110346], [9.85327, 44.110404], [9.853322, 44.110444], [9.85334, 44.110453], [9.85338, 44.110448], [9.853405, 44.110426], [9.853417, 44.110412], [9.853399, 44.110385], [9.85336, 44.11035], [9.853327, 44.110318], [9.8533, 44.110287], [9.853244, 44.110229], [9.853217, 44.110207], [9.853154, 44.110126], [9.853076, 44.11005], [9.853031, 44.109969], [9.852999, 44.109916], [9.852942, 44.109844], [9.852894, 44.109777], [9.852851, 44.109741], [9.852818, 44.109705], [9.852799, 44.109688], [9.852568, 44.109469], [9.852493, 44.109402], [9.852463, 44.109379], [9.852438, 44.10933], [9.852432, 44.109267], [9.852432, 44.10924], [9.852443, 44.10915], [9.852492, 44.109064], [9.852536, 44.109005], [9.85257, 44.10896], [9.852603, 44.108901], [9.852621, 44.108834], [9.852676, 44.108748], [9.852791, 44.108666], [9.852874, 44.108571], [9.853023, 44.108439], [9.853129, 44.108308], [9.853188, 44.108249], [9.853224, 44.108199], [9.853269, 44.108163], [9.853292, 44.108144], [9.853321, 44.108113], [9.853365, 44.108081], [9.853425, 44.108013], [9.853478, 44.107945], [9.853534, 44.107868], [9.853566, 44.107818], [9.853578, 44.1078], [9.853606, 44.107791], [9.853626, 44.107773], [9.853643, 44.107764], [9.853596, 44.107665], [9.853585, 44.107629], [9.853593, 44.107548], [9.853652, 44.107525], [9.85377, 44.107574], [9.853864, 44.107636], [9.853968, 44.107689], [9.854108, 44.107774], [9.854241, 44.107854], [9.85437, 44.107938], [9.854428, 44.10792], [9.85447, 44.107838], [9.85451, 44.10778], [9.854486, 44.107712], [9.854359, 44.107628], [9.854257, 44.107552], [9.854147, 44.107494], [9.854104, 44.10745], [9.854124, 44.10744], [9.854169, 44.107449], [9.854253, 44.107475], [9.854298, 44.107462], [9.854352, 44.10743], [9.854382, 44.107384], [9.854316, 44.107335], [9.854252, 44.107309], [9.854214, 44.107273], [9.854236, 44.107223], [9.854267, 44.10716], [9.854333, 44.107124], [9.854419, 44.107087], [9.854541, 44.107082], [9.8547, 44.107103], [9.854833, 44.107116], [9.854946, 44.107133], [9.855043, 44.107141], [9.855141, 44.107149], [9.855175, 44.107131], [9.855207, 44.107081], [9.85525, 44.107022], [9.85527, 44.106955], [9.85507, 44.106889], [9.854945, 44.106849], [9.854813, 44.106801], [9.85467, 44.106748], [9.854599, 44.106726], [9.854565, 44.106708], [9.854535, 44.106695], [9.854559, 44.106636], [9.854289, 44.106534], [9.854203, 44.106508], [9.854135, 44.10649], [9.854065, 44.106473], [9.854005, 44.106446], [9.85396, 44.106442], [9.853927, 44.106456], [9.853927, 44.106465], [9.85393, 44.106479], [9.854066, 44.106527], [9.854152, 44.10654], [9.854217, 44.106553], [9.854203, 44.106616], [9.853804, 44.106493], [9.853937, 44.106303], [9.854079, 44.106351], [9.854237, 44.106409], [9.854352, 44.106453], [9.854482, 44.106488], [9.854604, 44.106523], [9.854713, 44.106563], [9.854799, 44.106585], [9.854891, 44.106611], [9.854942, 44.106633], [9.855056, 44.106673], [9.8551, 44.106555], [9.855247, 44.106586], [9.855515, 44.10662], [9.855632, 44.106637], [9.855781, 44.106694], [9.855813, 44.106636], [9.855573, 44.106556], [9.855526, 44.106557], [9.855569, 44.106516], [9.855644, 44.106497], [9.855708, 44.106488], [9.855789, 44.106474], [9.85584, 44.106469], [9.855919, 44.106464], [9.855938, 44.106437], [9.855913, 44.106387], [9.855845, 44.106352], [9.855773, 44.106321], [9.855685, 44.106321], [9.85562, 44.106349], [9.855556, 44.106376], [9.855491, 44.106408], [9.85543, 44.106404], [9.855375, 44.106387], [9.855314, 44.106356], [9.855318, 44.106315], [9.855375, 44.106274], [9.855376, 44.106229], [9.855381, 44.106207], [9.855438, 44.106157], [9.855496, 44.106165], [9.855546, 44.106183], [9.855584, 44.106192], [9.855616, 44.106155], [9.855633, 44.106124], [9.855656, 44.106097], [9.85574, 44.106118], [9.8558, 44.106154], [9.855853, 44.106158], [9.855892, 44.106144], [9.855927, 44.106094], [9.855967, 44.106013], [9.856002, 44.10595], [9.856017, 44.1059], [9.856012, 44.105873], [9.855974, 44.105842], [9.855895, 44.105807], [9.855812, 44.105776], [9.855744, 44.105745], [9.855655, 44.105732], [9.855529, 44.105697], [9.855571, 44.105579], [9.855594, 44.10553], [9.855624, 44.105444], [9.855665, 44.105372], [9.855711, 44.105272], [9.85574, 44.105214], [9.855753, 44.105173], [9.855761, 44.105173], [9.855805, 44.105164], [9.855845, 44.105168], [9.855883, 44.105176], [9.855916, 44.105176], [9.855948, 44.105176], [9.855955, 44.105068], [9.855927, 44.105001], [9.855907, 44.10492], [9.855881, 44.104857], [9.855852, 44.104803], [9.855822, 44.104754], [9.855813, 44.104704], [9.855791, 44.10465], [9.855774, 44.104597], [9.855781, 44.10452], [9.855844, 44.104421], [9.855899, 44.10433], [9.855943, 44.104258], [9.855973, 44.104203], [9.85599, 44.104172], [9.85604, 44.10405], [9.855615, 44.103909], [9.854773, 44.103695], [9.854017, 44.103484], [9.853525, 44.103344], [9.853092, 44.103221], [9.853163, 44.103041], [9.853664, 44.103154], [9.854214, 44.103294], [9.854739, 44.103425], [9.855144, 44.103561], [9.855654, 44.103706], [9.856151, 44.103847], [9.856296, 44.103625], [9.856431, 44.103637], [9.856656, 44.103654], [9.856825, 44.103702], [9.856966, 44.103746], [9.857171, 44.103762], [9.85731, 44.103761], [9.857316, 44.103721], [9.857566, 44.103827], [9.857627, 44.103781], [9.857411, 44.103689], [9.857751, 44.10324], [9.857966, 44.103302], [9.858016, 44.10313], [9.857891, 44.103028], [9.857481, 44.102846], [9.857131, 44.102723], [9.85685, 44.102626], [9.856533, 44.102502], [9.856199, 44.102388], [9.856315, 44.102225], [9.856387, 44.10213], [9.85688, 44.102306], [9.857274, 44.10247], [9.857637, 44.102606], [9.857838, 44.1027], [9.858035, 44.102477], [9.858232, 44.102251], [9.858298, 44.102115], [9.858413, 44.101975], [9.858511, 44.101898], [9.858603, 44.10178], [9.858704, 44.101685], [9.858654, 44.101554], [9.858431, 44.101484], [9.858519, 44.101389], [9.858734, 44.101473], [9.858903, 44.101242], [9.858364, 44.101007], [9.857899, 44.100772], [9.857335, 44.100516], [9.85689, 44.100316], [9.85674, 44.100214], [9.856817, 44.10011], [9.857223, 44.100309], [9.857644, 44.100522], [9.85813, 44.100744], [9.858503, 44.100907], [9.858841, 44.101053], [9.858955, 44.10099], [9.859056, 44.100867], [9.859102, 44.100786], [9.858902, 44.100666], [9.858988, 44.100575], [9.859357, 44.100676], [9.859514, 44.100778], [9.859622, 44.100867], [9.859732, 44.100925], [9.859849, 44.100821], [9.859866, 44.100767], [9.85972, 44.100552], [9.860099, 44.100198], [9.860339, 44.099917], [9.860508, 44.09974], [9.860605, 44.099631], [9.860602, 44.099555], [9.860453, 44.099461], [9.860487, 44.099375], [9.860215, 44.099211], [9.860281, 44.099129], [9.86036, 44.099032], [9.860378, 44.098949], [9.860385, 44.098913], [9.860296, 44.098877], [9.860375, 44.098742], [9.860516, 44.09879], [9.861368, 44.099144], [9.861508, 44.098976], [9.860917, 44.098747], [9.860952, 44.098692], [9.860558, 44.098529], [9.860608, 44.098447], [9.860997, 44.098593], [9.861229, 44.09829], [9.861568, 44.098382], [9.861965, 44.098532], [9.862857, 44.096396], [9.862855, 44.09636], [9.862845, 44.096333], [9.862852, 44.096315], [9.862868, 44.096287], [9.862912, 44.09626], [9.862917, 44.096238], [9.862924, 44.09622], [9.862922, 44.096161], [9.862922, 44.096139], [9.862921, 44.096103], [9.862929, 44.09608], [9.862939, 44.096062], [9.862974, 44.096012], [9.863597, 44.095841], [9.865058, 44.096163], [9.865228, 44.095734], [9.863556, 44.095382], [9.863464, 44.095302], [9.863528, 44.094905], [9.864878, 44.095174], [9.864972, 44.094971], [9.863907, 44.094641], [9.863871, 44.094713], [9.863628, 44.09467], [9.863673, 44.094517], [9.86426, 44.094625], [9.864395, 44.094381], [9.864927, 44.094471], [9.864974, 44.09443], [9.864984, 44.094399], [9.864991, 44.094367], [9.864982, 44.09434], [9.864964, 44.094332], [9.864922, 44.094318], [9.864867, 44.094301], [9.864804, 44.094279], [9.864751, 44.094257], [9.864699, 44.09423], [9.864647, 44.094194], [9.86459, 44.094109], [9.86457, 44.094033], [9.864557, 44.093992], [9.864543, 44.093925], [9.864534, 44.093853], [9.864541, 44.093786], [9.864559, 44.093722], [9.864586, 44.093677], [9.864659, 44.093632], [9.864716, 44.093604], [9.864761, 44.093586], [9.864791, 44.093568], [9.864818, 44.093522], [9.86485, 44.093459], [9.864876, 44.093387], [9.864895, 44.09331], [9.864916, 44.093265], [9.864931, 44.093215], [9.864918, 44.093184], [9.864888, 44.093162], [9.864841, 44.093131], [9.864791, 44.093113], [9.864745, 44.093109], [9.864673, 44.093096], [9.864618, 44.093065], [9.864593, 44.093038], [9.86457, 44.093002], [9.864557, 44.092948], [9.864562, 44.092885], [9.86459, 44.092853], [9.864625, 44.092831], [9.864642, 44.09279], [9.864632, 44.092731], [9.86462, 44.092669], [9.864618, 44.092601], [9.864605, 44.092565], [9.864602, 44.092507], [9.864617, 44.092443], [9.864655, 44.09238], [9.86469, 44.092326], [9.864705, 44.092267], [9.864692, 44.092231], [9.864653, 44.092218], [9.864601, 44.092237], [9.864567, 44.092259], [9.864535, 44.092278], [9.864518, 44.092278], [9.864485, 44.092273], [9.864456, 44.092242], [9.864454, 44.092206], [9.864477, 44.092161], [9.864507, 44.092116], [9.864533, 44.092079], [9.86455, 44.092021], [9.864533, 44.091971], [9.864514, 44.091936], [9.864476, 44.091895], [9.864449, 44.091873], [9.864389, 44.091833], [9.864356, 44.091815], [9.864306, 44.091793], [9.864263, 44.091757], [9.864246, 44.091744], [9.864214, 44.091731], [9.864156, 44.0917], [9.864114, 44.091682], [9.864054, 44.091651], [9.863971, 44.091643], [9.863908, 44.09163], [9.863804, 44.091603], [9.863736, 44.091581], [9.863699, 44.091577], [9.863664, 44.091573], [9.863609, 44.091564], [9.863539, 44.091556], [9.863493, 44.091538], [9.863451, 44.091498], [9.863427, 44.091476], [9.863423, 44.091444], [9.863426, 44.09144], [9.863467, 44.091412], [9.863501, 44.091412], [9.863546, 44.091416], [9.863598, 44.091434], [9.863628, 44.091452], [9.86367, 44.091474], [9.863724, 44.091491], [9.863757, 44.091509], [9.863806, 44.091527], [9.863851, 44.091544], [9.863898, 44.091549], [9.863943, 44.091562], [9.863998, 44.091566], [9.864089, 44.091565], [9.864143, 44.091574], [9.864194, 44.091591], [9.864252, 44.091622], [9.864287, 44.091658], [9.864339, 44.091689], [9.864384, 44.091711], [9.864457, 44.091733], [9.864546, 44.091755], [9.864594, 44.091759], [9.864641, 44.091782], [9.864674, 44.09179], [9.865323, 44.091713], [9.865378, 44.091848], [9.865497, 44.091847], [9.865553, 44.09141], [9.865809, 44.091413], [9.865978, 44.09142], [9.866078, 44.091429], [9.866135, 44.091428], [9.866193, 44.091432], [9.866298, 44.091431], [9.866402, 44.091422], [9.866451, 44.09143], [9.866526, 44.09143], [9.866577, 44.091434], [9.866635, 44.091442], [9.866678, 44.091456], [9.866715, 44.091464], [9.86675, 44.091487], [9.86677, 44.091504], [9.866802, 44.09154], [9.866813, 44.091545], [9.866834, 44.091544], [9.866868, 44.09154], [9.866863, 44.091526], [9.866855, 44.091517], [9.866848, 44.091486], [9.866708, 44.091388], [9.869952, 44.090188], [9.86981, 44.089978], [9.869747, 44.089816], [9.869719, 44.089618], [9.869679, 44.089457], [9.8731, 44.088994], [9.873019, 44.088288], [9.87286, 44.088203], [9.868949, 44.088314], [9.868941, 44.08808], [9.87095, 44.088033], [9.871027, 44.088078], [9.873046, 44.088022], [9.873066, 44.087981], [9.87428, 44.087954], [9.874286, 44.088049], [9.874372, 44.087998], [9.875215, 44.087938], [9.875167, 44.086543], [9.875259, 44.086533], [9.875334, 44.086546], [9.875378, 44.087833], [9.875431, 44.087837], [9.875486, 44.08785], [9.87555, 44.087859], [9.875615, 44.087863], [9.875658, 44.087867], [9.875739, 44.087848], [9.875803, 44.087839], [9.875835, 44.08783], [9.87588, 44.087816], [9.87595, 44.087811], [9.876005, 44.087806], [9.876066, 44.087801], [9.876117, 44.087805], [9.876163, 44.087809], [9.87621, 44.087818], [9.876263, 44.087817], [9.876308, 44.087808], [9.876347, 44.087803], [9.87639, 44.087785], [9.876474, 44.087766], [9.876548, 44.087761], [9.876665, 44.087774], [9.876765, 44.087782], [9.876873, 44.08779], [9.876932, 44.087785], [9.876987, 44.087794], [9.877044, 44.08778], [9.877093, 44.08777], [9.877144, 44.087757], [9.877205, 44.087752], [9.877239, 44.087755], [9.877369, 44.08776], [9.877489, 44.087719], [9.877492, 44.087718], [9.877545, 44.087708], [9.87759, 44.087704], [9.877616, 44.087708], [9.877652, 44.087712], [9.877682, 44.08773], [9.877725, 44.087752], [9.877756, 44.087765], [9.877788, 44.087774], [9.877806, 44.087779], [9.877844, 44.087769], [9.877887, 44.087746], [9.877912, 44.087724], [9.87794, 44.087714], [9.877979, 44.08771], [9.877994, 44.087705], [9.878019, 44.087705], [9.878036, 44.087705], [9.878061, 44.087696], [9.878114, 44.087691], [9.878142, 44.087686], [9.878167, 44.087681], [9.878186, 44.087686], [9.878219, 44.087681], [9.878239, 44.087685], [9.878289, 44.087694], [9.877921, 44.087282], [9.87824, 44.08714], [9.878685, 44.087623], [9.878604, 44.087669], [9.878827, 44.087924], [9.878872, 44.087896], [9.879369, 44.088424], [9.879436, 44.088563], [9.879492, 44.088679], [9.879954, 44.089189], [9.880039, 44.089144], [9.880041, 44.089143], [9.88004, 44.089143], [9.879942, 44.089026], [9.879728, 44.088772], [9.87965, 44.088714], [9.879648, 44.088712], [9.879642, 44.088703], [9.879629, 44.088687], [9.879597, 44.088638], [9.879578, 44.088602], [9.879554, 44.088566], [9.879521, 44.088504], [9.87941, 44.088315], [9.879035, 44.087895], [9.879165, 44.087822], [9.879143, 44.087804], [9.879195, 44.087718], [9.878994, 44.087508], [9.879116, 44.086891], [9.87876, 44.086677], [9.878876, 44.086483], [9.878995, 44.086504], [9.879067, 44.086207], [9.879123, 44.086152], [9.879189, 44.086107], [9.87924, 44.086079], [9.879291, 44.086061], [9.879384, 44.086033], [9.88048, 44.084755], [9.880511, 44.084427], [9.879622, 44.08437], [9.879628, 44.084285], [9.879586, 44.084272], [9.879529, 44.084241], [9.879474, 44.084218], [9.879416, 44.084178], [9.879397, 44.084161], [9.879354, 44.084129], [9.879317, 44.084107], [9.879276, 44.08408], [9.879252, 44.084049], [9.879226, 44.084013], [9.879204, 44.083982], [9.879199, 44.083955], [9.87919, 44.083924], [9.879189, 44.08391], [9.879179, 44.083879], [9.87917, 44.083834], [9.879173, 44.083802], [9.879174, 44.083748], [9.879183, 44.083712], [9.879205, 44.083658], [9.879214, 44.08359], [9.879226, 44.083577], [9.879313, 44.083463], [9.879358, 44.083436], [9.879386, 44.083391], [9.879417, 44.083332], [9.879465, 44.083278], [9.8795, 44.083246], [9.879537, 44.083214], [9.879567, 44.083178], [9.879602, 44.083164], [9.879619, 44.083146], [9.879652, 44.083128], [9.87967, 44.083114], [9.879678, 44.083092], [9.879679, 44.083065], [9.879672, 44.083047], [9.879663, 44.083015], [9.87965, 44.082984], [9.879624, 44.08293], [9.879617, 44.082894], [9.879602, 44.082849], [9.879597, 44.0828], [9.879599, 44.082759], [9.879602, 44.082723], [9.879619, 44.082687], [9.879632, 44.08266], [9.879657, 44.082624], [9.879686, 44.082596], [9.879709, 44.082574], [9.879759, 44.082537], [9.879864, 44.08244], [9.88002, 44.082264], [9.880207, 44.081992], [9.880402, 44.081664], [9.88049, 44.081422], [9.880785, 44.081059], [9.880946, 44.080925], [9.881421, 44.080775], [9.88187, 44.080602], [9.882319, 44.080421], [9.882625, 44.080339], [9.883149, 44.080067], [9.883492, 44.079949], [9.883904, 44.079726], [9.884315, 44.079513], [9.88497, 44.079363], [9.885657, 44.079208], [9.88645, 44.079025], [9.887243, 44.078942], [9.888018, 44.078819], [9.889179, 44.078604], [9.89001, 44.078462], [9.890515, 44.078262], [9.891083, 44.07813], [9.892101, 44.077956], [9.893156, 44.077782], [9.893713, 44.077785], [9.894269, 44.077729], [9.894781, 44.077647], [9.89523, 44.077519], [9.895623, 44.077383], [9.895947, 44.077202], [9.896265, 44.076962], [9.896576, 44.076722], [9.897112, 44.076459], [9.897299, 44.076368], [9.897474, 44.076282], [9.89811, 44.076019], [9.89824, 44.07582], [9.898533, 44.075629], [9.898939, 44.075516], [9.899501, 44.075401], [9.899825, 44.075383], [9.9, 44.07533728979981], [9.9, 43.998247360902255], [9.899595, 43.998358]], [[9.834074, 44.093854], [9.834067, 44.092639], [9.83418, 44.092647], [9.834187, 44.093894], [9.83233, 44.094992], [9.834074, 44.093854]], [[9.834069, 44.090082], [9.833215, 44.089345], [9.833316, 44.089295], [9.834208, 44.090076], [9.834204, 44.090355], [9.834074, 44.090356], [9.834069, 44.090082]], [[9.834097, 44.091734], [9.834205, 44.091742], [9.83419, 44.092449], [9.834076, 44.092454], [9.834097, 44.091734]], [[9.834082, 44.090554], [9.834208, 44.090558], [9.834197, 44.091499], [9.83407, 44.091495], [9.834082, 44.090554]], [[9.854909, 44.068649], [9.85522, 44.068509], [9.855495, 44.068449], [9.855851, 44.068453], [9.856208, 44.068466], [9.856558, 44.068587], [9.856958, 44.068726], [9.857322, 44.068847], [9.85769, 44.068855], [9.858046, 44.068868], [9.858322, 44.068935], [9.858497, 44.069115], [9.858648, 44.069327], [9.858855, 44.069485], [9.859168, 44.069606], [9.859487, 44.06975], [9.859876, 44.069992], [9.860271, 44.070258], [9.860571, 44.070392], [9.860871, 44.070423], [9.861202, 44.070463], [9.861634, 44.070562], [9.862028, 44.070714], [9.862467, 44.070993], [9.862949, 44.071285], [9.863219, 44.071483], [9.863639, 44.071834], [9.863915, 44.072082], [9.864172, 44.072303], [9.864517, 44.072509], [9.864843, 44.07268], [9.865581, 44.07294], [9.865907, 44.073129], [9.86632, 44.073336], [9.866639, 44.073498], [9.867134, 44.073749], [9.867472, 44.073884], [9.867804, 44.074023], [9.868461, 44.074279], [9.868825, 44.074486], [9.869294, 44.074715], [9.869633, 44.074967], [9.869984, 44.075128], [9.870434, 44.07524], [9.870928, 44.075361], [9.871304, 44.075531], [9.871643, 44.075783], [9.872019, 44.076044], [9.872407, 44.07621], [9.872689, 44.076323], [9.873089, 44.076448], [9.873684, 44.076745], [9.874141, 44.076987], [9.874768, 44.077243], [9.875344, 44.077449], [9.875776, 44.077678], [9.876058, 44.07789], [9.87642, 44.07774], [9.876562, 44.077523], [9.87685, 44.077536], [9.877176, 44.077689], [9.877414, 44.077824], [9.877752, 44.077904], [9.877908, 44.07789], [9.878145, 44.077908], [9.878539, 44.077938], [9.878701, 44.077861], [9.87902, 44.077838], [9.879501, 44.077774], [9.879688, 44.077687], [9.879888, 44.07761], [9.880119, 44.077556], [9.8803, 44.077695], [9.88027, 44.077871], [9.880127, 44.078048], [9.879966, 44.078255], [9.879923, 44.078445], [9.880155, 44.078666], [9.880475, 44.0789], [9.880645, 44.079224], [9.88059, 44.079477], [9.880141, 44.079844], [9.879481, 44.080296], [9.879342, 44.080328], [9.87912, 44.080317], [9.878905, 44.080228], [9.878685, 44.080088], [9.878568, 44.079958], [9.878475, 44.079914], [9.87837, 44.079878], [9.878301, 44.079852], [9.87826, 44.079821], [9.877318, 44.079378], [9.877508, 44.079097], [9.857561, 44.069498], [9.857463, 44.069458], [9.857378, 44.069427], [9.857321, 44.069405], [9.85726, 44.069374], [9.857195, 44.06933], [9.857152, 44.069321], [9.857075, 44.069299], [9.85702, 44.069264], [9.857002, 44.06925], [9.856957, 44.069233], [9.856927, 44.069237], [9.856872, 44.06922], [9.856772, 44.069211], [9.856685, 44.069217], [9.856632, 44.069203], [9.856585, 44.069199], [9.856522, 44.069177], [9.856458, 44.069146], [9.856365, 44.069129], [9.856337, 44.069143], [9.856333, 44.069152], [9.856335, 44.069179], [9.856356, 44.069228], [9.856384, 44.069273], [9.856422, 44.0693], [9.856445, 44.069344], [9.856434, 44.069385], [9.856422, 44.069417], [9.856396, 44.069421], [9.856351, 44.069408], [9.856225, 44.069342], [9.856156, 44.069311], [9.85609, 44.06928], [9.85603, 44.069253], [9.855962, 44.069222], [9.855907, 44.069195], [9.85586, 44.069178], [9.855805, 44.069156], [9.855746, 44.069134], [9.855435, 44.069204], [9.855186, 44.069194], [9.854786, 44.069029], [9.854728, 44.06888], [9.854909, 44.068649]]]}, "properties": {"band_code": "02", "band_label": "10-20 m", "lower_depth_m": 10}}, {"type": "Feature", "geometry": {"type": "MultiPolygon", "coordinates": [[[[9.453671, 44.039396], [9.461855, 44.044708], [9.476001, 44.051362], [9.481526, 44.053339], [9.493284, 44.056477], [9.508476, 44.061711], [9.517348, 44.062218], [9.519212, 44.061255], [9.522871, 44.061501], [9.52481, 44.060783], [9.525988, 44.060941], [9.52851, 44.062336], [9.532541, 44.062598], [9.535366, 44.061812], [9.541444, 44.063049], [9.543021, 44.06171], [9.544768, 44.061333], [9.549568, 44.063238], [9.552363, 44.063225], [9.554841, 44.062602], [9.556376, 44.062627], [9.561004, 44.064186], [9.563179, 44.064039], [9.565497, 44.063017], [9.566915, 44.062806], [9.569188, 44.06319], [9.570435, 44.063915], [9.571307, 44.065863], [9.569986, 44.06696], [9.566251, 44.067317], [9.561463, 44.066424], [9.558427, 44.066447], [9.55336, 44.068807], [9.550364, 44.068703], [9.547309, 44.069569], [9.541965, 44.068813], [9.537624, 44.069324], [9.534496, 44.069137], [9.533167, 44.070809], [9.531174, 44.070728], [9.529566, 44.069675], [9.527389, 44.07016], [9.525397, 44.069682], [9.523644, 44.069792], [9.523057, 44.070986], [9.523832, 44.071809], [9.529913, 44.07338], [9.534326, 44.077964], [9.537733, 44.078426], [9.539374, 44.079785], [9.53952, 44.080397], [9.538429, 44.081159], [9.536174, 44.08117], [9.534256, 44.082487], [9.532993, 44.08246], [9.531486, 44.081147], [9.527853, 44.081588], [9.525203, 44.0811], [9.524041, 44.081643], [9.523892, 44.082167], [9.528539, 44.085234], [9.529159, 44.086171], [9.528909, 44.088985], [9.529503, 44.091565], [9.526571, 44.096319], [9.524066, 44.107849], [9.523079, 44.109467], [9.51875, 44.113742], [9.518004, 44.11726], [9.51743, 44.11794], [9.515437, 44.118266], [9.511651, 44.1154], [9.510677, 44.115141], [9.507505, 44.1153], [9.505489, 44.116187], [9.504419, 44.117707], [9.504434, 44.119815], [9.507843, 44.122125], [9.508241, 44.122955], [9.508021, 44.123886], [9.506577, 44.124918], [9.504087, 44.125617], [9.501791, 44.126768], [9.494017, 44.132204], [9.492228, 44.134664], [9.490794, 44.138976], [9.488262, 44.141342], [9.486732, 44.14159], [9.480549, 44.141122], [9.47471, 44.141439], [9.470825, 44.143006], [9.467726, 44.143638], [9.459564, 44.144224], [9.45, 44.143739340303746], [9.45, 44.16245915315985], [9.451121, 44.161429], [9.457901, 44.156838], [9.467473, 44.152329], [9.475307, 44.149612], [9.485986, 44.146917], [9.495243, 44.143533], [9.501029, 44.139521], [9.512342, 44.134074], [9.519981, 44.128673], [9.526485, 44.124922], [9.531134, 44.12334], [9.538221, 44.122127], [9.543761, 44.120001], [9.548908, 44.116948], [9.556941, 44.111168], [9.559289, 44.110387], [9.563394, 44.109958], [9.566445, 44.107626], [9.574735, 44.103928], [9.577295, 44.101766], [9.581268, 44.097085], [9.583074, 44.095761], [9.586088, 44.094584], [9.590259, 44.093688], [9.594285, 44.091015], [9.596171, 44.090378], [9.598565, 44.090511], [9.603283, 44.091835], [9.604873, 44.091638], [9.60484, 44.090762], [9.603063, 44.089396], [9.601346, 44.087204], [9.601392, 44.082962], [9.602973, 44.079905], [9.604733, 44.078784], [9.610583, 44.077015], [9.617757, 44.076466], [9.625835, 44.074632], [9.639449, 44.07476], [9.641803, 44.074264], [9.64502, 44.07224], [9.649312, 44.071844], [9.654901, 44.072527], [9.662108, 44.071486], [9.672599, 44.065831], [9.674032, 44.062917], [9.675762, 44.061528], [9.675846, 44.06012], [9.675015, 44.059426], [9.672363, 44.058502], [9.670889, 44.058477], [9.668554, 44.061607], [9.667076, 44.062449], [9.661995, 44.063237], [9.657719, 44.064759], [9.655345, 44.065128], [9.651449, 44.064125], [9.646395, 44.060964], [9.643831, 44.060313], [9.639818, 44.060944], [9.634381, 44.064217], [9.631232, 44.063981], [9.629473, 44.063257], [9.628214, 44.061969], [9.627748, 44.060725], [9.62803, 44.059071], [9.631365, 44.056989], [9.634958, 44.055966], [9.637441, 44.051771], [9.639553, 44.050017], [9.641938, 44.04882], [9.642916, 44.050951], [9.646574, 44.051257], [9.646452, 44.050468], [9.645603, 44.050013], [9.645915, 44.048682], [9.645228, 44.048318], [9.643115, 44.048208], [9.644953, 44.046375], [9.646571, 44.041834], [9.648356, 44.038925], [9.653559, 44.033576], [9.658004, 44.027322], [9.661794, 44.024279], [9.667722, 44.017981], [9.677753, 44.003506], [9.681903, 43.998247], [9.68836, 43.987867], [9.69457365362848, 43.98], [9.45, 43.98], [9.45, 44.03801475686185], [9.453671, 44.039396]]], [[[9.451438, 44.188426], [9.456274, 44.188241], [9.45707, 44.187678], [9.456943, 44.187142], [9.454732, 44.185508], [9.45, 44.18319008581106], [9.45, 44.18823020743906], [9.451438, 44.188426]]]]}, "properties": {"band_code": "07", "band_label": "200-500 m", "lower_depth_m": 200}}, {"type": "Feature", "geometry": {"type": "Polygon", "coordinates": [[[9.454732, 44.185508], [9.456943, 44.187142], [9.45707, 44.187678], [9.456274, 44.188241], [9.451438, 44.188426], [9.45, 44.18823020743906], [9.45, 44.20399090544518], [9.452507, 44.202564], [9.454176, 44.201401], [9.45557, 44.200348], [9.457092, 44.199637], [9.459241, 44.199032], [9.461591, 44.19848], [9.463116, 44.198184], [9.464742, 44.19787], [9.467191, 44.197209], [9.468639, 44.196642], [9.469683, 44.195753], [9.471424, 44.194355], [9.473814, 44.192719], [9.475633, 44.191555], [9.477423, 44.190066], [9.478891, 44.188958], [9.481057, 44.187521], [9.482927, 44.18652], [9.486708, 44.183613], [9.488728, 44.182701], [9.490375, 44.182025], [9.491998, 44.181566], [9.494268, 44.180616], [9.495912, 44.179633], [9.498227, 44.178069], [9.500615, 44.176397], [9.503479, 44.174649], [9.505544, 44.173285], [9.508057, 44.171558], [9.509848, 44.170249], [9.512033, 44.168378], [9.513599, 44.167125], [9.515015, 44.16598], [9.518178, 44.164213], [9.518801, 44.163921], [9.519823, 44.163447], [9.520795, 44.163008], [9.522266, 44.162297], [9.523437, 44.161749], [9.524034, 44.161385], [9.525056, 44.160893], [9.526078, 44.160454], [9.527322, 44.159726], [9.528593, 44.158997], [9.529936, 44.158196], [9.532352, 44.15692], [9.533647, 44.156263], [9.535265, 44.155298], [9.536932, 44.154296], [9.538649, 44.153186], [9.540192, 44.152293], [9.541336, 44.151601], [9.542507, 44.150999], [9.545044, 44.149415], [9.546662, 44.148486], [9.548351, 44.147285], [9.549919, 44.14641], [9.551638, 44.145571], [9.553254, 44.144533], [9.555219, 44.143367], [9.556438, 44.142584], [9.559599, 44.140924], [9.561017, 44.140104], [9.563256, 44.138792], [9.565198, 44.137753], [9.566516, 44.137023], [9.569277, 44.13542], [9.570696, 44.134654], [9.57251, 44.133452], [9.574051, 44.132523], [9.577988, 44.130912], [9.578435, 44.130603], [9.578982, 44.130275], [9.58025, 44.129528], [9.581171, 44.129035], [9.583062, 44.128031], [9.584182, 44.12752], [9.585252, 44.126954], [9.586348, 44.12646], [9.587666, 44.125713], [9.588636, 44.125184], [9.590081, 44.124616], [9.591275, 44.124013], [9.592742, 44.123193], [9.593737, 44.122664], [9.594955, 44.121916], [9.595996, 44.120954], [9.597039, 44.120243], [9.598453, 44.119188], [9.60019, 44.117896], [9.601429, 44.116788], [9.60284, 44.115443], [9.604199, 44.113919], [9.60568, 44.112051], [9.607137, 44.110399], [9.608375, 44.109218], [9.609563, 44.10811], [9.611147, 44.106548], [9.612633, 44.105275], [9.614519, 44.103946], [9.617519, 44.101527], [9.619477, 44.099981], [9.62365, 44.097465], [9.627506, 44.095709], [9.62977, 44.094702], [9.632359, 44.093694], [9.634453, 44.093049], [9.636891, 44.092042], [9.638655, 44.091002], [9.641763, 44.089466], [9.643974, 44.088297], [9.646463, 44.087289], [9.648801, 44.08621], [9.650434, 44.084791], [9.652197, 44.083751], [9.653091, 44.083204], [9.654328, 44.082095], [9.655787, 44.080804], [9.656776, 44.079859], [9.658413, 44.078783], [9.660077, 44.07778], [9.662337, 44.07661], [9.66393, 44.076005], [9.667066, 44.07483], [9.670975, 44.073523], [9.673189, 44.072697], [9.675578, 44.071779], [9.679183, 44.070221], [9.680054, 44.069909], [9.681122, 44.06936], [9.682415, 44.06881], [9.68331, 44.068389], [9.684998, 44.067457], [9.686361, 44.06651], [9.687499, 44.065546], [9.68881, 44.064436], [9.689722, 44.063436], [9.690389, 44.062728], [9.691444, 44.061222], [9.692521, 44.059373], [9.693402, 44.057833], [9.694085, 44.05651], [9.694646, 44.055369], [9.695133, 44.054318], [9.69547, 44.053305], [9.695782, 44.052274], [9.695943, 44.051117], [9.696002, 44.049907], [9.696264, 44.048803], [9.696698, 44.047573], [9.697057, 44.046324], [9.697289, 44.044896], [9.697671, 44.043449], [9.697878, 44.042003], [9.698214, 44.040899], [9.698748, 44.039668], [9.699479, 44.038164], [9.700656, 44.036423], [9.701393, 44.035443], [9.703853, 44.032375], [9.705082, 44.03076], [9.706215, 44.029507], [9.707688, 44.027511], [9.708695, 44.02615], [9.70965, 44.024626], [9.710655, 44.023139], [9.711934, 44.021541], [9.713113, 44.019999], [9.714736, 44.018038], [9.71601, 44.016097], [9.71669, 44.014612], [9.717665, 44.012709], [9.719287, 44.010712], [9.721158, 44.008605], [9.722509, 44.00688], [9.723294, 44.005755], [9.723651, 44.004435], [9.724475, 44.002515], [9.724936, 44.001483], [9.725664, 43.999816], [9.732811, 43.993605], [9.734017, 43.99264], [9.737505, 43.98828], [9.737506, 43.986987], [9.738324, 43.985567], [9.741963, 43.983984], [9.743941, 43.982093], [9.746725, 43.981129], [9.747784220285267, 43.98], [9.69457365362848, 43.98], [9.68836, 43.987867], [9.681903, 43.998247], [9.677753, 44.003506], [9.667722, 44.017981], [9.661794, 44.024279], [9.658004, 44.027322], [9.653559, 44.033576], [9.648356, 44.038925], [9.646571, 44.041834], [9.644953, 44.046375], [9.643115, 44.048208], [9.645228, 44.048318], [9.645915, 44.048682], [9.645603, 44.050013], [9.646452, 44.050468], [9.646574, 44.051257], [9.642916, 44.050951], [9.641938, 44.04882], [9.639553, 44.050017], [9.637441, 44.051771], [9.634958, 44.055966], [9.631365, 44.056989], [9.62803, 44.059071], [9.627748, 44.060725], [9.628214, 44.061969], [9.629473, 44.063257], [9.631232, 44.063981], [9.634381, 44.064217], [9.639818, 44.060944], [9.643831, 44.060313], [9.646395, 44.060964], [9.651449, 44.064125], [9.655345, 44.065128], [9.657719, 44.064759], [9.661995, 44.063237], [9.667076, 44.062449], [9.668554, 44.061607], [9.670889, 44.058477], [9.672363, 44.058502], [9.675015, 44.059426], [9.675846, 44.06012], [9.675762, 44.061528], [9.674032, 44.062917], [9.672599, 44.065831], [9.662108, 44.071486], [9.654901, 44.072527], [9.649312, 44.071844], [9.64502, 44.07224], [9.641803, 44.074264], [9.639449, 44.07476], [9.625835, 44.074632], [9.617757, 44.076466], [9.610583, 44.077015], [9.604733, 44.078784], [9.602973, 44.079905], [9.601392, 44.082962], [9.601346, 44.087204], [9.603063, 44.089396], [9.60484, 44.090762], [9.604873, 44.091638], [9.603283, 44.091835], [9.598565, 44.090511], [9.596171, 44.090378], [9.594285, 44.091015], [9.590259, 44.093688], [9.586088, 44.094584], [9.583074, 44.095761], [9.581268, 44.097085], [9.577295, 44.101766], [9.574735, 44.103928], [9.566445, 44.107626], [9.563394, 44.109958], [9.559289, 44.110387], [9.556941, 44.111168], [9.548908, 44.116948], [9.543761, 44.120001], [9.538221, 44.122127], [9.531134, 44.12334], [9.526485, 44.124922], [9.519981, 44.128673], [9.512342, 44.134074], [9.501029, 44.139521], [9.495243, 44.143533], [9.485986, 44.146917], [9.475307, 44.149612], [9.467473, 44.152329], [9.457901, 44.156838], [9.451121, 44.161429], [9.45, 44.16245915315985], [9.45, 44.18319008581106], [9.454732, 44.185508]]]}, "properties": {"band_code": "06", "band_label": "100-200 m", "lower_depth_m": 100}}, {"type": "Feature", "geometry": {"type": "Polygon", "coordinates": [[[9.746725, 43.981129], [9.743941, 43.982093], [9.741963, 43.983984], [9.738324, 43.985567], [9.737506, 43.986987], [9.737505, 43.98828], [9.734017, 43.99264], [9.732811, 43.993605], [9.725664, 43.999816], [9.724936, 44.001483], [9.724475, 44.002515], [9.723651, 44.004435], [9.723294, 44.005755], [9.722509, 44.00688], [9.721158, 44.008605], [9.719287, 44.010712], [9.717665, 44.012709], [9.71669, 44.014612], [9.71601, 44.016097], [9.714736, 44.018038], [9.713113, 44.019999], [9.711934, 44.021541], [9.710655, 44.023139], [9.70965, 44.024626], [9.708695, 44.02615], [9.707688, 44.027511], [9.706215, 44.029507], [9.705082, 44.03076], [9.703853, 44.032375], [9.701393, 44.035443], [9.700656, 44.036423], [9.699479, 44.038164], [9.698748, 44.039668], [9.698214, 44.040899], [9.697878, 44.042003], [9.697671, 44.043449], [9.697289, 44.044896], [9.697057, 44.046324], [9.696698, 44.047573], [9.696264, 44.048803], [9.696002, 44.049907], [9.695943, 44.051117], [9.695782, 44.052274], [9.69547, 44.053305], [9.695133, 44.054318], [9.694646, 44.055369], [9.694085, 44.05651], [9.693402, 44.057833], [9.692521, 44.059373], [9.691444, 44.061222], [9.690389, 44.062728], [9.689722, 44.063436], [9.68881, 44.064436], [9.687499, 44.065546], [9.686361, 44.06651], [9.684998, 44.067457], [9.68331, 44.068389], [9.682415, 44.06881], [9.681122, 44.06936], [9.680054, 44.069909], [9.679183, 44.070221], [9.675578, 44.071779], [9.673189, 44.072697], [9.670975, 44.073523], [9.667066, 44.07483], [9.66393, 44.076005], [9.662337, 44.07661], [9.660077, 44.07778], [9.658413, 44.078783], [9.656776, 44.079859], [9.655787, 44.080804], [9.654328, 44.082095], [9.653091, 44.083204], [9.652197, 44.083751], [9.650434, 44.084791], [9.648801, 44.08621], [9.646463, 44.087289], [9.643974, 44.088297], [9.641763, 44.089466], [9.638655, 44.091002], [9.636891, 44.092042], [9.634453, 44.093049], [9.632359, 44.093694], [9.62977, 44.094702], [9.627506, 44.095709], [9.62365, 44.097465], [9.619477, 44.099981], [9.617519, 44.101527], [9.614519, 44.103946], [9.612633, 44.105275], [9.611147, 44.106548], [9.609563, 44.10811], [9.608375, 44.109218], [9.607137, 44.110399], [9.60568, 44.112051], [9.604199, 44.113919], [9.60284, 44.115443], [9.601429, 44.116788], [9.60019, 44.117896], [9.598453, 44.119188], [9.597039, 44.120243], [9.595996, 44.120954], [9.594955, 44.121916], [9.593737, 44.122664], [9.592742, 44.123193], [9.591275, 44.124013], [9.590081, 44.124616], [9.588636, 44.125184], [9.587666, 44.125713], [9.586348, 44.12646], [9.585252, 44.126954], [9.584182, 44.12752], [9.583062, 44.128031], [9.581171, 44.129035], [9.58025, 44.129528], [9.578982, 44.130275], [9.578435, 44.130603], [9.577988, 44.130912], [9.574051, 44.132523], [9.57251, 44.133452], [9.570696, 44.134654], [9.569277, 44.13542], [9.566516, 44.137023], [9.565198, 44.137753], [9.563256, 44.138792], [9.561017, 44.140104], [9.559599, 44.140924], [9.556438, 44.142584], [9.555219, 44.143367], [9.553254, 44.144533], [9.551638, 44.145571], [9.549919, 44.14641], [9.548351, 44.147285], [9.546662, 44.148486], [9.545044, 44.149415], [9.542507, 44.150999], [9.541336, 44.151601], [9.540192, 44.152293], [9.538649, 44.153186], [9.536932, 44.154296], [9.535265, 44.155298], [9.533647, 44.156263], [9.532352, 44.15692], [9.529936, 44.158196], [9.528593, 44.158997], [9.527322, 44.159726], [9.526078, 44.160454], [9.525056, 44.160893], [9.524034, 44.161385], [9.523437, 44.161749], [9.522266, 44.162297], [9.520795, 44.163008], [9.519823, 44.163447], [9.518801, 44.163921], [9.518178, 44.164213], [9.515015, 44.16598], [9.513599, 44.167125], [9.512033, 44.168378], [9.509848, 44.170249], [9.508057, 44.171558], [9.505544, 44.173285], [9.503479, 44.174649], [9.500615, 44.176397], [9.498227, 44.178069], [9.495912, 44.179633], [9.494268, 44.180616], [9.491998, 44.181566], [9.490375, 44.182025], [9.488728, 44.182701], [9.486708, 44.183613], [9.482927, 44.18652], [9.481057, 44.187521], [9.478891, 44.188958], [9.477423, 44.190066], [9.475633, 44.191555], [9.473814, 44.192719], [9.471424, 44.194355], [9.469683, 44.195753], [9.468639, 44.196642], [9.467191, 44.197209], [9.464742, 44.19787], [9.463116, 44.198184], [9.461591, 44.19848], [9.459241, 44.199032], [9.457092, 44.199637], [9.45557, 44.200348], [9.454176, 44.201401], [9.452507, 44.202564], [9.45, 44.20399090544518], [9.45, 44.2326752367347], [9.452157, 44.232596], [9.453908, 44.232263], [9.456808, 44.231366], [9.459631, 44.230324], [9.46303, 44.229135], [9.466451, 44.227766], [9.470123, 44.226359], [9.472546, 44.225427], [9.475642, 44.224059], [9.478688, 44.222817], [9.482136, 44.221718], [9.485307, 44.220349], [9.489525, 44.218487], [9.491947, 44.217501], [9.495067, 44.216186], [9.496461, 44.215259], [9.498328, 44.213896], [9.500871, 44.212529], [9.504239, 44.210942], [9.506682, 44.209594], [9.509652, 44.20828], [9.512647, 44.207091], [9.515095, 44.206357], [9.518341, 44.205258], [9.520863, 44.204342], [9.523111, 44.203681], [9.525557, 44.202766], [9.527619, 44.200968], [9.530703, 44.198605], [9.533867, 44.19682], [9.53566, 44.195781], [9.538099, 44.194198], [9.540116, 44.192942], [9.540788, 44.192523], [9.54141, 44.192141], [9.542681, 44.19152], [9.544574, 44.190391], [9.545718, 44.189663], [9.547685, 44.188461], [9.549528, 44.18744], [9.550922, 44.186584], [9.553039, 44.185345], [9.554877, 44.183927], [9.556569, 44.182799], [9.558886, 44.181631], [9.560756, 44.180881], [9.562901, 44.179966], [9.563868, 44.17904], [9.565605, 44.177478], [9.567411, 44.175374], [9.56957, 44.173448], [9.572172, 44.170852], [9.574352, 44.168673], [9.57758, 44.166146], [9.579863, 44.164129], [9.582095, 44.162184], [9.584205, 44.160439], [9.586092, 44.158984], [9.588478, 44.157436], [9.590122, 44.156633], [9.594554, 44.154441], [9.594927, 44.154186], [9.595898, 44.153711], [9.598339, 44.152668], [9.599208, 44.152013], [9.600228, 44.151357], [9.601497, 44.1507], [9.603138, 44.14968], [9.604403, 44.148643], [9.605347, 44.14797], [9.606937, 44.146932], [9.608576, 44.145767], [9.609641, 44.144785], [9.611007, 44.143766], [9.612396, 44.142729], [9.613612, 44.141711], [9.614952, 44.140728], [9.616366, 44.1396], [9.617806, 44.138581], [9.620467, 44.137139], [9.622438, 44.136567], [9.624334, 44.136069], [9.626305, 44.135606], [9.628074, 44.134891], [9.629967, 44.134104], [9.631511, 44.133444], [9.633079, 44.132731], [9.635322, 44.131977], [9.636723, 44.131915], [9.637954, 44.132359], [9.639135, 44.132839], [9.640265, 44.133176], [9.641589, 44.132987], [9.643255, 44.132111], [9.644996, 44.131215], [9.64616, 44.130179], [9.647027, 44.129433], [9.648538, 44.12807], [9.650051, 44.126977], [9.651862, 44.125702], [9.653352, 44.124754], [9.654716, 44.123717], [9.656279, 44.122533], [9.658366, 44.121419], [9.662419, 44.119263], [9.663907, 44.118206], [9.665396, 44.117204], [9.66728, 44.115802], [9.669067, 44.114635], [9.670949, 44.113052], [9.673326, 44.111015], [9.675084, 44.109559], [9.676646, 44.10843], [9.677934, 44.107356], [9.679494, 44.106046], [9.681202, 44.104609], [9.683136, 44.103261], [9.685018, 44.101768], [9.686497, 44.100025], [9.688996, 44.097824], [9.691658, 44.094665], [9.693511, 44.092883], [9.694745, 44.091593], [9.697015, 44.08914], [9.697484, 44.088632], [9.698203, 44.08814], [9.699144, 44.087465], [9.700609, 44.086607], [9.701675, 44.085878], [9.702887, 44.08484], [9.703726, 44.083986], [9.704936, 44.082823], [9.705898, 44.081751], [9.707207, 44.080496], [9.708044, 44.079444], [9.708732, 44.078482], [9.709747, 44.077753], [9.710891, 44.077258], [9.71233, 44.076436], [9.713916, 44.075306], [9.71535, 44.07405], [9.716211, 44.073015], [9.71697, 44.071764], [9.717979, 44.070511], [9.719064, 44.069367], [9.720296, 44.068022], [9.721509, 44.067129], [9.722998, 44.066252], [9.724462, 44.06543], [9.725752, 44.064663], [9.727212, 44.063551], [9.728026, 44.062715], [9.729012, 44.061643], [9.729671, 44.060465], [9.730179, 44.059179], [9.730518, 44.058328], [9.731452, 44.057166], [9.732366, 44.056347], [9.735179, 44.05548], [9.738802, 44.054057], [9.74206, 44.051813], [9.743835, 44.050387], [9.747085, 44.047436], [9.750044, 44.045194], [9.753605, 44.043251], [9.755382, 44.042027], [9.756698, 44.039796], [9.758762, 44.03766], [9.761585, 44.03653], [9.763503, 44.034699], [9.764827, 44.033073], [9.765864, 44.03246], [9.767944, 44.031638], [9.768975, 44.03052], [9.769544, 44.028293], [9.771317, 44.026867], [9.774276, 44.024725], [9.778248, 44.020152], [9.780023, 44.018826], [9.7806, 44.017307], [9.781773, 44.015682], [9.784134, 44.013544], [9.785467, 44.012727], [9.7865, 44.011811], [9.787677, 44.010489], [9.7893, 44.009063], [9.790181, 44.007946], [9.792684, 44.005302], [9.794445, 44.003067], [9.796216, 44.001539], [9.798576, 43.999401], [9.799, 43.997681], [9.800463, 43.995447], [9.802536, 43.994221], [9.804755, 43.992791], [9.806519, 43.990757], [9.807844, 43.989435], [9.810278, 43.987296], [9.811442, 43.985166], [9.813069, 43.984043], [9.815442, 43.983016], [9.816172, 43.981798], [9.816904, 43.980783], [9.817542992301115, 43.98], [9.747784220285267, 43.98], [9.746725, 43.981129]]]}, "properties": {"band_code": "05", "band_label": "50-100 m", "lower_depth_m": 50}}, {"type": "Feature", "geometry": {"type": "Polygon", "coordinates": [[[9.816904, 43.980783], [9.816172, 43.981798], [9.815442, 43.983016], [9.813069, 43.984043], [9.811442, 43.985166], [9.810278, 43.987296], [9.807844, 43.989435], [9.806519, 43.990757], [9.804755, 43.992791], [9.802536, 43.994221], [9.800463, 43.995447], [9.799, 43.997681], [9.798576, 43.999401], [9.796216, 44.001539], [9.794445, 44.003067], [9.792684, 44.005302], [9.790181, 44.007946], [9.7893, 44.009063], [9.787677, 44.010489], [9.7865, 44.011811], [9.785467, 44.012727], [9.784134, 44.013544], [9.781773, 44.015682], [9.7806, 44.017307], [9.780023, 44.018826], [9.778248, 44.020152], [9.774276, 44.024725], [9.771317, 44.026867], [9.769544, 44.028293], [9.768975, 44.03052], [9.767944, 44.031638], [9.765864, 44.03246], [9.764827, 44.033073], [9.763503, 44.034699], [9.761585, 44.03653], [9.758762, 44.03766], [9.756698, 44.039796], [9.755382, 44.042027], [9.753605, 44.043251], [9.750044, 44.045194], [9.747085, 44.047436], [9.743835, 44.050387], [9.74206, 44.051813], [9.738802, 44.054057], [9.735179, 44.05548], [9.732366, 44.056347], [9.731452, 44.057166], [9.730518, 44.058328], [9.730179, 44.059179], [9.729671, 44.060465], [9.729012, 44.061643], [9.728026, 44.062715], [9.727212, 44.063551], [9.725752, 44.064663], [9.724462, 44.06543], [9.722998, 44.066252], [9.721509, 44.067129], [9.720296, 44.068022], [9.719064, 44.069367], [9.717979, 44.070511], [9.71697, 44.071764], [9.716211, 44.073015], [9.71535, 44.07405], [9.713916, 44.075306], [9.71233, 44.076436], [9.710891, 44.077258], [9.709747, 44.077753], [9.708732, 44.078482], [9.708044, 44.079444], [9.707207, 44.080496], [9.705898, 44.081751], [9.704936, 44.082823], [9.703726, 44.083986], [9.702887, 44.08484], [9.701675, 44.085878], [9.700609, 44.086607], [9.699144, 44.087465], [9.698203, 44.08814], [9.697484, 44.088632], [9.697015, 44.08914], [9.694745, 44.091593], [9.693511, 44.092883], [9.691658, 44.094665], [9.688996, 44.097824], [9.686497, 44.100025], [9.685018, 44.101768], [9.683136, 44.103261], [9.681202, 44.104609], [9.679494, 44.106046], [9.677934, 44.107356], [9.676646, 44.10843], [9.675084, 44.109559], [9.673326, 44.111015], [9.670949, 44.113052], [9.669067, 44.114635], [9.66728, 44.115802], [9.665396, 44.117204], [9.663907, 44.118206], [9.662419, 44.119263], [9.658366, 44.121419], [9.656279, 44.122533], [9.654716, 44.123717], [9.653352, 44.124754], [9.651862, 44.125702], [9.650051, 44.126977], [9.648538, 44.12807], [9.647027, 44.129433], [9.64616, 44.130179], [9.644996, 44.131215], [9.643255, 44.132111], [9.641589, 44.132987], [9.640265, 44.133176], [9.639135, 44.132839], [9.637954, 44.132359], [9.636723, 44.131915], [9.635322, 44.131977], [9.633079, 44.132731], [9.631511, 44.133444], [9.629967, 44.134104], [9.628074, 44.134891], [9.626305, 44.135606], [9.624334, 44.136069], [9.622438, 44.136567], [9.620467, 44.137139], [9.617806, 44.138581], [9.616366, 44.1396], [9.614952, 44.140728], [9.613612, 44.141711], [9.612396, 44.142729], [9.611007, 44.143766], [9.609641, 44.144785], [9.608576, 44.145767], [9.606937, 44.146932], [9.605347, 44.14797], [9.604403, 44.148643], [9.603138, 44.14968], [9.601497, 44.1507], [9.600228, 44.151357], [9.599208, 44.152013], [9.598339, 44.152668], [9.595898, 44.153711], [9.594927, 44.154186], [9.594554, 44.154441], [9.590122, 44.156633], [9.588478, 44.157436], [9.586092, 44.158984], [9.584205, 44.160439], [9.582095, 44.162184], [9.579863, 44.164129], [9.57758, 44.166146], [9.574352, 44.168673], [9.572172, 44.170852], [9.56957, 44.173448], [9.567411, 44.175374], [9.565605, 44.177478], [9.563868, 44.17904], [9.562901, 44.179966], [9.560756, 44.180881], [9.558886, 44.181631], [9.556569, 44.182799], [9.554877, 44.183927], [9.553039, 44.185345], [9.550922, 44.186584], [9.549528, 44.18744], [9.547685, 44.188461], [9.545718, 44.189663], [9.544574, 44.190391], [9.542681, 44.19152], [9.54141, 44.192141], [9.540788, 44.192523], [9.540116, 44.192942], [9.538099, 44.194198], [9.53566, 44.195781], [9.533867, 44.19682], [9.530703, 44.198605], [9.527619, 44.200968], [9.525557, 44.202766], [9.523111, 44.203681], [9.520863, 44.204342], [9.518341, 44.205258], [9.515095, 44.206357], [9.512647, 44.207091], [9.509652, 44.20828], [9.506682, 44.209594], [9.504239, 44.210942], [9.500871, 44.212529], [9.498328, 44.213896], [9.496461, 44.215259], [9.495067, 44.216186], [9.491947, 44.217501], [9.489525, 44.218487], [9.485307, 44.220349], [9.482136, 44.221718], [9.478688, 44.222817], [9.475642, 44.224059], [9.472546, 44.225427], [9.470123, 44.226359], [9.466451, 44.227766], [9.46303, 44.229135], [9.459631, 44.230324], [9.456808, 44.231366], [9.453908, 44.232263], [9.452157, 44.232596], [9.45, 44.2326752367347], [9.45, 44.2363599248], [9.450082, 44.236343], [9.45063, 44.235871], [9.451203, 44.235435], [9.452278, 44.235051], [9.453377, 44.234649], [9.454549, 44.233994], [9.455473, 44.233575], [9.457098, 44.233062], [9.458826, 44.232946], [9.460381, 44.233029], [9.461685, 44.233096], [9.462661, 44.232929], [9.463986, 44.232472], [9.465458, 44.231689], [9.46693, 44.23096], [9.468455, 44.230538], [9.470557, 44.230077], [9.472009, 44.229944], [9.473739, 44.22999], [9.475241, 44.229821], [9.477514, 44.228944], [9.47941, 44.228014], [9.481257, 44.227121], [9.482279, 44.226448], [9.48395, 44.22552], [9.485347, 44.224809], [9.487618, 44.223787], [9.490365, 44.222709], [9.492735, 44.221524], [9.495227, 44.219996], [9.496946, 44.21885], [9.498409, 44.217236], [9.5004, 44.215691], [9.501145, 44.215056], [9.503409, 44.213258], [9.505278, 44.212183], [9.507221, 44.210982], [9.508843, 44.210216], [9.510439, 44.209486], [9.512635, 44.208464], [9.515183, 44.207675], [9.517456, 44.207032], [9.519929, 44.206243], [9.524148, 44.204742], [9.526148, 44.204316], [9.527899, 44.204019], [9.53025, 44.203592], [9.532921, 44.202585], [9.535217, 44.201707], [9.537608, 44.200304], [9.539352, 44.199338], [9.540973, 44.198553], [9.543116, 44.197477], [9.543789, 44.197131], [9.544661, 44.196693], [9.545709, 44.196218], [9.547654, 44.195341], [9.548826, 44.194865], [9.550298, 44.194316], [9.551897, 44.193874], [9.553546, 44.193414], [9.555269, 44.192918], [9.556865, 44.192277], [9.558412, 44.191655], [9.559908, 44.190961], [9.560928, 44.19036], [9.561748, 44.189651], [9.562814, 44.188653], [9.563705, 44.187601], [9.564471, 44.186549], [9.564886, 44.185463], [9.565155, 44.184866], [9.565548, 44.184123], [9.566389, 44.183108], [9.567105, 44.182093], [9.567921, 44.181113], [9.569017, 44.18053], [9.570563, 44.179853], [9.572106, 44.178978], [9.573649, 44.178103], [9.574867, 44.177157], [9.575957, 44.176104], [9.57835, 44.175026], [9.580242, 44.173968], [9.582008, 44.172857], [9.583325, 44.172001], [9.585143, 44.171034], [9.586961, 44.170103], [9.58803, 44.169393], [9.589302, 44.168898], [9.590496, 44.168206], [9.591541, 44.167604], [9.59266, 44.166875], [9.593104, 44.166241], [9.593671, 44.165425], [9.594433, 44.164157], [9.595245, 44.162852], [9.595761, 44.161964], [9.596676, 44.160858], [9.597369, 44.160113], [9.598164, 44.159549], [9.598958, 44.158967], [9.600102, 44.15822], [9.600748, 44.157837], [9.602071, 44.157469], [9.602942, 44.157012], [9.604112, 44.156392], [9.604983, 44.155953], [9.60573, 44.15557], [9.606152, 44.155261], [9.606648, 44.154788], [9.607291, 44.15408], [9.607831, 44.153138], [9.608147, 44.152306], [9.608438, 44.151419], [9.608728, 44.150551], [9.609321, 44.149771], [9.609963, 44.149009], [9.610855, 44.148173], [9.611674, 44.147518], [9.612717, 44.14688], [9.614332, 44.145788], [9.616024, 44.144929], [9.617389, 44.143856], [9.618654, 44.142783], [9.620066, 44.141547], [9.621158, 44.140692], [9.621803, 44.140183], [9.623317, 44.139145], [9.624811, 44.138414], [9.626229, 44.137683], [9.628047, 44.136932], [9.629344, 44.136581], [9.631389, 44.135991], [9.633831, 44.13485], [9.633825, 44.134847], [9.633778, 44.134807], [9.633749, 44.134789], [9.633727, 44.134758], [9.633681, 44.134718], [9.633654, 44.134682], [9.633646, 44.13465], [9.633636, 44.134596], [9.633636, 44.134583], [9.633623, 44.134565], [9.633598, 44.134538], [9.633565, 44.134525], [9.633535, 44.134516], [9.633498, 44.134512], [9.633473, 44.134498], [9.633436, 44.134467], [9.633441, 44.134444], [9.633461, 44.134413], [9.633507, 44.134358], [9.633578, 44.134286], [9.633625, 44.134241], [9.633673, 44.134218], [9.633777, 44.13415], [9.63385, 44.134118], [9.633878, 44.134059], [9.633899, 44.134037], [9.633925, 44.134014], [9.63395, 44.133996], [9.633967, 44.133978], [9.63406, 44.133914], [9.634102, 44.133883], [9.634155, 44.133851], [9.634225, 44.133832], [9.634255, 44.133823], [9.634297, 44.133818], [9.634347, 44.133823], [9.634405, 44.133831], [9.634425, 44.133836], [9.634455, 44.133849], [9.634482, 44.133862], [9.634497, 44.133876], [9.634512, 44.133898], [9.634529, 44.133939], [9.634542, 44.133966], [9.634558, 44.133979], [9.634592, 44.133992], [9.634613, 44.133997], [9.634638, 44.133997], [9.634658, 44.133996], [9.634717, 44.133965], [9.634758, 44.133942], [9.634799, 44.133915], [9.634843, 44.133887], [9.634872, 44.133869], [9.634908, 44.133842], [9.634934, 44.133815], [9.634974, 44.13377], [9.63501, 44.133733], [9.63506, 44.133693], [9.635089, 44.13367], [9.635125, 44.133638], [9.635148, 44.13362], [9.635173, 44.133593], [9.635207, 44.133566], [9.635225, 44.133552], [9.635247, 44.133539], [9.63528, 44.13352], [9.635297, 44.133516], [9.635358, 44.133511], [9.63538, 44.133515], [9.635412, 44.133524], [9.635475, 44.133551], [9.635494, 44.133555], [9.635514, 44.133551], [9.63553, 44.133546], [9.63555, 44.133532], [9.63558, 44.133519], [9.635607, 44.133492], [9.635634, 44.133473], [9.63566, 44.133464], [9.635695, 44.13346], [9.637113, 44.133249], [9.638693, 44.133546], [9.640448, 44.133861], [9.641555, 44.134396], [9.64229, 44.135186], [9.643507, 44.136533], [9.645422, 44.137677], [9.646955, 44.138264], [9.648782, 44.138289], [9.650607, 44.13817], [9.65328, 44.137793], [9.656054, 44.137487], [9.658103, 44.137257], [9.66052, 44.136394], [9.66301, 44.135313], [9.665273, 44.134179], [9.667437, 44.133065], [9.670046, 44.131513], [9.672631, 44.130143], [9.67529, 44.128664], [9.676406, 44.127844], [9.678541, 44.126458], [9.680602, 44.125199], [9.682816, 44.12412], [9.68515, 44.122714], [9.687659, 44.121272], [9.689621, 44.120139], [9.692157, 44.118805], [9.693771, 44.11791], [9.695457, 44.116707], [9.697068, 44.115433], [9.699153, 44.114173], [9.702059, 44.112547], [9.703922, 44.111469], [9.705783, 44.110338], [9.707069, 44.109155], [9.70838, 44.107973], [9.709642, 44.106936], [9.710932, 44.106096], [9.711572, 44.105316], [9.713758, 44.104127], [9.714851, 44.103561], [9.715919, 44.102994], [9.719227, 44.101545], [9.72109, 44.100539], [9.723325, 44.099387], [9.725934, 44.098051], [9.72847, 44.096932], [9.73016, 44.096181], [9.731947, 44.095121], [9.734057, 44.093969], [9.73537, 44.093021], [9.736459, 44.092147], [9.73742, 44.091039], [9.738382, 44.090093], [9.739347, 44.089328], [9.739973, 44.089342], [9.741022, 44.089281], [9.742643, 44.088981], [9.743934, 44.088322], [9.745241, 44.086922], [9.746402, 44.085867], [9.747685, 44.084558], [9.749494, 44.083408], [9.751931, 44.082379], [9.754365, 44.081189], [9.756976, 44.080159], [9.759658, 44.078858], [9.763055, 44.076776], [9.766332, 44.075109], [9.768974, 44.072725], [9.771868, 44.070538], [9.77448, 44.069652], [9.777418, 44.068765], [9.779731, 44.067989], [9.781016, 44.066933], [9.780926, 44.065778], [9.780909, 44.064604], [9.782262, 44.063005], [9.785036, 44.061215], [9.786542, 44.059904], [9.787521, 44.058453], [9.788749, 44.056927], [9.789504, 44.055458], [9.789932, 44.053975], [9.790009, 44.052295], [9.79011, 44.05056], [9.790781, 44.048533], [9.792351, 44.046499], [9.793354, 44.044993], [9.794341, 44.044065], [9.795947, 44.042807], [9.797771, 44.041024], [9.798114, 44.040606], [9.798922, 44.039426], [9.799835, 44.038589], [9.800972, 44.037786], [9.801467, 44.037439], [9.802491, 44.03568], [9.80424, 44.033951], [9.805991, 44.032331], [9.807366, 44.030714], [9.809328, 44.029923], [9.811441, 44.029185], [9.813353, 44.028448], [9.815911, 44.027436], [9.818067, 44.026246], [9.818694, 44.02467], [9.819026, 44.023421], [9.818831, 44.02205], [9.818901, 44.020028], [9.819344, 44.017821], [9.819838, 44.015705], [9.82079, 44.014217], [9.821793, 44.012746], [9.822475, 44.011622], [9.823608, 44.010529], [9.824686, 44.009077], [9.826084, 44.007368], [9.827786, 44.005929], [9.829413, 44.004544], [9.831331, 44.002507], [9.834188, 43.999903], [9.836277, 43.997593], [9.837828, 43.996119], [9.838757, 43.994847], [9.839985, 43.993447], [9.840376, 43.992885], [9.841179, 43.99147], [9.841785, 43.990292], [9.8426, 43.989671], [9.844261, 43.987257], [9.845658, 43.985512], [9.846858, 43.984022], [9.848602, 43.982094], [9.849897, 43.980278], [9.850157472140765, 43.98], [9.817542992301115, 43.98], [9.816904, 43.980783]]]}, "properties": {"band_code": "04", "band_label": "30-50 m", "lower_depth_m": 30}}, {"type": "Feature", "geometry": {"type": "Polygon", "coordinates": [[[9.849897, 43.980278], [9.848602, 43.982094], [9.846858, 43.984022], [9.845658, 43.985512], [9.844261, 43.987257], [9.8426, 43.989671], [9.841785, 43.990292], [9.841179, 43.99147], [9.840376, 43.992885], [9.839985, 43.993447], [9.838757, 43.994847], [9.837828, 43.996119], [9.836277, 43.997593], [9.834188, 43.999903], [9.831331, 44.002507], [9.829413, 44.004544], [9.827786, 44.005929], [9.826084, 44.007368], [9.824686, 44.009077], [9.823608, 44.010529], [9.822475, 44.011622], [9.821793, 44.012746], [9.82079, 44.014217], [9.819838, 44.015705], [9.819344, 44.017821], [9.818901, 44.020028], [9.818831, 44.02205], [9.819026, 44.023421], [9.818694, 44.02467], [9.818067, 44.026246], [9.815911, 44.027436], [9.813353, 44.028448], [9.811441, 44.029185], [9.809328, 44.029923], [9.807366, 44.030714], [9.805991, 44.032331], [9.80424, 44.033951], [9.802491, 44.03568], [9.801467, 44.037439], [9.800972, 44.037786], [9.799835, 44.038589], [9.798922, 44.039426], [9.798114, 44.040606], [9.797771, 44.041024], [9.795947, 44.042807], [9.794341, 44.044065], [9.793354, 44.044993], [9.792351, 44.046499], [9.790781, 44.048533], [9.79011, 44.05056], [9.790009, 44.052295], [9.789932, 44.053975], [9.789504, 44.055458], [9.788749, 44.056927], [9.787521, 44.058453], [9.786542, 44.059904], [9.785036, 44.061215], [9.782262, 44.063005], [9.780909, 44.064604], [9.780926, 44.065778], [9.781016, 44.066933], [9.779731, 44.067989], [9.777418, 44.068765], [9.77448, 44.069652], [9.771868, 44.070538], [9.768974, 44.072725], [9.766332, 44.075109], [9.763055, 44.076776], [9.759658, 44.078858], [9.756976, 44.080159], [9.754365, 44.081189], [9.751931, 44.082379], [9.749494, 44.083408], [9.747685, 44.084558], [9.746402, 44.085867], [9.745241, 44.086922], [9.743934, 44.088322], [9.742643, 44.088981], [9.741022, 44.089281], [9.739973, 44.089342], [9.739347, 44.089328], [9.738382, 44.090093], [9.73742, 44.091039], [9.736459, 44.092147], [9.73537, 44.093021], [9.734057, 44.093969], [9.731947, 44.095121], [9.73016, 44.096181], [9.72847, 44.096932], [9.725934, 44.098051], [9.723325, 44.099387], [9.72109, 44.100539], [9.719227, 44.101545], [9.715919, 44.102994], [9.714851, 44.103561], [9.713758, 44.104127], [9.711572, 44.105316], [9.710932, 44.106096], [9.709642, 44.106936], [9.70838, 44.107973], [9.707069, 44.109155], [9.705783, 44.110338], [9.703922, 44.111469], [9.702059, 44.112547], [9.699153, 44.114173], [9.697068, 44.115433], [9.695457, 44.116707], [9.693771, 44.11791], [9.692157, 44.118805], [9.689621, 44.120139], [9.687659, 44.121272], [9.68515, 44.122714], [9.682816, 44.12412], [9.680602, 44.125199], [9.678541, 44.126458], [9.676406, 44.127844], [9.67529, 44.128664], [9.672631, 44.130143], [9.670046, 44.131513], [9.667437, 44.133065], [9.665273, 44.134179], [9.66301, 44.135313], [9.66052, 44.136394], [9.658103, 44.137257], [9.656054, 44.137487], [9.65328, 44.137793], [9.650607, 44.13817], [9.648782, 44.138289], [9.646955, 44.138264], [9.645422, 44.137677], [9.643507, 44.136533], [9.64229, 44.135186], [9.641555, 44.134396], [9.640448, 44.133861], [9.638693, 44.133546], [9.637113, 44.133249], [9.635695, 44.13346], [9.635767, 44.133491], [9.6358, 44.133513], [9.635817, 44.133549], [9.63583, 44.13358], [9.635861, 44.13363], [9.635872, 44.133688], [9.635891, 44.133724], [9.635907, 44.133744], [9.637471, 44.133861], [9.638949, 44.134051], [9.640085, 44.134947], [9.641123, 44.13597], [9.641935, 44.136976], [9.642944, 44.137692], [9.643977, 44.1383], [9.645135, 44.138889], [9.646095, 44.139624], [9.647231, 44.14052], [9.648215, 44.141164], [9.649222, 44.141682], [9.650199, 44.141766], [9.651546, 44.141451], [9.652743, 44.141046], [9.654667, 44.140818], [9.656696, 44.14095], [9.657748, 44.141088], [9.659253, 44.14135], [9.660555, 44.141396], [9.662455, 44.141258], [9.664528, 44.140883], [9.666419, 44.140023], [9.66769, 44.139546], [9.669585, 44.138974], [9.671457, 44.13862], [9.672602, 44.138125], [9.673815, 44.137052], [9.674852, 44.135817], [9.675415, 44.134802], [9.676199, 44.133425], [9.678705, 44.131694], [9.680591, 44.130454], [9.683027, 44.129084], [9.68556, 44.127605], [9.68867, 44.126177], [9.690358, 44.125065], [9.691846, 44.124044], [9.692637, 44.123262], [9.693272, 44.122066], [9.695331, 44.120645], [9.699289, 44.11903], [9.701403, 44.118059], [9.703214, 44.116855], [9.704881, 44.11614], [9.706874, 44.115513], [9.708092, 44.114927], [9.709227, 44.11371], [9.710041, 44.112766], [9.71073, 44.111858], [9.711344, 44.110987], [9.713349, 44.109331], [9.713843, 44.108894], [9.714634, 44.10813], [9.716442, 44.106728], [9.717187, 44.10629], [9.718525, 44.105342], [9.72009, 44.104537], [9.721282, 44.103861], [9.722896, 44.102929], [9.724437, 44.102233], [9.725929, 44.10159], [9.727198, 44.101022], [9.728837, 44.10018], [9.730054, 44.09954], [9.731642, 44.098554], [9.73453, 44.097588], [9.735068, 44.097383], [9.735811, 44.096697], [9.736191, 44.096119], [9.736696, 44.095613], [9.73707, 44.094926], [9.737375, 44.09452], [9.737581, 44.094086], [9.737536, 44.093599], [9.73751, 44.093062], [9.737584, 44.09276], [9.737852, 44.092254], [9.738114, 44.091852], [9.738469, 44.091491], [9.738825, 44.091197], [9.739324, 44.090916], [9.739862, 44.090812], [9.740674, 44.090748], [9.741143, 44.090878], [9.7415, 44.090986], [9.742162, 44.091035], [9.742681, 44.091003], [9.743381, 44.090822], [9.743943, 44.090469], [9.744636, 44.090238], [9.746085, 44.089555], [9.746578, 44.089324], [9.747196, 44.089062], [9.747821, 44.088714], [9.748445, 44.088343], [9.749231, 44.087918], [9.749799, 44.087511], [9.750492, 44.08709], [9.751079, 44.086733], [9.751503, 44.086435], [9.752009, 44.086091], [9.75237, 44.085793], [9.752732, 44.085576], [9.752982, 44.085381], [9.753319, 44.085259], [9.753519, 44.085033], [9.754287, 44.084716], [9.75503, 44.084404], [9.755648, 44.084123], [9.756584, 44.083734], [9.757271, 44.083381], [9.757695, 44.082952], [9.757757, 44.082577], [9.757887, 44.082239], [9.758124, 44.08204], [9.758518, 44.08208], [9.75895, 44.082215], [9.759318, 44.082264], [9.759812, 44.082272], [9.760493, 44.082262], [9.760993, 44.082131], [9.761643, 44.081909], [9.762123, 44.081638], [9.762672, 44.081335], [9.763278, 44.081027], [9.763921, 44.080688], [9.764494, 44.080217], [9.764844, 44.079888], [9.765393, 44.079788], [9.76575, 44.079873], [9.766125, 44.080053], [9.766526, 44.080237], [9.766939, 44.080322], [9.767263, 44.080196], [9.767743, 44.079771], [9.768186, 44.079351], [9.768347, 44.078913], [9.768227, 44.078389], [9.76822, 44.077897], [9.768219, 44.077667], [9.768431, 44.077437], [9.769005, 44.077183], [9.769397, 44.076637], [9.769716, 44.076415], [9.770109, 44.076207], [9.770427, 44.075836], [9.770857, 44.075574], [9.771369, 44.075352], [9.771843, 44.07518], [9.772337, 44.075022], [9.772942, 44.074881], [9.773566, 44.074555], [9.774047, 44.074306], [9.774521, 44.073971], [9.775127, 44.073695], [9.775669, 44.073433], [9.775843, 44.073062], [9.776068, 44.072778], [9.776242, 44.072484], [9.776641, 44.072326], [9.777197, 44.072226], [9.777622, 44.072202], [9.778059, 44.072008], [9.778576, 44.071628], [9.779088, 44.071217], [9.779712, 44.070995], [9.780086, 44.070723], [9.780948, 44.070411], [9.781328, 44.07032], [9.781666, 44.0704], [9.782079, 44.070553], [9.782711, 44.070634], [9.783354, 44.070578], [9.784016, 44.070578], [9.784885, 44.070472], [9.785765, 44.070367], [9.786396, 44.07005], [9.786888, 44.069612], [9.78693, 44.069219], [9.787035, 44.068678], [9.787184, 44.068199], [9.787495, 44.067693], [9.787781, 44.067363], [9.788148, 44.066947], [9.788772, 44.066509], [9.789177, 44.066206], [9.789969, 44.065505], [9.790286, 44.065139], [9.790841, 44.0647], [9.791908, 44.06432], [9.792363, 44.063935], [9.793605, 44.063563], [9.794255, 44.063341], [9.795079, 44.063168], [9.79576, 44.063073], [9.79654, 44.062959], [9.797733, 44.062803], [9.798308, 44.062775], [9.799051, 44.062643], [9.799775, 44.062497], [9.800487, 44.062307], [9.800805, 44.061914], [9.801122, 44.06162], [9.801672, 44.061511], [9.802378, 44.061509], [9.802853, 44.061572], [9.803178, 44.061783], [9.803629, 44.061904], [9.804391, 44.062066], [9.804986, 44.062223], [9.805473, 44.062371], [9.806079, 44.062401], [9.806579, 44.062242], [9.807302, 44.061957], [9.807945, 44.06173], [9.808682, 44.061408], [9.80968, 44.060987], [9.810028, 44.060612], [9.810458, 44.060115], [9.810956, 44.059663], [9.811261, 44.059414], [9.812023, 44.059309], [9.812598, 44.059254], [9.813254, 44.059194], [9.814028, 44.05903], [9.81459, 44.058907], [9.815133, 44.058744], [9.815701, 44.058553], [9.815975, 44.058458], [9.816362, 44.058295], [9.816668, 44.058163], [9.816836, 44.058077], [9.81741, 44.057828], [9.817915, 44.05766], [9.818546, 44.057528], [9.819095, 44.057342], [9.8195, 44.057003], [9.819655, 44.056565], [9.819597, 44.056204], [9.819877, 44.055752], [9.820069, 44.055296], [9.820541, 44.054727], [9.820927, 44.054333], [9.821532, 44.053953], [9.822037, 44.053591], [9.822835, 44.05326], [9.823465, 44.052925], [9.824345, 44.05254], [9.825286, 44.052123], [9.826109, 44.051706], [9.827026, 44.051136], [9.827437, 44.050779], [9.827473, 44.050454], [9.827384, 44.050016], [9.827395, 44.049624], [9.827512, 44.049316], [9.827936, 44.049022], [9.82846, 44.048814], [9.829189, 44.048393], [9.829769, 44.047958], [9.830368, 44.047691], [9.830966, 44.047491], [9.831609, 44.047395], [9.832459, 44.047416], [9.832709, 44.047375], [9.832514, 44.047136], [9.832464, 44.04692], [9.832868, 44.04663], [9.832936, 44.046355], [9.832998, 44.04612], [9.833103, 44.045845], [9.833407, 44.045447], [9.83365, 44.045054], [9.833904, 44.044652], [9.83419, 44.044308], [9.834638, 44.043856], [9.834981, 44.043576], [9.835447, 44.043187], [9.835796, 44.042874], [9.8362, 44.042445], [9.836287, 44.042129], [9.836498, 44.041831], [9.836897, 44.041541], [9.837539, 44.041174], [9.838043, 44.040726], [9.83821, 44.040275], [9.838315, 44.040035], [9.838632, 44.039696], [9.838781, 44.039434], [9.83896, 44.038956], [9.83914, 44.038635], [9.839471, 44.038539], [9.840014, 44.038529], [9.840489, 44.038596], [9.84127, 44.038635], [9.841819, 44.038666], [9.842013, 44.038566], [9.841756, 44.038336], [9.84163, 44.03807], [9.841566, 44.037759], [9.841797, 44.037542], [9.842158, 44.037307], [9.842538, 44.037134], [9.842869, 44.036962], [9.842942, 44.036705], [9.84271, 44.036249], [9.842752, 44.035803], [9.84295, 44.035536], [9.843393, 44.035219], [9.84381, 44.034893], [9.843745, 44.034388], [9.844006, 44.03404], [9.844274, 44.0338], [9.84461, 44.033646], [9.845066, 44.033492], [9.84559, 44.033378], [9.84579, 44.033382], [9.845589, 44.033148], [9.845376, 44.032959], [9.845144, 44.032774], [9.845206, 44.032548], [9.845429, 44.032318], [9.845866, 44.032177], [9.846253, 44.03219], [9.846454, 44.032374], [9.846624, 44.032667], [9.846886, 44.032685], [9.847279, 44.032634], [9.847598, 44.032634], [9.847979, 44.032845], [9.8481, 44.033206], [9.848126, 44.033571], [9.848021, 44.033874], [9.848004, 44.03428], [9.84813, 44.034497], [9.848512, 44.034884], [9.849126, 44.035329], [9.849621, 44.035662], [9.850329, 44.036252], [9.850805, 44.036666], [9.85138, 44.036832], [9.852036, 44.036831], [9.852854, 44.036761], [9.853672, 44.036674], [9.854515, 44.036686], [9.855083, 44.036712], [9.855334, 44.036986], [9.855592, 44.037306], [9.856123, 44.03754], [9.856717, 44.037701], [9.857735, 44.037694], [9.858453, 44.037638], [9.858914, 44.037308], [9.859393, 44.036928], [9.859797, 44.036291], [9.859914, 44.035957], [9.860055, 44.035437], [9.860091, 44.035], [9.859908, 44.03449], [9.859599, 44.033904], [9.859604, 44.033615], [9.859897, 44.033366], [9.860221, 44.033217], [9.860926, 44.033026], [9.861699, 44.032816], [9.862585, 44.032566], [9.863726, 44.032203], [9.864749, 44.031817], [9.865685, 44.031612], [9.866833, 44.031438], [9.867381, 44.031161], [9.867748, 44.030718], [9.868326, 44.030076], [9.86899, 44.029276], [9.869338, 44.028873], [9.869942, 44.028416], [9.870527, 44.027878], [9.871005, 44.027299], [9.871459, 44.026829], [9.871807, 44.026598], [9.871957, 44.026453], [9.872355, 44.026177], [9.872604, 44.026028], [9.872723, 44.025923], [9.87281, 44.025878], [9.873058, 44.025638], [9.873469, 44.025236], [9.873723, 44.024906], [9.87409, 44.024472], [9.874737, 44.024005], [9.875522, 44.023543], [9.875907, 44.023204], [9.876111, 44.022766], [9.875941, 44.022405], [9.875803, 44.022184], [9.875533, 44.021883], [9.875238, 44.021572], [9.874937, 44.021315], [9.874587, 44.02105], [9.87433, 44.020847], [9.874029, 44.020559], [9.873853, 44.020253], [9.873758, 44.019901], [9.873899, 44.019503], [9.874154, 44.019241], [9.874478, 44.019015], [9.87505, 44.018643], [9.875599, 44.018376], [9.876384, 44.018022], [9.877443, 44.017505], [9.878147, 44.017165], [9.878995, 44.016847], [9.879948, 44.016498], [9.880415, 44.016158], [9.880545, 44.015869], [9.880443, 44.015495], [9.880285, 44.015179], [9.879872, 44.014909], [9.87954, 44.014504], [9.879462, 44.014044], [9.879511, 44.013719], [9.879772, 44.013529], [9.880196, 44.013243], [9.880907, 44.013174], [9.881768, 44.013127], [9.882548, 44.012994], [9.883465, 44.01282], [9.88425, 44.012548], [9.885066, 44.012207], [9.885496, 44.011854], [9.885955, 44.011352], [9.886296, 44.010801], [9.886574, 44.010272], [9.886897, 44.00978], [9.887032, 44.009351], [9.887274, 44.008885], [9.887602, 44.008478], [9.88795, 44.007999], [9.888365, 44.007457], [9.888849, 44.006657], [9.889153, 44.006259], [9.889463, 44.005807], [9.889766, 44.005368], [9.889957, 44.004831], [9.890049, 44.004397], [9.890109, 44.00382], [9.890206, 44.003273], [9.890483, 44.002501], [9.891005, 44.002039], [9.891254, 44.001827], [9.891727, 44.001532], [9.892375, 44.001359], [9.893149, 44.001384], [9.893849, 44.001459], [9.894349, 44.001612], [9.894768, 44.001741], [9.89533, 44.001821], [9.895766, 44.001761], [9.89614, 44.001576], [9.896632, 44.001263], [9.896923, 44.000915], [9.897084, 44.000585], [9.897363, 44.000219], [9.897617, 43.999794], [9.897702, 43.999288], [9.897881, 43.998918], [9.898466, 43.998632], [9.899021, 43.9985], [9.899595, 43.998358], [9.9, 43.998247360902255], [9.9, 43.98], [9.850157472140765, 43.98], [9.849897, 43.980278]], [[9.851909, 44.02234], [9.852135, 44.022741], [9.852274, 44.023012], [9.852456, 44.023332], [9.852713, 44.023544], [9.853057, 44.023777], [9.853326, 44.02389], [9.853651, 44.024047], [9.854152, 44.024276], [9.854477, 44.024451], [9.854766, 44.024767], [9.855073, 44.0251], [9.855349, 44.025361], [9.855606, 44.025686], [9.855995, 44.026059], [9.856352, 44.026352], [9.856615, 44.026554], [9.856804, 44.026897], [9.85688, 44.027208], [9.856794, 44.027556], [9.856709, 44.028007], [9.856685, 44.02826], [9.856649, 44.028585], [9.856706, 44.028833], [9.856826, 44.029113], [9.856833, 44.029302], [9.856746, 44.029415], [9.856558, 44.029465], [9.85634, 44.029524], [9.856053, 44.029557], [9.855772, 44.029503], [9.855609, 44.029413], [9.855515, 44.029242], [9.855345, 44.029102], [9.855038, 44.02871], [9.854894, 44.028562], [9.854775, 44.028431], [9.854362, 44.02827], [9.854056, 44.028239], [9.853562, 44.028199], [9.853288, 44.028227], [9.852926, 44.028268], [9.852501, 44.02835], [9.85194, 44.028487], [9.851459, 44.028573], [9.85091, 44.028746], [9.850486, 44.028896], [9.850137, 44.029018], [9.849788, 44.029177], [9.849514, 44.029372], [9.849321, 44.029557], [9.848948, 44.029729], [9.848679, 44.029798], [9.848342, 44.029834], [9.848042, 44.029853], [9.847749, 44.029827], [9.847455, 44.029705], [9.847223, 44.02953], [9.847091, 44.02916], [9.847108, 44.028758], [9.847182, 44.028551], [9.847231, 44.028307], [9.847236, 44.028077], [9.847185, 44.027851], [9.847172, 44.027607], [9.84732, 44.027327], [9.847369, 44.027016], [9.847443, 44.026763], [9.847535, 44.026433], [9.847747, 44.026149], [9.848033, 44.025819], [9.848332, 44.025633], [9.848706, 44.025456], [9.849055, 44.025361], [9.849466, 44.025193], [9.849641, 44.025111], [9.849852, 44.024953], [9.850045, 44.024704], [9.850156, 44.024375], [9.85018, 44.024113], [9.850191, 44.02382], [9.850178, 44.023567], [9.850208, 44.023364], [9.850326, 44.023147], [9.8505, 44.022993], [9.850674, 44.022812], [9.850723, 44.022514], [9.85076, 44.022311], [9.850821, 44.022049], [9.85092, 44.021832], [9.851176, 44.02176], [9.851513, 44.021881], [9.851851, 44.022071], [9.851909, 44.02234]]]}, "properties": {"band_code": "03", "band_label": "20-30 m", "lower_depth_m": 20}}, {"type": "Feature", "geometry": {"type": "Polygon", "coordinates": [[[9.83313, 44.048179], [9.833194, 44.048219], [9.833243, 44.048264], [9.833281, 44.048304], [9.833316, 44.048335], [9.833344, 44.048362], [9.833362, 44.048389], [9.833413, 44.048452], [9.833437, 44.04851], [9.833464, 44.048577], [9.833489, 44.048627], [9.833528, 44.048667], [9.833574, 44.048703], [9.833632, 44.048738], [9.83367, 44.048774], [9.833749, 44.048845], [9.8338, 44.048899], [9.833854, 44.049011], [9.833929, 44.04911], [9.833994, 44.049159], [9.834068, 44.049239], [9.834119, 44.049306], [9.834176, 44.049369], [9.834226, 44.049445], [9.834251, 44.049508], [9.834274, 44.049566], [9.834306, 44.049624], [9.834354, 44.049705], [9.834416, 44.049795], [9.834459, 44.049853], [9.834507, 44.049938], [9.834547, 44.050001], [9.834609, 44.050077], [9.834685, 44.050121], [9.834733, 44.050166], [9.834809, 44.050202], [9.834864, 44.05021], [9.834946, 44.050219], [9.835018, 44.050223], [9.835092, 44.050217], [9.835155, 44.050204], [9.835219, 44.050181], [9.835276, 44.050153], [9.835338, 44.05013], [9.835411, 44.050098], [9.835494, 44.050075], [9.835585, 44.050052], [9.835652, 44.050042], [9.835707, 44.050046], [9.835763, 44.050055], [9.835845, 44.050086], [9.835917, 44.050126], [9.835998, 44.050193], [9.83605, 44.050237], [9.836106, 44.050314], [9.836134, 44.050363], [9.836168, 44.050412], [9.83622, 44.050466], [9.836258, 44.050493], [9.836318, 44.050528], [9.836357, 44.050559], [9.836409, 44.050622], [9.836422, 44.050653], [9.836403, 44.050676], [9.836387, 44.05069], [9.836381, 44.05069], [9.83637, 44.050681], [9.836291, 44.050717], [9.835795, 44.050235], [9.834844, 44.050575], [9.834884, 44.050642], [9.834781, 44.050679], [9.834782, 44.050724], [9.834796, 44.050755], [9.834836, 44.0508], [9.834874, 44.050836], [9.834912, 44.050885], [9.834951, 44.050984], [9.835004, 44.051064], [9.835032, 44.051118], [9.835069, 44.051176], [9.835112, 44.051235], [9.835141, 44.051302], [9.835254, 44.051315], [9.835491, 44.051187], [9.835593, 44.051276], [9.835274, 44.051472], [9.835309, 44.051512], [9.835274, 44.051535], [9.83524, 44.051544], [9.835213, 44.051572], [9.835194, 44.051608], [9.835177, 44.051635], [9.835179, 44.051666], [9.835182, 44.051671], [9.835212, 44.051671], [9.83532, 44.051683], [9.835299, 44.051683], [9.835267, 44.051702], [9.835259, 44.051706], [9.835259, 44.05172], [9.835256, 44.051738], [9.835257, 44.051742], [9.835269, 44.051756], [9.835297, 44.05176], [9.835316, 44.051769], [9.83534, 44.051769], [9.83536, 44.051755], [9.835394, 44.051741], [9.8354, 44.051737], [9.835429, 44.051728], [9.835439, 44.051718], [9.835459, 44.051709], [9.835492, 44.0517], [9.835509, 44.051695], [9.835532, 44.051695], [9.835562, 44.051709], [9.835588, 44.051708], [9.836258, 44.051424], [9.83648, 44.051639], [9.836737, 44.051511], [9.836477, 44.051234], [9.83657, 44.051193], [9.836857, 44.05151], [9.836621, 44.05166], [9.836576, 44.051688], [9.836548, 44.051706], [9.836578, 44.051733], [9.836623, 44.051732], [9.836658, 44.051741], [9.836716, 44.051763], [9.836745, 44.051772], [9.836763, 44.051776], [9.836788, 44.051776], [9.836852, 44.051812], [9.836918, 44.051856], [9.836953, 44.051914], [9.837006, 44.051959], [9.837075, 44.052031], [9.837161, 44.052116], [9.837278, 44.052259], [9.837298, 44.052295], [9.83733, 44.052357], [9.837382, 44.052443], [9.837396, 44.052514], [9.8374, 44.052573], [9.837407, 44.052676], [9.837385, 44.052749], [9.837388, 44.052866], [9.837393, 44.053109], [9.837393, 44.053185], [9.837394, 44.053271], [9.837397, 44.053343], [9.837426, 44.05346], [9.837436, 44.053514], [9.837458, 44.053612], [9.837503, 44.053707], [9.837544, 44.053846], [9.837581, 44.053949], [9.837609, 44.054007], [9.837657, 44.054192], [9.837712, 44.054326], [9.837689, 44.054394], [9.837669, 44.054493], [9.837671, 44.054561], [9.837661, 44.054633], [9.837644, 44.0547], [9.837642, 44.05479], [9.837649, 44.054849], [9.837675, 44.054912], [9.837739, 44.054979], [9.837782, 44.055037], [9.837847, 44.055104], [9.837906, 44.055171], [9.83796, 44.055229], [9.838052, 44.055337], [9.838122, 44.055426], [9.83819, 44.055493], [9.838255, 44.055547], [9.838299, 44.05556], [9.838372, 44.055573], [9.838449, 44.05559], [9.838515, 44.055626], [9.838589, 44.055648], [9.838654, 44.055665], [9.838743, 44.055683], [9.838797, 44.055705], [9.838853, 44.055731], [9.83889, 44.055758], [9.838929, 44.055803], [9.838986, 44.055861], [9.83903, 44.055937], [9.839054, 44.055996], [9.839041, 44.056077], [9.839027, 44.056108], [9.839017, 44.056126], [9.839031, 44.056158], [9.839056, 44.056167], [9.839094, 44.056207], [9.839099, 44.056315], [9.839122, 44.056405], [9.839127, 44.05645], [9.839129, 44.056549], [9.839114, 44.056612], [9.839111, 44.056657], [9.8391, 44.056738], [9.839099, 44.056787], [9.839113, 44.056859], [9.839105, 44.056945], [9.839095, 44.057008], [9.839097, 44.057071], [9.839099, 44.057134], [9.839097, 44.057193], [9.83909, 44.057251], [9.839075, 44.057296], [9.839071, 44.057422], [9.839295, 44.057596], [9.839485, 44.05746], [9.839546, 44.057509], [9.839355, 44.057659], [9.839434, 44.057744], [9.839497, 44.057766], [9.839552, 44.057792], [9.839565, 44.057801], [9.839627, 44.057832], [9.839673, 44.05785], [9.839728, 44.057868], [9.839795, 44.057876], [9.83989, 44.05788], [9.839953, 44.057889], [9.840034, 44.057888], [9.840132, 44.057896], [9.840153, 44.057892], [9.840287, 44.057918], [9.840405, 44.057939], [9.840506, 44.057948], [9.840549, 44.057862], [9.840677, 44.057897], [9.840655, 44.057955], [9.840714, 44.057991], [9.840759, 44.058027], [9.840818, 44.058071], [9.840852, 44.058103], [9.840894, 44.058129], [9.840934, 44.05816], [9.840986, 44.058214], [9.841054, 44.058268], [9.841119, 44.05833], [9.841204, 44.058406], [9.841337, 44.058549], [9.841387, 44.058648], [9.841422, 44.058684], [9.841477, 44.058733], [9.841517, 44.058782], [9.841542, 44.058813], [9.841626, 44.058871], [9.841687, 44.058911], [9.841719, 44.058929], [9.841777, 44.058965], [9.841829, 44.058987], [9.841913, 44.059022], [9.841926, 44.059035], [9.841989, 44.059071], [9.842063, 44.059125], [9.842142, 44.05916], [9.842216, 44.059195], [9.842332, 44.059249], [9.842409, 44.059284], [9.842513, 44.059288], [9.842551, 44.059305], [9.842651, 44.059314], [9.842721, 44.059318], [9.842788, 44.059299], [9.842871, 44.05929], [9.842961, 44.059262], [9.843121, 44.059211], [9.843215, 44.05917], [9.84391, 44.058733], [9.843954, 44.058557], [9.844167, 44.058456], [9.844147, 44.058398], [9.844833, 44.058105], [9.844921, 44.058158], [9.845348, 44.057984], [9.845513, 44.057947], [9.845562, 44.057942], [9.845628, 44.057932], [9.845715, 44.057918], [9.845807, 44.057913], [9.845927, 44.057894], [9.846083, 44.057879], [9.846217, 44.057865], [9.846242, 44.05786], [9.846304, 44.057855], [9.846349, 44.057855], [9.846412, 44.057864], [9.846514, 44.057894], [9.84663, 44.057938], [9.846763, 44.057996], [9.846892, 44.058045], [9.846989, 44.058098], [9.847082, 44.058138], [9.847206, 44.058177], [9.847308, 44.058231], [9.847366, 44.058217], [9.847571, 44.058197], [9.847668, 44.058201], [9.847726, 44.058223], [9.847815, 44.058245], [9.84795, 44.058284], [9.848093, 44.058324], [9.848202, 44.058341], [9.848291, 44.058313], [9.848381, 44.058272], [9.848418, 44.058267], [9.848672, 44.058369], [9.848765, 44.0584], [9.848985, 44.058488], [9.849179, 44.058559], [9.849352, 44.058616], [9.849477, 44.05866], [9.84955, 44.058754], [9.849579, 44.058803], [9.849634, 44.058844], [9.849713, 44.058879], [9.849773, 44.058928], [9.849909, 44.05908], [9.849973, 44.059174], [9.850083, 44.059313], [9.850135, 44.059398], [9.850245, 44.059523], [9.850316, 44.059554], [9.850488, 44.059589], [9.850598, 44.059633], [9.850717, 44.059691], [9.850852, 44.059739], [9.851057, 44.05981], [9.851177, 44.059863], [9.851295, 44.059921], [9.851524, 44.060045], [9.851655, 44.060098], [9.851722, 44.060088], [9.851795, 44.060097], [9.851855, 44.060128], [9.851867, 44.060227], [9.851845, 44.060281], [9.851841, 44.06038], [9.851847, 44.060434], [9.851877, 44.060564], [9.851922, 44.060686], [9.851988, 44.060789], [9.852083, 44.060919], [9.852105, 44.060999], [9.85212, 44.061098], [9.852115, 44.061112], [9.852083, 44.061144], [9.852012, 44.061194], [9.85198, 44.061279], [9.852, 44.061351], [9.852041, 44.061477], [9.852066, 44.061558], [9.852134, 44.06162], [9.852242, 44.061678], [9.852358, 44.061722], [9.852443, 44.061744], [9.852514, 44.061775], [9.852545, 44.061797], [9.852538, 44.061838], [9.852568, 44.061892], [9.852608, 44.061914], [9.852655, 44.061945], [9.852651, 44.061972], [9.85262, 44.06199], [9.852606, 44.061995], [9.852536, 44.062023], [9.852495, 44.062027], [9.85245, 44.062041], [9.852383, 44.062046], [9.852313, 44.06206], [9.852261, 44.062043], [9.852214, 44.061993], [9.852168, 44.061935], [9.852128, 44.061909], [9.852026, 44.061873], [9.851978, 44.061847], [9.85183, 44.061911], [9.851781, 44.061974], [9.851727, 44.061961], [9.851713, 44.061916], [9.851716, 44.061885], [9.851716, 44.061871], [9.851669, 44.06184], [9.851622, 44.061831], [9.851578, 44.061836], [9.851536, 44.061827], [9.851444, 44.061815], [9.851344, 44.06182], [9.851244, 44.061821], [9.851139, 44.06183], [9.851049, 44.061845], [9.850951, 44.06185], [9.850851, 44.061851], [9.850701, 44.061856], [9.85055, 44.061853], [9.850422, 44.061858], [9.850283, 44.061841], [9.850129, 44.061797], [9.849994, 44.061744], [9.849904, 44.061677], [9.84983, 44.061593], [9.849785, 44.061534], [9.849712, 44.061463], [9.849679, 44.061436], [9.84961, 44.061405], [9.849538, 44.061374], [9.849395, 44.061339], [9.849272, 44.061336], [9.849155, 44.061323], [9.849058, 44.061297], [9.848902, 44.061253], [9.848694, 44.061223], [9.848476, 44.061188], [9.848275, 44.061163], [9.848143, 44.061155], [9.847935, 44.061161], [9.84771, 44.061149], [9.847641, 44.061145], [9.847529, 44.06115], [9.847402, 44.061187], [9.847356, 44.061264], [9.847342, 44.061372], [9.847329, 44.061476], [9.8473, 44.061589], [9.84727, 44.061675], [9.847229, 44.061742], [9.847051, 44.061906], [9.84697, 44.061911], [9.846909, 44.061902], [9.846814, 44.061894], [9.84675, 44.061885], [9.846669, 44.061918], [9.846635, 44.061936], [9.846615, 44.061981], [9.846607, 44.062026], [9.846603, 44.062062], [9.84666, 44.062251], [9.846642, 44.062327], [9.846529, 44.06258], [9.846498, 44.062711], [9.846476, 44.062824], [9.8465, 44.062981], [9.846571, 44.063125], [9.846613, 44.063246], [9.846636, 44.063394], [9.846677, 44.063543], [9.846741, 44.063668], [9.846794, 44.063776], [9.84683, 44.063861], [9.846817, 44.06396], [9.846836, 44.064109], [9.846851, 44.064185], [9.846834, 44.064266], [9.846828, 44.064374], [9.846813, 44.064532], [9.846805, 44.064667], [9.846793, 44.064775], [9.846781, 44.06491], [9.846826, 44.065013], [9.846905, 44.065094], [9.846945, 44.065143], [9.847086, 44.065178], [9.847173, 44.065177], [9.847265, 44.065177], [9.847337, 44.065185], [9.847392, 44.065212], [9.84746, 44.065274], [9.84758, 44.065345], [9.847655, 44.065367], [9.847734, 44.065353], [9.847827, 44.06538], [9.847865, 44.065438], [9.847855, 44.065519], [9.847867, 44.0656], [9.84792, 44.065667], [9.847985, 44.065676], [9.848024, 44.065648], [9.848043, 44.065635], [9.848111, 44.065643], [9.848167, 44.065679], [9.848212, 44.065719], [9.84827, 44.065813], [9.848347, 44.065871], [9.848427, 44.065911], [9.84849, 44.065924], [9.84859, 44.065919], [9.848727, 44.065918], [9.848774, 44.065904], [9.848822, 44.065899], [9.848881, 44.065899], [9.848907, 44.065907], [9.848992, 44.065988], [9.849037, 44.066041], [9.84915, 44.066104], [9.849205, 44.066135], [9.849261, 44.066143], [9.849324, 44.066165], [9.849377, 44.066174], [9.849422, 44.06616], [9.849459, 44.066151], [9.849534, 44.066159], [9.849622, 44.066181], [9.849666, 44.066199], [9.849741, 44.066216], [9.849845, 44.066233], [9.849934, 44.066246], [9.850013, 44.066246], [9.850102, 44.066223], [9.850231, 44.066168], [9.850261, 44.06619], [9.850301, 44.066271], [9.850309, 44.06628], [9.850471, 44.066238], [9.850554, 44.066188], [9.850593, 44.066174], [9.850655, 44.066173], [9.850706, 44.066209], [9.850757, 44.066267], [9.850815, 44.066325], [9.850877, 44.066365], [9.850952, 44.066374], [9.851, 44.066391], [9.851, 44.066405], [9.850998, 44.066432], [9.851018, 44.066459], [9.851124, 44.066521], [9.851181, 44.066579], [9.8512, 44.06662], [9.851231, 44.066691], [9.851228, 44.066723], [9.851204, 44.066786], [9.851183, 44.066858], [9.851141, 44.066917], [9.851089, 44.066999], [9.851002, 44.067058], [9.850951, 44.067094], [9.850877, 44.067167], [9.850762, 44.067199], [9.850657, 44.067276], [9.850567, 44.067336], [9.850489, 44.067417], [9.850397, 44.067458], [9.850295, 44.067495], [9.850185, 44.067532], [9.850302, 44.067585], [9.850911, 44.067497], [9.851273, 44.067411], [9.851859, 44.067076], [9.851927, 44.066837], [9.851857, 44.066516], [9.851668, 44.066282], [9.85113, 44.065994], [9.850654, 44.065797], [9.850254, 44.065703], [9.849816, 44.065623], [9.849297, 44.06552], [9.848884, 44.06539], [9.848515, 44.065228], [9.848096, 44.065085], [9.847595, 44.06486], [9.84725, 44.064585], [9.847016, 44.063909], [9.846927, 44.063395], [9.847019, 44.06302], [9.847355, 44.062717], [9.847692, 44.062509], [9.848172, 44.062345], [9.848796, 44.062136], [9.849495, 44.062009], [9.850076, 44.061989], [9.850446, 44.062115], [9.850746, 44.062263], [9.851084, 44.06233], [9.851434, 44.062365], [9.851896, 44.062279], [9.852427, 44.062273], [9.852763, 44.061952], [9.852818, 44.061663], [9.852848, 44.061279], [9.852753, 44.060932], [9.852613, 44.060495], [9.85248, 44.060062], [9.85211, 44.059665], [9.851597, 44.059445], [9.85119, 44.05936], [9.850563, 44.058811], [9.850006, 44.058406], [9.849662, 44.058231], [9.848948, 44.057867], [9.848385, 44.057688], [9.84784, 44.057508], [9.84729, 44.057369], [9.846652, 44.057195], [9.846152, 44.057169], [9.845703, 44.057206], [9.845247, 44.057373], [9.844811, 44.057568], [9.844349, 44.057637], [9.843937, 44.057787], [9.843619, 44.057986], [9.84327, 44.058226], [9.842889, 44.058245], [9.842658, 44.058209], [9.842476, 44.058083], [9.842337, 44.057763], [9.842087, 44.057524], [9.841755, 44.05738], [9.841386, 44.057282], [9.841079, 44.057161], [9.840866, 44.057026], [9.840677, 44.056629], [9.840077, 44.056323], [9.839801, 44.056206], [9.839425, 44.055959], [9.83923, 44.055612], [9.839097, 44.05512], [9.83897, 44.054565], [9.838454, 44.053655], [9.83834, 44.053222], [9.838339, 44.052856], [9.838494, 44.052626], [9.838886, 44.052237], [9.839254, 44.051934], [9.839627, 44.051608], [9.840088, 44.051165], [9.840718, 44.051024], [9.841318, 44.050964], [9.841885, 44.050742], [9.84229, 44.050466], [9.842595, 44.050203], [9.843038, 44.049914], [9.84323, 44.049566], [9.843417, 44.049353], [9.843666, 44.049267], [9.84399, 44.049136], [9.844358, 44.048941], [9.844476, 44.048828], [9.844707, 44.048665], [9.845031, 44.048511], [9.845343, 44.048465], [9.845656, 44.048577], [9.846045, 44.049032], [9.846284, 44.049325], [9.846641, 44.049658], [9.847142, 44.049987], [9.84788, 44.050269], [9.848287, 44.050332], [9.848818, 44.050439], [9.849493, 44.050496], [9.850143, 44.050536], [9.85078, 44.050616], [9.85125, 44.050903], [9.851688, 44.051105], [9.852195, 44.051213], [9.852813, 44.051311], [9.853307, 44.051454], [9.853864, 44.05157], [9.854501, 44.051551], [9.855664, 44.051882], [9.855995, 44.051886], [9.856201, 44.051719], [9.856187, 44.051358], [9.856123, 44.051015], [9.856059, 44.05069], [9.85607, 44.050338], [9.855975, 44.050013], [9.855642, 44.049658], [9.855229, 44.049388], [9.854872, 44.049163], [9.854252, 44.048821], [9.853708, 44.048529], [9.853363, 44.048245], [9.853087, 44.047926], [9.85293, 44.047633], [9.852703, 44.04724], [9.852451, 44.046695], [9.85233, 44.046145], [9.852379, 44.045829], [9.852552, 44.045499], [9.852713, 44.045228], [9.85305, 44.04506], [9.853499, 44.044815], [9.854259, 44.044417], [9.854714, 44.044145], [9.85525, 44.04372], [9.855317, 44.043318], [9.85529, 44.042948], [9.85522, 44.042682], [9.855556, 44.042347], [9.855923, 44.04203], [9.856128, 44.041728], [9.856102, 44.041511], [9.855982, 44.041164], [9.855812, 44.040853], [9.855518, 44.040686], [9.855166, 44.040128], [9.855096, 44.039898], [9.854802, 44.039785], [9.854583, 44.039565], [9.854307, 44.039213], [9.853957, 44.039137], [9.853344, 44.039035], [9.8527, 44.038869], [9.852356, 44.038771], [9.852025, 44.038627], [9.85173, 44.038415], [9.851392, 44.038163], [9.851029, 44.03792], [9.850416, 44.037723], [9.849752, 44.037354], [9.849639, 44.037012], [9.849512, 44.036705], [9.849093, 44.036367], [9.848679, 44.035899], [9.848071, 44.035341], [9.847288, 44.034838], [9.84727, 44.034895], [9.84727, 44.034944], [9.84729, 44.034962], [9.847334, 44.034957], [9.847387, 44.03497], [9.847433, 44.035024], [9.847421, 44.035074], [9.847354, 44.035106], [9.84731, 44.035133], [9.847273, 44.035178], [9.847261, 44.03525], [9.847279, 44.035313], [9.847296, 44.035403], [9.847367, 44.035475], [9.847432, 44.035497], [9.847465, 44.035505], [9.84751, 44.035528], [9.847568, 44.035563], [9.847611, 44.035594], [9.847674, 44.035666], [9.847717, 44.035715], [9.847749, 44.035751], [9.847754, 44.035778], [9.847755, 44.035832], [9.847748, 44.035904], [9.847736, 44.03594], [9.847743, 44.036026], [9.847751, 44.036102], [9.847797, 44.036174], [9.847866, 44.036223], [9.847914, 44.036249], [9.847972, 44.036276], [9.848027, 44.036316], [9.848068, 44.036325], [9.848127, 44.036302], [9.848167, 44.036275], [9.848231, 44.036288], [9.848272, 44.03631], [9.84827, 44.036377], [9.848237, 44.036409], [9.848159, 44.036486], [9.84821, 44.036589], [9.848213, 44.036594], [9.84828, 44.03667], [9.848343, 44.036732], [9.848403, 44.03679], [9.848541, 44.036897], [9.848613, 44.036964], [9.848681, 44.037013], [9.848846, 44.03708], [9.848918, 44.037129], [9.848996, 44.037137], [9.849059, 44.037141], [9.849156, 44.037195], [9.849254, 44.03723], [9.849317, 44.037274], [9.849331, 44.037301], [9.849324, 44.037378], [9.849292, 44.037437], [9.84929, 44.037477], [9.849321, 44.03749], [9.849381, 44.037521], [9.849393, 44.037566], [9.849349, 44.037603], [9.849323, 44.037634], [9.849316, 44.03768], [9.849333, 44.037765], [9.849335, 44.037792], [9.849314, 44.037878], [9.849278, 44.037918], [9.849286, 44.037936], [9.849307, 44.03799], [9.849315, 44.038022], [9.84932, 44.038053], [9.849304, 44.038112], [9.849264, 44.038153], [9.849202, 44.038207], [9.849145, 44.038248], [9.849116, 44.03832], [9.84911, 44.038329], [9.849118, 44.038415], [9.849175, 44.038522], [9.849203, 44.038585], [9.849271, 44.038738], [9.849345, 44.038827], [9.849385, 44.038858], [9.849471, 44.038925], [9.849506, 44.038939], [9.849598, 44.038969], [9.849661, 44.038973], [9.849705, 44.039005], [9.849732, 44.039058], [9.849678, 44.039095], [9.849616, 44.039122], [9.849571, 44.039141], [9.849528, 44.039168], [9.84948, 44.039213], [9.849447, 44.039286], [9.849457, 44.039344], [9.849499, 44.039452], [9.849538, 44.039515], [9.84955, 44.039537], [9.849542, 44.0396], [9.84955, 44.039618], [9.849543, 44.039677], [9.849556, 44.039699], [9.849637, 44.03982], [9.84969, 44.039847], [9.84972, 44.039869], [9.849713, 44.039927], [9.849702, 44.039968], [9.849701, 44.040067], [9.849699, 44.04009], [9.849756, 44.040211], [9.849779, 44.040287], [9.849815, 44.04035], [9.849855, 44.040417], [9.84991, 44.040493], [9.849933, 44.04052], [9.850045, 44.04065], [9.850217, 44.040747], [9.850336, 44.040814], [9.850432, 44.040876], [9.850552, 44.040938], [9.850745, 44.041005], [9.850923, 44.041084], [9.851126, 44.041168], [9.851292, 44.041248], [9.851407, 44.041283], [9.851488, 44.04131], [9.851548, 44.041332], [9.851654, 44.04143], [9.851713, 44.041542], [9.851758, 44.041609], [9.851805, 44.041636], [9.851876, 44.041662], [9.85203, 44.041679], [9.85214, 44.041719], [9.852205, 44.041763], [9.852261, 44.04179], [9.852307, 44.041826], [9.852344, 44.041884], [9.852357, 44.041965], [9.852353, 44.042023], [9.852354, 44.042095], [9.852352, 44.042141], [9.852411, 44.042208], [9.852521, 44.04227], [9.852642, 44.042327], [9.852733, 44.042349], [9.85283, 44.042371], [9.852878, 44.042393], [9.852929, 44.042433], [9.853019, 44.0425], [9.853119, 44.042513], [9.853169, 44.042504], [9.853209, 44.042512], [9.853293, 44.042552], [9.853327, 44.04257], [9.853418, 44.042614], [9.85359, 44.042644], [9.853731, 44.042693], [9.853824, 44.042715], [9.853974, 44.042741], [9.854065, 44.042776], [9.854128, 44.042798], [9.85422, 44.042833], [9.854278, 44.042828], [9.854358, 44.042837], [9.854407, 44.042827], [9.854454, 44.042823], [9.854517, 44.042827], [9.85456, 44.042844], [9.854578, 44.042894], [9.854588, 44.042943], [9.854621, 44.042961], [9.85468, 44.042996], [9.854714, 44.043019], [9.854776, 44.043045], [9.85479, 44.04305], [9.854833, 44.043063], [9.854905, 44.043062], [9.854948, 44.043085], [9.854961, 44.043152], [9.85496, 44.043201], [9.854931, 44.043251], [9.854916, 44.043287], [9.854958, 44.043282], [9.854991, 44.043269], [9.855075, 44.043255], [9.855095, 44.043317], [9.85505, 44.043385], [9.854959, 44.043467], [9.854882, 44.043504], [9.854816, 44.043585], [9.854742, 44.043649], [9.854658, 44.04364], [9.854542, 44.043659], [9.854372, 44.043728], [9.85424, 44.043792], [9.854121, 44.043842], [9.854079, 44.043874], [9.853996, 44.043956], [9.853881, 44.044101], [9.853775, 44.044232], [9.853737, 44.044286], [9.853665, 44.044368], [9.853561, 44.044445], [9.853428, 44.044505], [9.853346, 44.044532], [9.853299, 44.044551], [9.853175, 44.044588], [9.853051, 44.044629], [9.852968, 44.044702], [9.852883, 44.044792], [9.852818, 44.044906], [9.852734, 44.044965], [9.852668, 44.04501], [9.852582, 44.045033], [9.852527, 44.045065], [9.852395, 44.045129], [9.852246, 44.045193], [9.852102, 44.045235], [9.85199, 44.045303], [9.851941, 44.045371], [9.85195, 44.045434], [9.851976, 44.045492], [9.851993, 44.045596], [9.851977, 44.045704], [9.851974, 44.045803], [9.852009, 44.045929], [9.852035, 44.046014], [9.85205, 44.046127], [9.85203, 44.046235], [9.85196, 44.04637], [9.851895, 44.046479], [9.851848, 44.046605], [9.85185, 44.046664], [9.851903, 44.046724], [9.852053, 44.04678], [9.852159, 44.046819], [9.852355, 44.047047], [9.852428, 44.047137], [9.852424, 44.047276], [9.852413, 44.047348], [9.852406, 44.047447], [9.85239, 44.047524], [9.852377, 44.047659], [9.852373, 44.047745], [9.852374, 44.047884], [9.852379, 44.048015], [9.852418, 44.048118], [9.852471, 44.048284], [9.852537, 44.048374], [9.852622, 44.048463], [9.852731, 44.048539], [9.852827, 44.048597], [9.852882, 44.048623], [9.853013, 44.048699], [9.853066, 44.048725], [9.853169, 44.048761], [9.853308, 44.048836], [9.853371, 44.048867], [9.853556, 44.049028], [9.853824, 44.049147], [9.853901, 44.049178], [9.854034, 44.049231], [9.854169, 44.049289], [9.854318, 44.049342], [9.854431, 44.049391], [9.854592, 44.049457], [9.854719, 44.049514], [9.854812, 44.049563], [9.854906, 44.049621], [9.854999, 44.049706], [9.855077, 44.049777], [9.855139, 44.049849], [9.855199, 44.049916], [9.855231, 44.049997], [9.855251, 44.050073], [9.855264, 44.050127], [9.855268, 44.050181], [9.855281, 44.050289], [9.855269, 44.050375], [9.855299, 44.050437], [9.855316, 44.050487], [9.855317, 44.050626], [9.855309, 44.050712], [9.855334, 44.050752], [9.855372, 44.050797], [9.85539, 44.050842], [9.855406, 44.050887], [9.855437, 44.050954], [9.855449, 44.051031], [9.855477, 44.051143], [9.855487, 44.051183], [9.855505, 44.051233], [9.855503, 44.051287], [9.855497, 44.051354], [9.855479, 44.051404], [9.855477, 44.051449], [9.855452, 44.051485], [9.855412, 44.051499], [9.855391, 44.051505], [9.855315, 44.051509], [9.855232, 44.051478], [9.855147, 44.051438], [9.855084, 44.051402], [9.855028, 44.051362], [9.854965, 44.051313], [9.854875, 44.051264], [9.854768, 44.051207], [9.854688, 44.051167], [9.854636, 44.051136], [9.854528, 44.051109], [9.854407, 44.051079], [9.854248, 44.051057], [9.854156, 44.051063], [9.854034, 44.051037], [9.853959, 44.051024], [9.853868, 44.050997], [9.853811, 44.05098], [9.853744, 44.050953], [9.853694, 44.050927], [9.853631, 44.050909], [9.853576, 44.050896], [9.853504, 44.050892], [9.853418, 44.050884], [9.853339, 44.050875], [9.853094, 44.050886], [9.852999, 44.050905], [9.852752, 44.050898], [9.852548, 44.050899], [9.852258, 44.050897], [9.852148, 44.050875], [9.851893, 44.050809], [9.851832, 44.050846], [9.851709, 44.050797], [9.85177, 44.050743], [9.851715, 44.050721], [9.851682, 44.050703], [9.851635, 44.050681], [9.851585, 44.050645], [9.851531, 44.050583], [9.851357, 44.050462], [9.851158, 44.050275], [9.851228, 44.050234], [9.851089, 44.050113], [9.851018, 44.049992], [9.851063, 44.049942], [9.850992, 44.049911], [9.85097, 44.049893], [9.850945, 44.049876], [9.850888, 44.049858], [9.850838, 44.049854], [9.850752, 44.049837], [9.85068, 44.049828], [9.850588, 44.049802], [9.850522, 44.049798], [9.850429, 44.049798], [9.850354, 44.049813], [9.850334, 44.049822], [9.850283, 44.04984], [9.850228, 44.04984], [9.850163, 44.049872], [9.850096, 44.049886], [9.850018, 44.049901], [9.849978, 44.049923], [9.849944, 44.049955], [9.849913, 44.049969], [9.849859, 44.049978], [9.849781, 44.050001], [9.84968, 44.050025], [9.849547, 44.050039], [9.849459, 44.050076], [9.849431, 44.049986], [9.849239, 44.049987], [9.849075, 44.049948], [9.848859, 44.049918], [9.848588, 44.049853], [9.848343, 44.049796], [9.848125, 44.049744], [9.847909, 44.049579], [9.84789, 44.04957], [9.847835, 44.049534], [9.847761, 44.049481], [9.847726, 44.049449], [9.847631, 44.049356], [9.84753, 44.049271], [9.847441, 44.04915], [9.847426, 44.049114], [9.847394, 44.049032], [9.8473, 44.048935], [9.847283, 44.048917], [9.847233, 44.048881], [9.847187, 44.048837], [9.847141, 44.048797], [9.847086, 44.048747], [9.847057, 44.048712], [9.847009, 44.048658], [9.846981, 44.048613], [9.846955, 44.048568], [9.846943, 44.048519], [9.84693, 44.048478], [9.84692, 44.048429], [9.846941, 44.048384], [9.846626, 44.047841], [9.846755, 44.047809], [9.846565, 44.047518], [9.846755, 44.047435], [9.846505, 44.047073], [9.846367, 44.046916], [9.846282, 44.046786], [9.846234, 44.04671], [9.846179, 44.046656], [9.846138, 44.046621], [9.846097, 44.046589], [9.846029, 44.046554], [9.845984, 44.046545], [9.84594, 44.046541], [9.845907, 44.046541], [9.845821, 44.046533], [9.84572, 44.046534], [9.845629, 44.04653], [9.845478, 44.046531], [9.845341, 44.046555], [9.845242, 44.046582], [9.845184, 44.046601], [9.845093, 44.046637], [9.844982, 44.046679], [9.844961, 44.046688], [9.844857, 44.046725], [9.844758, 44.046824], [9.844734, 44.046852], [9.844696, 44.046861], [9.84465, 44.04692], [9.844479, 44.047146], [9.844623, 44.047307], [9.844552, 44.047344], [9.84441, 44.04725], [9.844067, 44.047514], [9.844185, 44.047657], [9.844125, 44.047684], [9.844048, 44.047595], [9.843806, 44.047696], [9.844064, 44.048054], [9.843959, 44.048104], [9.843684, 44.047742], [9.843398, 44.047852], [9.843432, 44.048009], [9.843332, 44.048023], [9.843302, 44.047884], [9.843268, 44.047911], [9.843175, 44.047943], [9.842994, 44.047972], [9.84287, 44.047982], [9.842775, 44.048014], [9.842696, 44.048046], [9.842629, 44.048069], [9.842626, 44.048069], [9.84258, 44.048051], [9.842513, 44.048034], [9.842467, 44.048016], [9.842413, 44.048012], [9.842363, 44.048008], [9.84225, 44.047991], [9.84213, 44.047969], [9.842053, 44.047929], [9.841969, 44.04788], [9.841878, 44.047809], [9.841832, 44.047787], [9.841694, 44.047756], [9.841602, 44.047757], [9.841624, 44.047833], [9.841513, 44.047852], [9.841473, 44.047771], [9.841341, 44.047795], [9.841303, 44.047795], [9.841157, 44.047823], [9.841042, 44.04786], [9.840904, 44.047924], [9.840807, 44.047997], [9.840711, 44.048074], [9.840617, 44.048138], [9.840522, 44.048251], [9.840513, 44.048287], [9.840507, 44.048323], [9.840511, 44.048355], [9.840524, 44.048386], [9.840546, 44.048422], [9.840587, 44.048462], [9.840658, 44.048466], [9.840712, 44.048484], [9.840791, 44.048506], [9.840866, 44.048532], [9.840909, 44.048568], [9.840909, 44.04859], [9.840887, 44.048604], [9.840869, 44.048618], [9.84083, 44.048609], [9.840797, 44.048605], [9.84075, 44.048605], [9.840697, 44.048601], [9.840669, 44.048615], [9.84065, 44.048624], [9.84064, 44.048637], [9.84064, 44.048646], [9.840656, 44.04866], [9.840663, 44.048664], [9.840664, 44.048665], [9.840686, 44.048678], [9.840701, 44.048691], [9.840711, 44.0487], [9.840701, 44.048695], [9.840683, 44.04868], [9.840655, 44.048663], [9.840626, 44.048655], [9.840602, 44.048647], [9.840563, 44.048638], [9.84054, 44.048634], [9.840515, 44.048625], [9.840439, 44.048598], [9.840372, 44.04859], [9.840319, 44.048581], [9.84028, 44.048586], [9.840232, 44.048582], [9.840172, 44.048573], [9.840102, 44.048574], [9.840048, 44.048601], [9.83999, 44.048629], [9.839944, 44.048678], [9.839895, 44.048742], [9.839876, 44.048792], [9.839862, 44.048846], [9.839823, 44.048918], [9.839822, 44.048922], [9.839813, 44.048977], [9.839771, 44.049103], [9.839738, 44.049202], [9.839661, 44.049261], [9.839617, 44.049334], [9.839566, 44.049379], [9.839476, 44.049434], [9.839399, 44.049493], [9.839337, 44.049534], [9.839252, 44.049552], [9.83923, 44.049557], [9.839192, 44.049553], [9.839147, 44.04954], [9.839112, 44.049504], [9.839082, 44.049455], [9.839057, 44.049392], [9.839031, 44.04932], [9.839012, 44.049261], [9.839004, 44.04919], [9.839029, 44.049095], [9.839052, 44.049002], [9.839015, 44.048915], [9.838956, 44.048834], [9.838883, 44.048749], [9.838788, 44.048678], [9.83868, 44.048625], [9.838587, 44.04858], [9.838482, 44.04855], [9.838357, 44.048515], [9.838221, 44.04848], [9.83807, 44.048445], [9.837901, 44.048392], [9.837785, 44.048357], [9.837675, 44.04833], [9.837577, 44.048304], [9.837406, 44.048274], [9.837281, 44.048257], [9.837168, 44.048231], [9.837093, 44.048213], [9.836968, 44.048183], [9.836763, 44.048126], [9.83658, 44.048082], [9.836432, 44.048033], [9.836312, 44.047994], [9.836208, 44.047945], [9.836115, 44.047887], [9.836007, 44.04782], [9.835929, 44.047781], [9.835826, 44.047727], [9.835725, 44.047678], [9.835671, 44.047625], [9.835638, 44.047589], [9.835591, 44.047531], [9.835487, 44.047487], [9.835432, 44.047492], [9.835378, 44.047505], [9.835311, 44.047519], [9.83527, 44.04752], [9.835192, 44.047484], [9.835145, 44.047462], [9.835099, 44.047413], [9.835072, 44.047391], [9.834959, 44.047351], [9.834872, 44.047334], [9.834736, 44.047321], [9.834564, 44.047309], [9.834428, 44.047314], [9.834274, 44.047329], [9.834141, 44.047343], [9.834073, 44.047348], [9.833967, 44.047336], [9.833835, 44.047319], [9.833602, 44.047239], [9.833532, 44.047186], [9.833494, 44.047119], [9.833474, 44.047051], [9.833432, 44.046961], [9.833403, 44.046872], [9.833393, 44.046804], [9.833398, 44.046759], [9.833428, 44.046673], [9.833459, 44.046606], [9.833475, 44.046574], [9.833506, 44.046538], [9.833561, 44.046483], [9.83363, 44.046447], [9.833679, 44.046397], [9.833779, 44.046315], [9.833825, 44.046247], [9.833854, 44.046189], [9.833934, 44.046116], [9.833977, 44.046084], [9.834045, 44.046052], [9.834064, 44.046043], [9.83413, 44.045989], [9.834208, 44.045929], [9.834272, 44.045888], [9.834363, 44.045807], [9.83441, 44.045775], [9.834484, 44.04572], [9.834541, 44.045675], [9.834539, 44.045558], [9.834518, 44.045495], [9.83453, 44.045441], [9.834504, 44.045378], [9.834504, 44.045297], [9.834524, 44.045225], [9.834537, 44.045189], [9.834569, 44.045157], [9.834623, 44.045112], [9.834722, 44.045052], [9.834767, 44.045016], [9.834849, 44.044966], [9.834932, 44.044893], [9.835005, 44.044857], [9.835072, 44.044816], [9.835126, 44.044784], [9.835168, 44.044757], [9.835222, 44.044716], [9.835276, 44.044657], [9.835328, 44.044602], [9.835391, 44.044525], [9.835451, 44.044466], [9.835502, 44.04443], [9.835559, 44.044389], [9.835611, 44.044362], [9.835665, 44.044316], [9.835732, 44.044253], [9.835811, 44.044212], [9.83587, 44.044184], [9.835955, 44.044139], [9.835987, 44.044116], [9.836004, 44.04408], [9.836016, 44.044048], [9.83602, 44.044012], [9.835996, 44.043967], [9.835956, 44.043922], [9.835914, 44.043882], [9.835869, 44.043838], [9.835834, 44.043766], [9.835831, 44.043739], [9.83583, 44.043685], [9.835846, 44.04364], [9.835861, 44.043608], [9.835869, 44.043577], [9.835831, 44.043532], [9.835786, 44.043478], [9.835769, 44.043438], [9.835774, 44.043398], [9.835219, 44.043891], [9.835101, 44.044063], [9.835015, 44.044325], [9.834872, 44.04456], [9.834604, 44.044781], [9.834324, 44.045012], [9.833994, 44.045279], [9.83372, 44.045631], [9.833534, 44.045975], [9.833335, 44.046282], [9.833143, 44.046548], [9.833019, 44.046923], [9.83292, 44.047176], [9.833058, 44.047388], [9.833446, 44.047559], [9.833916, 44.04768], [9.834266, 44.047805], [9.834929, 44.048242], [9.835155, 44.048431], [9.835037, 44.048639], [9.834732, 44.048797], [9.834281, 44.048631], [9.833768, 44.048366], [9.833095, 44.048161], [9.83313, 44.048179]]]}, "properties": {"band_code": "01", "band_label": "0-10 m", "lower_depth_m": 0}}, {"type": "Feature", "geometry": {"type": "Polygon", "coordinates": [[[9.459564, 44.144224], [9.467726, 44.143638], [9.470825, 44.143006], [9.47471, 44.141439], [9.480549, 44.141122], [9.486732, 44.14159], [9.488262, 44.141342], [9.490794, 44.138976], [9.492228, 44.134664], [9.494017, 44.132204], [9.501791, 44.126768], [9.504087, 44.125617], [9.506577, 44.124918], [9.508021, 44.123886], [9.508241, 44.122955], [9.507843, 44.122125], [9.504434, 44.119815], [9.504419, 44.117707], [9.505489, 44.116187], [9.507505, 44.1153], [9.510677, 44.115141], [9.511651, 44.1154], [9.515437, 44.118266], [9.51743, 44.11794], [9.518004, 44.11726], [9.51875, 44.113742], [9.523079, 44.109467], [9.524066, 44.107849], [9.526571, 44.096319], [9.529503, 44.091565], [9.528909, 44.088985], [9.529159, 44.086171], [9.528539, 44.085234], [9.523892, 44.082167], [9.524041, 44.081643], [9.525203, 44.0811], [9.527853, 44.081588], [9.531486, 44.081147], [9.532993, 44.08246], [9.534256, 44.082487], [9.536174, 44.08117], [9.538429, 44.081159], [9.53952, 44.080397], [9.539374, 44.079785], [9.537733, 44.078426], [9.534326, 44.077964], [9.529913, 44.07338], [9.523832, 44.071809], [9.523057, 44.070986], [9.523644, 44.069792], [9.525397, 44.069682], [9.527389, 44.07016], [9.529566, 44.069675], [9.531174, 44.070728], [9.533167, 44.070809], [9.534496, 44.069137], [9.537624, 44.069324], [9.541965, 44.068813], [9.547309, 44.069569], [9.550364, 44.068703], [9.55336, 44.068807], [9.558427, 44.066447], [9.561463, 44.066424], [9.566251, 44.067317], [9.569986, 44.06696], [9.571307, 44.065863], [9.570435, 44.063915], [9.569188, 44.06319], [9.566915, 44.062806], [9.565497, 44.063017], [9.563179, 44.064039], [9.561004, 44.064186], [9.556376, 44.062627], [9.554841, 44.062602], [9.552363, 44.063225], [9.549568, 44.063238], [9.544768, 44.061333], [9.543021, 44.06171], [9.541444, 44.063049], [9.535366, 44.061812], [9.532541, 44.062598], [9.52851, 44.062336], [9.525988, 44.060941], [9.52481, 44.060783], [9.522871, 44.061501], [9.519212, 44.061255], [9.517348, 44.062218], [9.508476, 44.061711], [9.493284, 44.056477], [9.481526, 44.053339], [9.476001, 44.051362], [9.461855, 44.044708], [9.453671, 44.039396], [9.45, 44.03801475686185], [9.45, 44.143739340303746], [9.459564, 44.144224]]]}, "properties": {"band_code": "08", "band_label": "500-1000 m", "lower_depth_m": 500}}, {"type": "Feature", "geometry": {"type": "Polygon", "coordinates": [[[9.451743, 44.237058], [9.453242, 44.23651], [9.455718, 44.235831], [9.457696, 44.235551], [9.461724, 44.234757], [9.464174, 44.234024], [9.46687, 44.232712], [9.469017, 44.231709], [9.470794, 44.231448], [9.472748, 44.231313], [9.474458, 44.231992], [9.474814, 44.232586], [9.475274, 44.233631], [9.47628, 44.234006], [9.47708, 44.233731], [9.47825, 44.232769], [9.480118, 44.231478], [9.481908, 44.229827], [9.483981, 44.229113], [9.486381, 44.228326], [9.489557, 44.227606], [9.493078, 44.226163], [9.496347, 44.224703], [9.498236, 44.222997], [9.499401, 44.221565], [9.500932, 44.219138], [9.501945, 44.217508], [9.503087, 44.216347], [9.504279, 44.215258], [9.506074, 44.214256], [9.508142, 44.213018], [9.511138, 44.211866], [9.513753, 44.210138], [9.516271, 44.208807], [9.518292, 44.208003], [9.521692, 44.20721], [9.525116, 44.206398], [9.528042, 44.205806], [9.530714, 44.204889], [9.533514, 44.20428], [9.535514, 44.203944], [9.537989, 44.203372], [9.540811, 44.202473], [9.542454, 44.201435], [9.544698, 44.200394], [9.54552, 44.199939], [9.547365, 44.199044], [9.548464, 44.198732], [9.548988, 44.198494], [9.550935, 44.19787], [9.552464, 44.197953], [9.554668, 44.197887], [9.555762, 44.197141], [9.557575, 44.195578], [9.558963, 44.194163], [9.560628, 44.19289], [9.562273, 44.192014], [9.564066, 44.19103], [9.565358, 44.190048], [9.564221, 44.189042], [9.565342, 44.188477], [9.565554, 44.187157], [9.566144, 44.186125], [9.566985, 44.185011], [9.566894, 44.184923], [9.566821, 44.184842], [9.566764, 44.184748], [9.566729, 44.184685], [9.566706, 44.184604], [9.56668, 44.184532], [9.566648, 44.184393], [9.566662, 44.184303], [9.566755, 44.184293], [9.566828, 44.184293], [9.56693, 44.184297], [9.566936, 44.184252], [9.566958, 44.184125], [9.566976, 44.184053], [9.567023, 44.183918], [9.567092, 44.183756], [9.567205, 44.183629], [9.567282, 44.183543], [9.56731, 44.183498], [9.56735, 44.183399], [9.567377, 44.183336], [9.567411, 44.183259], [9.567457, 44.183191], [9.567515, 44.183146], [9.567616, 44.183105], [9.567753, 44.183077], [9.567856, 44.183063], [9.568, 44.183032], [9.568034, 44.182974], [9.569, 44.181342], [9.569921, 44.180796], [9.57179, 44.179937], [9.573312, 44.179351], [9.574733, 44.17882], [9.576383, 44.178522], [9.578481, 44.178041], [9.5802, 44.177183], [9.58097, 44.176564], [9.581759, 44.175423], [9.582198, 44.174283], [9.583444, 44.173716], [9.585463, 44.172928], [9.586983, 44.172162], [9.588178, 44.171541], [9.589372, 44.170848], [9.591238, 44.169736], [9.592729, 44.168699], [9.594918, 44.167368], [9.596506, 44.166023], [9.597972, 44.16495], [9.598989, 44.164149], [9.599385, 44.163678], [9.600722, 44.162334], [9.601193, 44.16188], [9.601689, 44.161426], [9.603869, 44.159355], [9.60471, 44.158465], [9.605848, 44.157195], [9.606488, 44.156198], [9.607429, 44.155271], [9.608592, 44.154109], [9.609701, 44.152532], [9.610135, 44.151049], [9.611251, 44.150103], [9.612874, 44.149733], [9.614345, 44.149164], [9.615238, 44.148455], [9.616101, 44.147312], [9.616914, 44.146116], [9.618102, 44.14499], [9.619094, 44.144153], [9.61996, 44.143281], [9.621198, 44.1421], [9.62269, 44.141171], [9.624251, 44.139825], [9.626739, 44.138565], [9.63039, 44.137555], [9.630392, 44.137554], [9.630412, 44.137518], [9.630406, 44.137504], [9.630392, 44.137486], [9.630364, 44.137468], [9.630332, 44.137464], [9.630284, 44.13746], [9.630246, 44.13746], [9.630201, 44.13746], [9.63017, 44.137456], [9.630129, 44.137456], [9.630107, 44.137452], [9.630066, 44.137452], [9.630041, 44.137448], [9.629994, 44.137439], [9.629982, 44.13743], [9.629978, 44.137399], [9.629994, 44.137371], [9.630035, 44.137331], [9.630066, 44.137304], [9.630096, 44.137285], [9.630153, 44.137258], [9.630188, 44.137253], [9.630216, 44.137253], [9.630258, 44.137262], [9.630296, 44.137271], [9.630324, 44.137284], [9.630349, 44.137284], [9.630358, 44.13727], [9.630427, 44.137238], [9.630468, 44.137202], [9.630509, 44.137171], [9.630546, 44.137148], [9.630591, 44.137121], [9.630638, 44.137089], [9.630711, 44.137052], [9.630768, 44.137021], [9.630816, 44.137002], [9.630841, 44.136989], [9.630875, 44.13697], [9.630896, 44.136952], [9.630937, 44.136925], [9.630973, 44.136893], [9.63099, 44.136862], [9.630984, 44.136862], [9.630938, 44.136849], [9.630922, 44.136844], [9.630896, 44.136817], [9.630897, 44.136808], [9.630911, 44.136781], [9.630936, 44.136759], [9.63097, 44.13674], [9.631024, 44.136727], [9.631077, 44.136713], [9.631133, 44.136681], [9.63116, 44.136654], [9.631187, 44.136627], [9.631215, 44.136599], [9.63126, 44.136554], [9.63133, 44.1365], [9.63139, 44.136454], [9.631457, 44.136409], [9.631507, 44.136368], [9.631562, 44.136332], [9.631621, 44.136287], [9.63169, 44.136255], [9.631764, 44.136223], [9.63183, 44.1362], [9.631897, 44.136177], [9.631962, 44.136163], [9.631997, 44.136158], [9.632017, 44.136158], [9.632051, 44.136163], [9.632101, 44.136162], [9.632133, 44.136162], [9.632195, 44.136171], [9.632238, 44.136189], [9.632242, 44.136193], [9.632252, 44.136225], [9.63226, 44.136256], [9.632261, 44.136297], [9.632262, 44.13631], [9.632275, 44.136323], [9.632295, 44.136332], [9.632328, 44.136341], [9.63236, 44.13635], [9.632416, 44.136354], [9.632442, 44.136354], [9.632478, 44.13634], [9.632505, 44.136322], [9.632542, 44.13629], [9.63259, 44.13625], [9.632635, 44.136222], [9.632675, 44.136195], [9.632728, 44.136172], [9.63277, 44.136154], [9.632815, 44.136136], [9.632823, 44.136136], [9.632845, 44.136131], [9.632968, 44.136117], [9.63302, 44.136108], [9.633068, 44.136099], [9.633115, 44.136089], [9.633147, 44.136076], [9.633164, 44.136066], [9.633208, 44.136035], [9.633242, 44.136003], [9.633278, 44.135976], [9.633306, 44.135958], [9.633336, 44.135921], [9.633372, 44.135885], [9.633399, 44.135836], [9.633429, 44.135795], [9.633481, 44.135754], [9.633506, 44.135718], [9.633538, 44.135668], [9.633574, 44.135637], [9.633594, 44.135627], [9.633611, 44.135618], [9.633628, 44.135609], [9.633669, 44.135564], [9.633701, 44.135541], [9.633737, 44.135523], [9.633749, 44.13551], [9.633766, 44.135496], [9.633794, 44.135473], [9.633824, 44.135451], [9.633848, 44.135414], [9.633854, 44.135401], [9.633846, 44.135378], [9.633837, 44.135361], [9.633824, 44.135338], [9.633825, 44.135316], [9.633831, 44.135293], [9.633839, 44.13527], [9.633843, 44.135248], [9.633846, 44.135225], [9.633838, 44.135203], [9.633828, 44.135176], [9.633805, 44.135145], [9.633793, 44.135095], [9.633801, 44.13505], [9.633821, 44.135018], [9.63384, 44.134982], [9.63386, 44.134951], [9.63387, 44.134924], [9.633875, 44.134897], [9.633856, 44.134865], [9.633847, 44.134856], [9.633831, 44.13485], [9.631389, 44.135991], [9.629344, 44.136581], [9.628047, 44.136932], [9.626229, 44.137683], [9.624811, 44.138414], [9.623317, 44.139145], [9.621803, 44.140183], [9.621158, 44.140692], [9.620066, 44.141547], [9.618654, 44.142783], [9.617389, 44.143856], [9.616024, 44.144929], [9.614332, 44.145788], [9.612717, 44.14688], [9.611674, 44.147518], [9.610855, 44.148173], [9.609963, 44.149009], [9.609321, 44.149771], [9.608728, 44.150551], [9.608438, 44.151419], [9.608147, 44.152306], [9.607831, 44.153138], [9.607291, 44.15408], [9.606648, 44.154788], [9.606152, 44.155261], [9.60573, 44.15557], [9.604983, 44.155953], [9.604112, 44.156392], [9.602942, 44.157012], [9.602071, 44.157469], [9.600748, 44.157837], [9.600102, 44.15822], [9.598958, 44.158967], [9.598164, 44.159549], [9.597369, 44.160113], [9.596676, 44.160858], [9.595761, 44.161964], [9.595245, 44.162852], [9.594433, 44.164157], [9.593671, 44.165425], [9.593104, 44.166241], [9.59266, 44.166875], [9.591541, 44.167604], [9.590496, 44.168206], [9.589302, 44.168898], [9.58803, 44.169393], [9.586961, 44.170103], [9.585143, 44.171034], [9.583325, 44.172001], [9.582008, 44.172857], [9.580242, 44.173968], [9.57835, 44.175026], [9.575957, 44.176104], [9.574867, 44.177157], [9.573649, 44.178103], [9.572106, 44.178978], [9.570563, 44.179853], [9.569017, 44.18053], [9.567921, 44.181113], [9.567105, 44.182093], [9.566389, 44.183108], [9.565548, 44.184123], [9.565155, 44.184866], [9.564886, 44.185463], [9.564471, 44.186549], [9.563705, 44.187601], [9.562814, 44.188653], [9.561748, 44.189651], [9.560928, 44.19036], [9.559908, 44.190961], [9.558412, 44.191655], [9.556865, 44.192277], [9.555269, 44.192918], [9.553546, 44.193414], [9.551897, 44.193874], [9.550298, 44.194316], [9.548826, 44.194865], [9.547654, 44.195341], [9.545709, 44.196218], [9.544661, 44.196693], [9.543789, 44.197131], [9.543116, 44.197477], [9.540973, 44.198553], [9.539352, 44.199338], [9.537608, 44.200304], [9.535217, 44.201707], [9.532921, 44.202585], [9.53025, 44.203592], [9.527899, 44.204019], [9.526148, 44.204316], [9.524148, 44.204742], [9.519929, 44.206243], [9.517456, 44.207032], [9.515183, 44.207675], [9.512635, 44.208464], [9.510439, 44.209486], [9.508843, 44.210216], [9.507221, 44.210982], [9.505278, 44.212183], [9.503409, 44.213258], [9.501145, 44.215056], [9.5004, 44.215691], [9.498409, 44.217236], [9.496946, 44.21885], [9.495227, 44.219996], [9.492735, 44.221524], [9.490365, 44.222709], [9.487618, 44.223787], [9.485347, 44.224809], [9.48395, 44.22552], [9.482279, 44.226448], [9.481257, 44.227121], [9.47941, 44.228014], [9.477514, 44.228944], [9.475241, 44.229821], [9.473739, 44.22999], [9.472009, 44.229944], [9.470557, 44.230077], [9.468455, 44.230538], [9.46693, 44.23096], [9.465458, 44.231689], [9.463986, 44.232472], [9.462661, 44.232929], [9.461685, 44.233096], [9.460381, 44.233029], [9.458826, 44.232946], [9.457098, 44.233062], [9.455473, 44.233575], [9.454549, 44.233994], [9.453377, 44.234649], [9.452278, 44.235051], [9.451203, 44.235435], [9.45063, 44.235871], [9.450082, 44.236343], [9.45, 44.2363599248], [9.45, 44.23732674875208], [9.451743, 44.237058]]]}, "properties": {"band_code": "03", "band_label": "20-30 m", "lower_depth_m": 20}}, {"type": "Feature", "geometry": {"type": "Polygon", "coordinates": [[[9.685823, 44.131864], [9.685915, 44.131819], [9.68608, 44.131759], [9.686175, 44.131741], [9.686292, 44.131708], [9.686365, 44.131699], [9.686398, 44.131694], [9.686462, 44.131689], [9.686474, 44.131689], [9.686524, 44.131698], [9.686562, 44.131729], [9.686537, 44.131757], [9.686525, 44.131806], [9.686512, 44.131887], [9.686516, 44.131919], [9.686559, 44.131914], [9.686645, 44.131877], [9.686712, 44.131854], [9.686776, 44.131823], [9.686827, 44.131791], [9.68694, 44.131736], [9.687035, 44.131704], [9.687125, 44.131672], [9.68723, 44.131671], [9.687352, 44.131684], [9.687501, 44.131697], [9.687576, 44.131696], [9.68766, 44.131682], [9.687746, 44.131664], [9.687808, 44.131663], [9.687847, 44.131672], [9.687893, 44.131703], [9.687962, 44.131752], [9.68804, 44.131743], [9.688132, 44.131729], [9.688218, 44.131724], [9.68829, 44.131746], [9.688321, 44.1318], [9.688354, 44.131854], [9.688417, 44.131858], [9.688543, 44.131848], [9.688588, 44.131834], [9.688646, 44.131807], [9.688715, 44.131748], [9.688766, 44.131698], [9.688828, 44.131639], [9.688878, 44.131603], [9.688946, 44.131553], [9.689021, 44.13153], [9.689088, 44.131507], [9.689173, 44.131489], [9.689253, 44.131457], [9.689315, 44.131447], [9.68936, 44.131393], [9.68942, 44.13133], [9.689455, 44.131284], [9.689528, 44.131198], [9.689593, 44.131148], [9.689679, 44.131071], [9.689793, 44.131008], [9.689947, 44.130948], [9.690185, 44.130902], [9.690318, 44.130874], [9.690508, 44.130819], [9.690579, 44.130796], [9.690677, 44.130746], [9.690744, 44.130696], [9.690841, 44.130587], [9.690944, 44.130465], [9.690999, 44.13033], [9.691063, 44.13023], [9.691108, 44.130144], [9.691133, 44.130068], [9.69114, 44.129996], [9.691135, 44.129951], [9.691115, 44.129933], [9.69105, 44.12992], [9.691005, 44.129875], [9.691024, 44.129816], [9.691072, 44.129758], [9.691062, 44.12969], [9.69102, 44.129681], [9.69094, 44.129695], [9.690814, 44.129705], [9.690759, 44.129683], [9.6908, 44.129597], [9.690883, 44.129538], [9.690949, 44.129515], [9.690969, 44.129488], [9.690873, 44.129471], [9.690811, 44.129444], [9.690836, 44.129354], [9.690901, 44.129295], [9.690963, 44.129236], [9.690874, 44.129219], [9.690824, 44.129228], [9.69079, 44.129188], [9.690835, 44.129142], [9.690898, 44.129133], [9.690855, 44.129124], [9.690927, 44.128984], [9.690954, 44.128907], [9.691015, 44.128849], [9.691069, 44.128848], [9.691086, 44.128929], [9.691085, 44.129006], [9.691075, 44.129055], [9.691175, 44.129055], [9.691306, 44.129022], [9.6914, 44.128977], [9.691498, 44.128913], [9.691555, 44.128841], [9.691622, 44.128732], [9.691671, 44.128624], [9.691726, 44.12852], [9.691764, 44.128434], [9.691838, 44.128357], [9.691927, 44.128312], [9.692028, 44.128284], [9.692156, 44.128243], [9.692246, 44.12817], [9.692351, 44.128116], [9.692476, 44.128065], [9.692588, 44.128029], [9.692681, 44.128015], [9.692784, 44.127987], [9.692901, 44.127955], [9.693018, 44.127945], [9.693073, 44.127954], [9.693114, 44.12799], [9.693099, 44.128053], [9.693064, 44.128102], [9.693086, 44.128129], [9.693177, 44.128183], [9.693209, 44.128205], [9.693234, 44.128241], [9.693301, 44.128263], [9.693402, 44.128199], [9.69348, 44.128145], [9.693615, 44.128059], [9.693742, 44.127963], [9.693864, 44.127872], [9.693979, 44.127827], [9.694149, 44.127772], [9.694258, 44.127753], [9.694381, 44.127734], [9.694543, 44.127724], [9.694766, 44.127745], [9.694911, 44.127763], [9.695006, 44.127771], [9.695128, 44.127779], [9.695289, 44.127774], [9.695452, 44.127782], [9.695556, 44.127763], [9.695681, 44.127749], [9.6958, 44.127748], [9.695909, 44.127756], [9.695957, 44.127788], [9.696035, 44.127828], [9.696104, 44.127868], [9.696192, 44.12789], [9.696275, 44.127871], [9.69637, 44.127835], [9.696457, 44.127807], [9.696532, 44.12782], [9.696567, 44.127865], [9.696618, 44.127937], [9.696685, 44.12795], [9.696772, 44.127909], [9.69688, 44.127886], [9.696978, 44.127885], [9.69705, 44.127894], [9.697135, 44.127925], [9.697183, 44.127942], [9.697215, 44.127992], [9.697253, 44.128009], [9.697298, 44.127973], [9.697401, 44.127819], [9.697477, 44.127783], [9.697559, 44.127751], [9.697637, 44.12775], [9.697702, 44.127822], [9.697711, 44.127867], [9.697725, 44.127903], [9.697791, 44.127916], [9.697878, 44.127916], [9.697988, 44.127924], [9.698075, 44.12791], [9.698173, 44.127896], [9.698248, 44.127882], [9.698339, 44.12785], [9.698391, 44.127791], [9.698457, 44.127709], [9.698547, 44.127646], [9.698607, 44.127596], [9.698657, 44.127584], [9.698782, 44.127577], [9.698907, 44.127579], [9.698976, 44.127567], [9.699105, 44.127521], [9.699212, 44.127466], [9.69934, 44.127411], [9.699417, 44.127366], [9.699482, 44.12733], [9.699708, 44.127229], [9.699853, 44.127183], [9.700126, 44.127065], [9.70018, 44.126997], [9.700336, 44.126883], [9.700439, 44.126806], [9.700556, 44.126693], [9.700651, 44.126616], [9.700748, 44.126543], [9.700853, 44.126443], [9.700918, 44.126371], [9.701023, 44.126271], [9.701136, 44.126158], [9.701252, 44.126054], [9.701354, 44.125968], [9.701446, 44.125886], [9.701564, 44.125818], [9.701696, 44.12574], [9.701849, 44.125672], [9.702021, 44.125563], [9.70214, 44.125499], [9.702303, 44.125426], [9.702464, 44.125362], [9.702579, 44.125303], [9.70269, 44.125244], [9.702791, 44.12518], [9.70289, 44.125107], [9.703025, 44.125026], [9.703162, 44.124935], [9.703312, 44.124866], [9.703415, 44.124807], [9.703463, 44.124757], [9.703572, 44.124658], [9.703656, 44.12459], [9.703769, 44.124499], [9.703862, 44.124422], [9.703964, 44.124354], [9.704009, 44.124308], [9.704079, 44.124254], [9.704159, 44.124177], [9.704203, 44.124127], [9.704223, 44.124095], [9.704236, 44.124068], [9.704252, 44.124037], [9.704233, 44.12401], [9.704197, 44.123983], [9.704125, 44.123961], [9.704067, 44.123921], [9.704068, 44.123903], [9.704127, 44.123848], [9.704217, 44.123807], [9.704284, 44.123811], [9.704312, 44.123816], [9.704345, 44.123793], [9.704347, 44.123743], [9.704342, 44.123698], [9.704329, 44.123627], [9.704311, 44.123573], [9.704256, 44.123537], [9.704146, 44.123511], [9.704049, 44.123498], [9.70395, 44.123467], [9.703923, 44.123435], [9.703926, 44.12339], [9.703969, 44.123314], [9.70401, 44.123255], [9.704072, 44.1232], [9.704151, 44.123105], [9.704172, 44.123042], [9.704162, 44.122997], [9.704118, 44.122948], [9.704062, 44.122876], [9.704039, 44.122814], [9.704029, 44.122746], [9.703977, 44.122688], [9.70391, 44.122603], [9.703824, 44.122531], [9.703746, 44.122464], [9.703705, 44.12241], [9.70369, 44.122321], [9.703716, 44.122257], [9.703748, 44.122185], [9.703792, 44.122104], [9.703803, 44.122081], [9.703805, 44.122014], [9.70379, 44.12191], [9.703774, 44.121789], [9.703731, 44.121686], [9.703713, 44.121623], [9.703665, 44.121546], [9.70363, 44.121511], [9.703536, 44.121471], [9.703475, 44.121431], [9.703452, 44.121377], [9.703458, 44.121318], [9.703445, 44.121273], [9.703413, 44.121228], [9.703292, 44.121193], [9.703214, 44.121167], [9.703154, 44.121122], [9.703156, 44.121045], [9.70319, 44.12096], [9.703249, 44.120869], [9.703331, 44.120806], [9.703481, 44.120737], [9.703523, 44.120724], [9.703613, 44.1207], [9.703694, 44.120659], [9.703798, 44.120591], [9.703945, 44.120473], [9.704004, 44.120396], [9.70411, 44.12031], [9.704158, 44.12031], [9.704197, 44.120328], [9.70426, 44.120359], [9.704341, 44.120421], [9.704351, 44.120471], [9.704337, 44.120534], [9.704325, 44.120575], [9.704334, 44.120606], [9.704339, 44.120669], [9.704378, 44.120705], [9.704419, 44.120718], [9.704483, 44.120709], [9.704558, 44.12069], [9.704665, 44.120649], [9.704726, 44.120613], [9.70478, 44.120585], [9.704924, 44.120575], [9.704983, 44.120566], [9.705028, 44.120552], [9.705086, 44.12052], [9.70513, 44.12048], [9.705145, 44.120434], [9.705165, 44.120362], [9.705179, 44.120263], [9.705218, 44.120218], [9.705243, 44.120186], [9.705295, 44.120132], [9.705324, 44.120082], [9.705329, 44.120015], [9.705319, 44.11992], [9.705287, 44.11983], [9.705261, 44.119803], [9.705227, 44.119786], [9.705161, 44.119755], [9.705094, 44.119656], [9.705098, 44.119615], [9.705076, 44.119566], [9.704956, 44.119576], [9.704876, 44.119581], [9.704826, 44.119554], [9.704813, 44.119514], [9.70484, 44.119473], [9.704895, 44.119455], [9.704943, 44.119441], [9.705013, 44.119431], [9.70507, 44.119377], [9.705069, 44.119296], [9.705042, 44.11926], [9.705037, 44.119233], [9.70504, 44.119193], [9.705036, 44.119143], [9.705035, 44.119134], [9.705044, 44.119116], [9.705081, 44.119093], [9.705104, 44.119089], [9.705109, 44.119098], [9.70516, 44.119174], [9.705192, 44.119228], [9.705232, 44.119282], [9.705283, 44.119263], [9.705345, 44.119182], [9.705444, 44.119154], [9.70551, 44.119149], [9.705607, 44.119162], [9.705682, 44.119162], [9.705788, 44.119139], [9.705897, 44.119129], [9.705975, 44.119115], [9.706095, 44.119096], [9.706204, 44.119091], [9.706323, 44.119081], [9.706429, 44.119072], [9.706599, 44.119039], [9.706764, 44.119006], [9.706917, 44.118974], [9.707017, 44.118978], [9.707087, 44.118991], [9.707108, 44.119013], [9.707122, 44.119025], [9.707245, 44.119074], [9.707372, 44.119058], [9.70746, 44.119047], [9.707608, 44.119037], [9.70768, 44.119041], [9.707852, 44.119063], [9.707943, 44.119094], [9.708087, 44.119129], [9.708253, 44.119146], [9.708419, 44.119154], [9.708565, 44.119139], [9.708648, 44.119112], [9.708734, 44.119107], [9.708793, 44.119079], [9.708883, 44.11907], [9.708998, 44.119006], [9.709065, 44.118965], [9.70917, 44.118915], [9.70927, 44.118901], [9.709417, 44.118909], [9.709545, 44.118908], [9.709661, 44.118894], [9.709745, 44.118893], [9.709831, 44.118897], [9.709925, 44.118892], [9.71, 44.118896], [9.710073, 44.118923], [9.710154, 44.118985], [9.710168, 44.11899], [9.710205, 44.118994], [9.710238, 44.118962], [9.71026, 44.118899], [9.710282, 44.118881], [9.710353, 44.11889], [9.710444, 44.118921], [9.710511, 44.118952], [9.710563, 44.118974], [9.710585, 44.119001], [9.710598, 44.119028], [9.710577, 44.119082], [9.710569, 44.119109], [9.710586, 44.119167], [9.710674, 44.119234], [9.710814, 44.119292], [9.71093, 44.119327], [9.711094, 44.11938], [9.711199, 44.119411], [9.71126, 44.119429], [9.711312, 44.119419], [9.711368, 44.119388], [9.711429, 44.119311], [9.711497, 44.119247], [9.711535, 44.119229], [9.711647, 44.119206], [9.711862, 44.119182], [9.712077, 44.119158], [9.712286, 44.119098], [9.712489, 44.119065], [9.712707, 44.119015], [9.712923, 44.118977], [9.713034, 44.118954], [9.71317, 44.118917], [9.713336, 44.11888], [9.713466, 44.118861], [9.713604, 44.118829], [9.713751, 44.118783], [9.713906, 44.118746], [9.714061, 44.118714], [9.714251, 44.118654], [9.714481, 44.118562], [9.714658, 44.11853], [9.71475, 44.118511], [9.714964, 44.118465], [9.715163, 44.118419], [9.715413, 44.11839], [9.715657, 44.118339], [9.71584, 44.118293], [9.716038, 44.118278], [9.716183, 44.118277], [9.71635, 44.118263], [9.716417, 44.118253], [9.716525, 44.118225], [9.716595, 44.118212], [9.716657, 44.118202], [9.716747, 44.118175], [9.717065, 44.118069], [9.717184, 44.118005], [9.717317, 44.117964], [9.717459, 44.117882], [9.717545, 44.117823], [9.717704, 44.117732], [9.717815, 44.117673], [9.717947, 44.117604], [9.718082, 44.117531], [9.718229, 44.117454], [9.718299, 44.117418], [9.718413, 44.1173], [9.718531, 44.117214], [9.718672, 44.117145], [9.71879, 44.117077], [9.718883, 44.117], [9.719, 44.116891], [9.719107, 44.116791], [9.719271, 44.11666], [9.719389, 44.1166], [9.719548, 44.116491], [9.719674, 44.11641], [9.719866, 44.116296], [9.719982, 44.11621], [9.720117, 44.116105], [9.72021, 44.116024], [9.720375, 44.115883], [9.720536, 44.115769], [9.720682, 44.115665], [9.720812, 44.11557], [9.720933, 44.115474], [9.721053, 44.115375], [9.721216, 44.115261], [9.721368, 44.115156], [9.721537, 44.115056], [9.721716, 44.114934], [9.72187, 44.114834], [9.721981, 44.114743], [9.722127, 44.114634], [9.722292, 44.11452], [9.72245, 44.114402], [9.722622, 44.114293], [9.722777, 44.114202], [9.722959, 44.114075], [9.723127, 44.113925], [9.723329, 44.113789], [9.72355, 44.113644], [9.723705, 44.113517], [9.723852, 44.113408], [9.723985, 44.113321], [9.724182, 44.113199], [9.724318, 44.113121], [9.724473, 44.113012], [9.724673, 44.11288], [9.724856, 44.112776], [9.72502, 44.11264], [9.72522, 44.11249], [9.725408, 44.112376], [9.725597, 44.112253], [9.72573, 44.11214], [9.725911, 44.112022], [9.72605, 44.111922], [9.72611, 44.111813], [9.726146, 44.111705], [9.726175, 44.111624], [9.726187, 44.111525], [9.726162, 44.111466], [9.726136, 44.111422], [9.726132, 44.111291], [9.726166, 44.11116], [9.726209, 44.11107], [9.726278, 44.110966], [9.726385, 44.110677], [9.726384, 44.110619], [9.726435, 44.110528], [9.726506, 44.110465], [9.726644, 44.110392], [9.726729, 44.11031], [9.726803, 44.110247], [9.726891, 44.110156], [9.72698, 44.11007], [9.72699, 44.109926], [9.727012, 44.109827], [9.726957, 44.109719], [9.726892, 44.109598], [9.726861, 44.109517], [9.7268, 44.109396], [9.726713, 44.109271], [9.726629, 44.109213], [9.726475, 44.109106], [9.726369, 44.109012], [9.726243, 44.108927], [9.726164, 44.108842], [9.726144, 44.108743], [9.726208, 44.108572], [9.726243, 44.108513], [9.72627, 44.108423], [9.726314, 44.10835], [9.726265, 44.108297], [9.726179, 44.10827], [9.726117, 44.108226], [9.726061, 44.108113], [9.725988, 44.108001], [9.725914, 44.107943], [9.72574, 44.107877], [9.725655, 44.107837], [9.725574, 44.107756], [9.725396, 44.107699], [9.725325, 44.107668], [9.725299, 44.107569], [9.725325, 44.107528], [9.725306, 44.107416], [9.725288, 44.107362], [9.725349, 44.107303], [9.725435, 44.107235], [9.725563, 44.107234], [9.725651, 44.107252], [9.725717, 44.107251], [9.725784, 44.107246], [9.725881, 44.107255], [9.725948, 44.107277], [9.726048, 44.107294], [9.726151, 44.10728], [9.726262, 44.107266], [9.726338, 44.107243], [9.726464, 44.107215], [9.726528, 44.107197], [9.726596, 44.107151], [9.726586, 44.107097], [9.72651, 44.106895], [9.726484, 44.106787], [9.726548, 44.106751], [9.726645, 44.106791], [9.726717, 44.106835], [9.726815, 44.106866], [9.726896, 44.106848], [9.726955, 44.106825], [9.727037, 44.106784], [9.727077, 44.106761], [9.726959, 44.106663], [9.726889, 44.106573], [9.726854, 44.106506], [9.726851, 44.10642], [9.726816, 44.106344], [9.726768, 44.106268], [9.72671, 44.10621], [9.726627, 44.106129], [9.726599, 44.106012], [9.726617, 44.10594], [9.72668, 44.105787], [9.726784, 44.105678], [9.726855, 44.105614], [9.726936, 44.105542], [9.727053, 44.105438], [9.72714, 44.10541], [9.727223, 44.105396], [9.727288, 44.105382], [9.727368, 44.105364], [9.727455, 44.105372], [9.727506, 44.105399], [9.727504, 44.10548], [9.727486, 44.105561], [9.727504, 44.105615], [9.727626, 44.105686], [9.727753, 44.105726], [9.727864, 44.105743], [9.728019, 44.105729], [9.72813, 44.105714], [9.728276, 44.105677], [9.728408, 44.105645], [9.728526, 44.105595], [9.728626, 44.105549], [9.728653, 44.105513], [9.728681, 44.10545], [9.728711, 44.105355], [9.728739, 44.10526], [9.728752, 44.105166], [9.728802, 44.105044], [9.72883, 44.104981], [9.728862, 44.104908], [9.728864, 44.104881], [9.728861, 44.104845], [9.728818, 44.104814], [9.728801, 44.104796], [9.728801, 44.104774], [9.728856, 44.104719], [9.728901, 44.104674], [9.728954, 44.104633], [9.728995, 44.104588], [9.729072, 44.104497], [9.72916, 44.10442], [9.729254, 44.104339], [9.729327, 44.104293], [9.729431, 44.104257], [9.729509, 44.104229], [9.729562, 44.104193], [9.729565, 44.104184], [9.729609, 44.104113], [9.729731, 44.104003], [9.729826, 44.103921], [9.729928, 44.103848], [9.730008, 44.103789], [9.730025, 44.103758], [9.730073, 44.103694], [9.73012, 44.103627], [9.730144, 44.103532], [9.730177, 44.103451], [9.730198, 44.103374], [9.730246, 44.10332], [9.730309, 44.103238], [9.730374, 44.103193], [9.730428, 44.103138], [9.730484, 44.103093], [9.730566, 44.103038], [9.730613, 44.103016], [9.730713, 44.102929], [9.730783, 44.102889], [9.730906, 44.102847], [9.731027, 44.102819], [9.731114, 44.102805], [9.731247, 44.1028], [9.731334, 44.102795], [9.731415, 44.102776], [9.731504, 44.10274], [9.731589, 44.102703], [9.731669, 44.10268], [9.73175, 44.102662], [9.731817, 44.102657], [9.731859, 44.102657], [9.731937, 44.102656], [9.73207, 44.102624], [9.732156, 44.102569], [9.732217, 44.102524], [9.732253, 44.102456], [9.732256, 44.102415], [9.732299, 44.102343], [9.732395, 44.102298], [9.732481, 44.10227], [9.732556, 44.102269], [9.732646, 44.102255], [9.732748, 44.102196], [9.732828, 44.102164], [9.732858, 44.10211], [9.73294, 44.102055], [9.733032, 44.102028], [9.733144, 44.101991], [9.73322, 44.101937], [9.733255, 44.101873], [9.733254, 44.10181], [9.733266, 44.101729], [9.733241, 44.101666], [9.733183, 44.101586], [9.733128, 44.101496], [9.733103, 44.101429], [9.73308, 44.101334], [9.733135, 44.101266], [9.733197, 44.101212], [9.733228, 44.10118], [9.733284, 44.101081], [9.733284, 44.101022], [9.733287, 44.100896], [9.733294, 44.100851], [9.733314, 44.10082], [9.733363, 44.100788], [9.733458, 44.100765], [9.733544, 44.100715], [9.733585, 44.100651], [9.733695, 44.100601], [9.733778, 44.100592], [9.73385, 44.100645], [9.733834, 44.100681], [9.733851, 44.100699], [9.733948, 44.100717], [9.734026, 44.100707], [9.734172, 44.100643], [9.734407, 44.100556], [9.734595, 44.10051], [9.734778, 44.1005], [9.734847, 44.100553], [9.734868, 44.100589], [9.734975, 44.100633], [9.735031, 44.100611], [9.735033, 44.100556], [9.7351, 44.100502], [9.735154, 44.100488], [9.735202, 44.100438], [9.735285, 44.100303], [9.735363, 44.100221], [9.735449, 44.100248], [9.73553, 44.100297], [9.735682, 44.100381], [9.735753, 44.100408], [9.735809, 44.100407], [9.73584, 44.100389], [9.735879, 44.100375], [9.73592, 44.100389], [9.735942, 44.100402], [9.736003, 44.100411], [9.736087, 44.100374], [9.736155, 44.100333], [9.736187, 44.100292], [9.736241, 44.100216], [9.736259, 44.10017], [9.736274, 44.100103], [9.736253, 44.100062], [9.736203, 44.100049], [9.736166, 44.100005], [9.736208, 44.099955], [9.736285, 44.099842], [9.73632, 44.099787], [9.736238, 44.099752], [9.736147, 44.099744], [9.73614, 44.099726], [9.736167, 44.099671], [9.736197, 44.09959], [9.736212, 44.099559], [9.73619, 44.099491], [9.736079, 44.099415], [9.736057, 44.099352], [9.736089, 44.099307], [9.736163, 44.099244], [9.736208, 44.099207], [9.736285, 44.099135], [9.736391, 44.099103], [9.736491, 44.099111], [9.736535, 44.099124], [9.736567, 44.099061], [9.736529, 44.098917], [9.736537, 44.098877], [9.736566, 44.098832], [9.736603, 44.098804], [9.736654, 44.098777], [9.73671, 44.098777], [9.736754, 44.098776], [9.73681, 44.098767], [9.736833, 44.098758], [9.736853, 44.098735], [9.736908, 44.098721], [9.736896, 44.098676], [9.736843, 44.098641], [9.736783, 44.098614], [9.736733, 44.098574], [9.73671, 44.098529], [9.736724, 44.098479], [9.736755, 44.09847], [9.736805, 44.09847], [9.736866, 44.098501], [9.736918, 44.098519], [9.736993, 44.098527], [9.737104, 44.098513], [9.737158, 44.09849], [9.737245, 44.098436], [9.737312, 44.098363], [9.73733, 44.098295], [9.737348, 44.098187], [9.73737, 44.098097], [9.7374, 44.097984], [9.737455, 44.097925], [9.737505, 44.09788], [9.737582, 44.097844], [9.737654, 44.097821], [9.737719, 44.097757], [9.737835, 44.097689], [9.737877, 44.097662], [9.737995, 44.097602], [9.738114, 44.097539], [9.738186, 44.097516], [9.738264, 44.097484], [9.738346, 44.097465], [9.738421, 44.097456], [9.738485, 44.097428], [9.738584, 44.09736], [9.738761, 44.097282], [9.738829, 44.097232], [9.738948, 44.097155], [9.739037, 44.097114], [9.739108, 44.097073], [9.739139, 44.097023], [9.739212, 44.096942], [9.739216, 44.096874], [9.739251, 44.09678], [9.73927, 44.096689], [9.739308, 44.096577], [9.739313, 44.096523], [9.739317, 44.096437], [9.739368, 44.096275], [9.739383, 44.096207], [9.739387, 44.096162], [9.739407, 44.096099], [9.739449, 44.096031], [9.739469, 44.096004], [9.739506, 44.095954], [9.739499, 44.095887], [9.73949, 44.095855], [9.73943, 44.095811], [9.739375, 44.095788], [9.73932, 44.095753], [9.739257, 44.095722], [9.739209, 44.095654], [9.739194, 44.095614], [9.739217, 44.095564], [9.739257, 44.095506], [9.739291, 44.095465], [9.739289, 44.095447], [9.739254, 44.095398], [9.739212, 44.095375], [9.739152, 44.095353], [9.739099, 44.095358], [9.739046, 44.095363], [9.738988, 44.095363], [9.73894, 44.09535], [9.738906, 44.09531], [9.738929, 44.095265], [9.738957, 44.09521], [9.738931, 44.095166], [9.738894, 44.095152], [9.738843, 44.095112], [9.738774, 44.095054], [9.738731, 44.095014], [9.738691, 44.09496], [9.738709, 44.094897], [9.738726, 44.094834], [9.738783, 44.094788], [9.73884, 44.094774], [9.738946, 44.094706], [9.738986, 44.094656], [9.739029, 44.094602], [9.739127, 44.09448], [9.739136, 44.094412], [9.739147, 44.094349], [9.739162, 44.094277], [9.739165, 44.094228], [9.73915, 44.094183], [9.73912, 44.094138], [9.739076, 44.094102], [9.739045, 44.094057], [9.739028, 44.094008], [9.739002, 44.093941], [9.738957, 44.093869], [9.73891, 44.093829], [9.738842, 44.093802], [9.738754, 44.093771], [9.73864, 44.093754], [9.73854, 44.093737], [9.738424, 44.093706], [9.738355, 44.093657], [9.738327, 44.093628], [9.738369, 44.094352], [9.738295, 44.094857], [9.738127, 44.095345], [9.737928, 44.095688], [9.737647, 44.095964], [9.73741, 44.096221], [9.737198, 44.096415], [9.736992, 44.096736], [9.736831, 44.097314], [9.736575, 44.097599], [9.736213, 44.097915], [9.736008, 44.098258], [9.735778, 44.098777], [9.735522, 44.099215], [9.735084, 44.099564], [9.734536, 44.099684], [9.732487, 44.100066], [9.730377, 44.10129], [9.729039, 44.10222], [9.726982, 44.103732], [9.725672, 44.104933], [9.724988, 44.106147], [9.724375, 44.107127], [9.723788, 44.10816], [9.722781, 44.109539], [9.721671, 44.110756], [9.720505, 44.111541], [9.719961, 44.11196], [9.71919, 44.112326], [9.717852, 44.11331], [9.717358, 44.113801], [9.716392, 44.114566], [9.715202, 44.115404], [9.713565, 44.116462], [9.712393, 44.116759], [9.711093, 44.116822], [9.709893, 44.116848], [9.708392, 44.116876], [9.706294, 44.117124], [9.704877, 44.117838], [9.704358, 44.118292], [9.703814, 44.118856], [9.702775, 44.119784], [9.702261, 44.120618], [9.701944, 44.121324], [9.701634, 44.122554], [9.700169, 44.123376], [9.697433, 44.124658], [9.69457, 44.125832], [9.692806, 44.126764], [9.69072, 44.128024], [9.689628, 44.128735], [9.68861, 44.129446], [9.685738, 44.131905], [9.685823, 44.131864]]]}, "properties": {"band_code": "01", "band_label": "0-10 m", "lower_depth_m": 0}}, {"type": "Feature", "geometry": {"type": "Polygon", "coordinates": [[[9.451576, 44.23807], [9.453955, 44.237789], [9.456857, 44.237216], [9.458583, 44.236793], [9.460708, 44.236134], [9.461933, 44.235749], [9.463408, 44.235291], [9.464683, 44.234925], [9.465606, 44.234397], [9.466828, 44.233687], [9.469127, 44.232846], [9.470955, 44.232694], [9.472333, 44.232561], [9.472985, 44.23263], [9.473489, 44.232989], [9.473747, 44.233746], [9.474051, 44.234124], [9.475054, 44.234264], [9.476011, 44.234747], [9.476518, 44.235323], [9.477453, 44.236185], [9.478434, 44.236668], [9.480039, 44.236752], [9.482441, 44.236199], [9.484393, 44.235901], [9.486166, 44.235134], [9.487487, 44.234297], [9.488683, 44.233551], [9.490028, 44.232534], [9.491472, 44.231534], [9.492318, 44.23088], [9.494739, 44.229767], [9.495681, 44.228643], [9.496148, 44.227612], [9.496767, 44.22676], [9.497061, 44.226054], [9.497631, 44.225384], [9.499867, 44.223188], [9.502556, 44.221333], [9.505498, 44.219694], [9.506719, 44.21893], [9.509454, 44.216659], [9.510863, 44.214558], [9.514306, 44.212988], [9.516802, 44.212001], [9.519297, 44.210923], [9.520943, 44.210103], [9.524786, 44.208549], [9.528756, 44.207138], [9.531978, 44.206093], [9.535629, 44.205406], [9.539024, 44.204234], [9.541826, 44.203768], [9.543658, 44.204156], [9.545613, 44.204236], [9.546911, 44.203742], [9.547608, 44.203287], [9.548704, 44.202667], [9.549775, 44.202066], [9.550622, 44.201664], [9.551797, 44.201351], [9.552694, 44.200877], [9.553615, 44.200312], [9.55431, 44.199731], [9.555303, 44.198822], [9.556499, 44.198184], [9.557967, 44.197219], [9.558457, 44.196115], [9.559424, 44.195135], [9.560645, 44.194551], [9.562471, 44.194252], [9.564742, 44.1935], [9.565656, 44.192195], [9.568628, 44.189557], [9.568611, 44.189537], [9.568622, 44.18947], [9.56866, 44.189397], [9.568744, 44.189374], [9.568845, 44.189387], [9.56897, 44.189432], [9.5691, 44.189454], [9.569191, 44.189422], [9.569121, 44.189354], [9.568996, 44.189315], [9.568945, 44.189234], [9.568971, 44.189175], [9.569017, 44.189094], [9.569107, 44.189044], [9.569221, 44.189012], [9.569308, 44.188971], [9.569365, 44.188908], [9.569363, 44.188822], [9.569308, 44.188746], [9.569297, 44.188656], [9.569292, 44.188561], [9.569268, 44.188489], [9.569217, 44.188454], [9.569057, 44.1884], [9.568894, 44.188383], [9.568749, 44.188344], [9.568623, 44.188313], [9.568452, 44.188277], [9.568338, 44.188247], [9.568275, 44.188197], [9.568207, 44.188148], [9.568128, 44.18809], [9.568067, 44.188027], [9.567975, 44.187942], [9.567896, 44.187866], [9.567816, 44.187808], [9.567742, 44.187754], [9.567674, 44.187687], [9.56766, 44.187651], [9.567659, 44.18757], [9.567715, 44.187538], [9.567732, 44.187525], [9.567722, 44.187498], [9.567685, 44.187494], [9.567656, 44.187503], [9.56763, 44.187498], [9.567592, 44.187467], [9.567556, 44.187449], [9.567499, 44.187422], [9.567459, 44.187409], [9.567396, 44.1874], [9.567305, 44.187387], [9.567249, 44.18737], [9.567238, 44.187352], [9.56722, 44.18732], [9.56724, 44.187257], [9.567296, 44.187207], [9.567401, 44.187157], [9.567481, 44.187125], [9.567551, 44.187098], [9.567606, 44.187075], [9.567682, 44.187034], [9.567702, 44.187012], [9.567697, 44.186976], [9.567667, 44.186931], [9.567643, 44.186868], [9.567623, 44.186819], [9.567641, 44.18671], [9.567759, 44.186611], [9.567781, 44.18657], [9.567919, 44.186507], [9.568037, 44.186519], [9.568094, 44.186515], [9.568154, 44.186523], [9.568215, 44.186519], [9.568282, 44.186523], [9.568324, 44.186523], [9.568357, 44.186513], [9.568364, 44.186455], [9.568319, 44.186424], [9.568295, 44.186383], [9.568337, 44.186338], [9.56839, 44.186324], [9.568455, 44.18631], [9.568487, 44.186301], [9.568512, 44.186233], [9.568487, 44.186193], [9.568467, 44.186117], [9.56849, 44.186018], [9.568504, 44.185972], [9.568459, 44.185928], [9.568376, 44.185888], [9.568254, 44.185875], [9.568154, 44.185839], [9.568136, 44.185776], [9.568193, 44.185735], [9.568205, 44.185699], [9.568103, 44.185637], [9.567979, 44.185592], [9.567866, 44.185575], [9.567732, 44.185567], [9.567571, 44.185558], [9.567491, 44.185527], [9.567405, 44.185447], [9.567345, 44.185375], [9.567346, 44.185253], [9.567325, 44.185195], [9.567223, 44.185173], [9.567194, 44.185124], [9.567084, 44.185066], [9.566987, 44.185012], [9.566985, 44.185011], [9.566144, 44.186125], [9.565554, 44.187157], [9.565342, 44.188477], [9.564221, 44.189042], [9.565358, 44.190048], [9.564066, 44.19103], [9.562273, 44.192014], [9.560628, 44.19289], [9.558963, 44.194163], [9.557575, 44.195578], [9.555762, 44.197141], [9.554668, 44.197887], [9.552464, 44.197953], [9.550935, 44.19787], [9.548988, 44.198494], [9.548464, 44.198732], [9.547365, 44.199044], [9.54552, 44.199939], [9.544698, 44.200394], [9.542454, 44.201435], [9.540811, 44.202473], [9.537989, 44.203372], [9.535514, 44.203944], [9.533514, 44.20428], [9.530714, 44.204889], [9.528042, 44.205806], [9.525116, 44.206398], [9.521692, 44.20721], [9.518292, 44.208003], [9.516271, 44.208807], [9.513753, 44.210138], [9.511138, 44.211866], [9.508142, 44.213018], [9.506074, 44.214256], [9.504279, 44.215258], [9.503087, 44.216347], [9.501945, 44.217508], [9.500932, 44.219138], [9.499401, 44.221565], [9.498236, 44.222997], [9.496347, 44.224703], [9.493078, 44.226163], [9.489557, 44.227606], [9.486381, 44.228326], [9.483981, 44.229113], [9.481908, 44.229827], [9.480118, 44.231478], [9.47825, 44.232769], [9.47708, 44.233731], [9.47628, 44.234006], [9.475274, 44.233631], [9.474814, 44.232586], [9.474458, 44.231992], [9.472748, 44.231313], [9.470794, 44.231448], [9.469017, 44.231709], [9.46687, 44.232712], [9.464174, 44.234024], [9.461724, 44.234757], [9.457696, 44.235551], [9.455718, 44.235831], [9.453242, 44.23651], [9.451743, 44.237058], [9.45, 44.23732674875208], [9.45, 44.238109512250716], [9.451576, 44.23807]]]}, "properties": {"band_code": "02", "band_label": "10-20 m", "lower_depth_m": 10}}, {"type": "Feature", "geometry": {"type": "Polygon", "coordinates": [[[9.450058, 44.239708], [9.450176, 44.239779], [9.450246, 44.239851], [9.450323, 44.239981], [9.45054, 44.240057], [9.450727, 44.240083], [9.450919, 44.240073], [9.451207, 44.240068], [9.451541, 44.240166], [9.451821, 44.24029], [9.452013, 44.240276], [9.452322, 44.24027], [9.45257, 44.240188], [9.452651, 44.240143], [9.452732, 44.240098], [9.452821, 44.240061], [9.452988, 44.240007], [9.45305, 44.239961], [9.45319, 44.239835], [9.453421, 44.239541], [9.453579, 44.239527], [9.453722, 44.239599], [9.453926, 44.239665], [9.454219, 44.239678], [9.45441, 44.239623], [9.454446, 44.239533], [9.454497, 44.239389], [9.454482, 44.239272], [9.454688, 44.239158], [9.454973, 44.239031], [9.455122, 44.238886], [9.455081, 44.23872], [9.455187, 44.238585], [9.455459, 44.238475], [9.45566, 44.238506], [9.455896, 44.238541], [9.456137, 44.238459], [9.456284, 44.23845], [9.456529, 44.238444], [9.45672, 44.238425], [9.456849, 44.238294], [9.457024, 44.238244], [9.45713, 44.238316], [9.457296, 44.238401], [9.457421, 44.238373], [9.457556, 44.238373], [9.457731, 44.238403], [9.457985, 44.238402], [9.458126, 44.238388], [9.45825, 44.238248], [9.458534, 44.238198], [9.458726, 44.238125], [9.458866, 44.238003], [9.459031, 44.237817], [9.459266, 44.237871], [9.459452, 44.237834], [9.459657, 44.237783], [9.459806, 44.237675], [9.459931, 44.237611], [9.459744, 44.237522], [9.459698, 44.237414], [9.45983, 44.237337], [9.459967, 44.237368], [9.46015, 44.237408], [9.460255, 44.237367], [9.460264, 44.237362], [9.460395, 44.23715], [9.460649, 44.237131], [9.461083, 44.237035], [9.461328, 44.23689], [9.461501, 44.236781], [9.461681, 44.236636], [9.461925, 44.236626], [9.462121, 44.236477], [9.461997, 44.236608], [9.461989, 44.236788], [9.462155, 44.236918], [9.462337, 44.237003], [9.462529, 44.237029], [9.462785, 44.237064], [9.463009, 44.237081], [9.463305, 44.237071], [9.463517, 44.236976], [9.463674, 44.236849], [9.463848, 44.23674], [9.464018, 44.236613], [9.464232, 44.236518], [9.464418, 44.236517], [9.464648, 44.23648], [9.464725, 44.236408], [9.46483, 44.236304], [9.464997, 44.236141], [9.46513, 44.236064], [9.465228, 44.236014], [9.465274, 44.235947], [9.465367, 44.236005], [9.465489, 44.236117], [9.465614, 44.236188], [9.465838, 44.236129], [9.466033, 44.236061], [9.466204, 44.235934], [9.466328, 44.235915], [9.466524, 44.235874], [9.466661, 44.235729], [9.466844, 44.235697], [9.467099, 44.235651], [9.46719, 44.235561], [9.467115, 44.235462], [9.467259, 44.235353], [9.467224, 44.235232], [9.467279, 44.235092], [9.467361, 44.234939], [9.46731, 44.23479], [9.467268, 44.234692], [9.467265, 44.234512], [9.467228, 44.234372], [9.467185, 44.234332], [9.467356, 44.234084], [9.467543, 44.234029], [9.467746, 44.233992], [9.467846, 44.233996], [9.467992, 44.233982], [9.468091, 44.2339], [9.4682, 44.233787], [9.468361, 44.233751], [9.468538, 44.233773], [9.468642, 44.23379], [9.468747, 44.233898], [9.46876, 44.234114], [9.468837, 44.234212], [9.468969, 44.234266], [9.469095, 44.234324], [9.469197, 44.234355], [9.469362, 44.234408], [9.469435, 44.23453], [9.469483, 44.234538], [9.469552, 44.234493], [9.469651, 44.234358], [9.469729, 44.234173], [9.469912, 44.234114], [9.470206, 44.234076], [9.470562, 44.23412], [9.470661, 44.23407], [9.470783, 44.233988], [9.470926, 44.233938], [9.471003, 44.233938], [9.471031, 44.233875], [9.47111, 44.233866], [9.471315, 44.23377], [9.471438, 44.23377], [9.47145, 44.233684], [9.471463, 44.233567], [9.471529, 44.233526], [9.471638, 44.233665], [9.471727, 44.233863], [9.471819, 44.233948], [9.47195, 44.233939], [9.47202, 44.233857], [9.472176, 44.233614], [9.472348, 44.233532], [9.472468, 44.233477], [9.4725, 44.233657], [9.472489, 44.233837], [9.472582, 44.233864], [9.472774, 44.233872], [9.472745, 44.233949], [9.472875, 44.234092], [9.4729, 44.234097], [9.473006, 44.234272], [9.473124, 44.234334], [9.473231, 44.234415], [9.473232, 44.234559], [9.473333, 44.23464], [9.473484, 44.234738], [9.473621, 44.23485], [9.473811, 44.234894], [9.474043, 44.234911], [9.474169, 44.234888], [9.474281, 44.234888], [9.474386, 44.23491], [9.474455, 44.234806], [9.474497, 44.234738], [9.47474, 44.234746], [9.474931, 44.234795], [9.475078, 44.234736], [9.47513, 44.234601], [9.47523, 44.234573], [9.475221, 44.234699], [9.475175, 44.234911], [9.47522, 44.23496], [9.475345, 44.235077], [9.475441, 44.235176], [9.475559, 44.23527], [9.475632, 44.235323], [9.475751, 44.235341], [9.475819, 44.235417], [9.475862, 44.235511], [9.475924, 44.235696], [9.475997, 44.235781], [9.476229, 44.235811], [9.476385, 44.235946], [9.476507, 44.236089], [9.476603, 44.236238], [9.476687, 44.236314], [9.476786, 44.236583], [9.47686, 44.236669], [9.476982, 44.236839], [9.477122, 44.236951], [9.477227, 44.237077], [9.477326, 44.237175], [9.477429, 44.237301], [9.477464, 44.237508], [9.477543, 44.237616], [9.477576, 44.237692], [9.47764, 44.237836], [9.477702, 44.237993], [9.477772, 44.238101], [9.477909, 44.238181], [9.477959, 44.23819], [9.477843, 44.238317], [9.477864, 44.238429], [9.47802, 44.238541], [9.478251, 44.238652], [9.478417, 44.238868], [9.478581, 44.238984], [9.478731, 44.239371], [9.478874, 44.239631], [9.479007, 44.23982], [9.479129, 44.239864], [9.479329, 44.239998], [9.479599, 44.240258], [9.479787, 44.240298], [9.479916, 44.240505], [9.480084, 44.240594], [9.480243, 44.240647], [9.480332, 44.240665], [9.480357, 44.240669], [9.480468, 44.240678], [9.480781, 44.240681], [9.481324, 44.240611], [9.481562, 44.240606], [9.481851, 44.240555], [9.482103, 44.240522], [9.482394, 44.240503], [9.482973, 44.240447], [9.483151, 44.240428], [9.483301, 44.240405], [9.48367, 44.240345], [9.483876, 44.240254], [9.484053, 44.240231], [9.484558, 44.24003], [9.484884, 44.240006], [9.485095, 44.239834], [9.485259, 44.239766], [9.485353, 44.239635], [9.485647, 44.239323], [9.485699, 44.23922], [9.485778, 44.23917], [9.48582, 44.239116], [9.485975, 44.239101], [9.486009, 44.239268], [9.486059, 44.239416], [9.486222, 44.239429], [9.486282, 44.239528], [9.48635, 44.239613], [9.48697, 44.239565], [9.487265, 44.23951], [9.487557, 44.239365], [9.48786, 44.239265], [9.488126, 44.239151], [9.488422, 44.238956], [9.488578, 44.238883], [9.488802, 44.238689], [9.489195, 44.238485], [9.489715, 44.238316], [9.490124, 44.238098], [9.490462, 44.237907], [9.490665, 44.237821], [9.490826, 44.237798], [9.491025, 44.237441], [9.491267, 44.237283], [9.491757, 44.236975], [9.492009, 44.23691], [9.492135, 44.236878], [9.492421, 44.23681], [9.492522, 44.23671], [9.492629, 44.236593], [9.492779, 44.236574], [9.492834, 44.236533], [9.49295, 44.236456], [9.493502, 44.236157], [9.493804, 44.236011], [9.49393, 44.235885], [9.494093, 44.235866], [9.494224, 44.235668], [9.494315, 44.235636], [9.494418, 44.235469], [9.494546, 44.235392], [9.494845, 44.23517], [9.495018, 44.234998], [9.495103, 44.234961], [9.49526, 44.234889], [9.495431, 44.234758], [9.495712, 44.234306], [9.495815, 44.234202], [9.495959, 44.234044], [9.496084, 44.234043], [9.496199, 44.233773], [9.496281, 44.23357], [9.496342, 44.233444], [9.496359, 44.233232], [9.496461, 44.233011], [9.496642, 44.232848], [9.496917, 44.232568], [9.497028, 44.232396], [9.497095, 44.232279], [9.497189, 44.232135], [9.497297, 44.231927], [9.497394, 44.231733], [9.497414, 44.231548], [9.497408, 44.231179], [9.497419, 44.231067], [9.497436, 44.23095], [9.497471, 44.230724], [9.497564, 44.230364], [9.497506, 44.230148], [9.497441, 44.229959], [9.497399, 44.229946], [9.497383, 44.229536], [9.497419, 44.229388], [9.497552, 44.229148], [9.497618, 44.228973], [9.497668, 44.228819], [9.497739, 44.22854], [9.497967, 44.228278], [9.498117, 44.228048], [9.498239, 44.22789], [9.498383, 44.227704], [9.498454, 44.227529], [9.498519, 44.227339], [9.498568, 44.227195], [9.498726, 44.226929], [9.498792, 44.226816], [9.498833, 44.226699], [9.498907, 44.226518], [9.498982, 44.226477], [9.499061, 44.226364], [9.499116, 44.226261], [9.499169, 44.22617], [9.499218, 44.226121], [9.499303, 44.226012], [9.499379, 44.22594], [9.499452, 44.22585], [9.499475, 44.225782], [9.49949, 44.225678], [9.499519, 44.225548], [9.499545, 44.225543], [9.499621, 44.225421], [9.499725, 44.22529], [9.499852, 44.225182], [9.5, 44.225082], [9.500094, 44.225082], [9.500177, 44.224892], [9.500212, 44.224788], [9.500248, 44.224707], [9.500318, 44.224563], [9.500347, 44.224473], [9.500445, 44.224265], [9.500509, 44.224184], [9.500573, 44.224044], [9.500652, 44.223913], [9.500793, 44.223796], [9.500881, 44.223611], [9.500984, 44.223592], [9.501054, 44.223394], [9.501096, 44.223358], [9.501152, 44.223308], [9.501168, 44.223294], [9.501144, 44.22324], [9.501175, 44.2232], [9.501256, 44.223145], [9.501434, 44.223118], [9.501498, 44.223117], [9.501586, 44.223112], [9.501621, 44.222874], [9.501627, 44.222779], [9.501612, 44.222743], [9.501584, 44.222698], [9.501516, 44.222667], [9.501453, 44.22264], [9.501457, 44.222541], [9.501532, 44.222505], [9.501635, 44.222491], [9.501715, 44.222518], [9.501792, 44.22254], [9.501898, 44.222458], [9.501986, 44.222323], [9.502105, 44.222178], [9.502208, 44.222133], [9.502295, 44.222087], [9.502388, 44.222083], [9.502536, 44.222059], [9.502653, 44.222063], [9.502777, 44.222022], [9.502947, 44.221977], [9.503093, 44.221877], [9.503233, 44.221777], [9.503328, 44.221741], [9.50351, 44.221614], [9.503646, 44.221564], [9.503941, 44.22149], [9.504066, 44.221467], [9.504285, 44.221399], [9.504378, 44.221376], [9.50454, 44.221281], [9.504633, 44.221186], [9.5048, 44.221082], [9.50489, 44.221041], [9.505058, 44.221031], [9.505097, 44.220995], [9.505254, 44.220963], [9.505307, 44.220913], [9.505379, 44.220881], [9.505457, 44.220818], [9.505547, 44.220817], [9.505611, 44.220763], [9.5057, 44.220771], [9.505816, 44.220798], [9.505963, 44.22077], [9.506072, 44.220644], [9.50621, 44.220535], [9.506273, 44.220449], [9.506303, 44.220436], [9.506442, 44.220345], [9.506595, 44.22034], [9.506685, 44.220222], [9.506839, 44.220222], [9.506933, 44.220127], [9.507056, 44.220077], [9.507118, 44.220058], [9.507201, 44.219892], [9.507266, 44.219824], [9.50743, 44.219715], [9.507571, 44.219624], [9.50774, 44.219525], [9.507927, 44.219456], [9.508107, 44.219334], [9.508241, 44.219189], [9.508318, 44.219126], [9.508431, 44.218977], [9.508507, 44.218891], [9.508568, 44.218837], [9.50852, 44.218751], [9.508507, 44.218706], [9.508568, 44.218639], [9.508661, 44.218611], [9.508797, 44.218552], [9.508867, 44.218471], [9.508948, 44.218425], [9.509018, 44.218393], [9.509082, 44.218398], [9.509198, 44.218406], [9.509288, 44.218383], [9.509441, 44.21832], [9.509549, 44.218252], [9.509669, 44.218111], [9.509803, 44.218016], [9.509863, 44.217917], [9.509853, 44.217836], [9.509893, 44.217746], [9.509993, 44.217745], [9.510054, 44.217727], [9.51009, 44.217677], [9.510139, 44.217569], [9.510122, 44.217461], [9.510128, 44.21738], [9.510167, 44.217344], [9.510273, 44.217348], [9.510378, 44.217357], [9.510469, 44.217361], [9.510519, 44.217342], [9.510567, 44.217302], [9.510583, 44.217207], [9.510621, 44.217207], [9.510724, 44.217049], [9.510882, 44.217044], [9.511098, 44.217016], [9.511212, 44.216952], [9.511361, 44.216875], [9.511445, 44.216821], [9.511614, 44.21673], [9.511796, 44.216662], [9.511928, 44.216598], [9.511979, 44.216521], [9.512082, 44.216467], [9.512235, 44.216439], [9.512359, 44.216398], [9.512451, 44.216357], [9.512566, 44.216289], [9.512784, 44.216202], [9.513001, 44.216143], [9.513118, 44.21612], [9.513276, 44.216083], [9.513522, 44.216069], [9.513723, 44.216036], [9.513898, 44.216008], [9.514063, 44.215949], [9.514179, 44.215895], [9.514358, 44.215786], [9.514506, 44.215727], [9.514747, 44.215568], [9.515007, 44.215441], [9.515258, 44.215327], [9.51552, 44.215213], [9.515724, 44.215046], [9.515923, 44.214932], [9.516174, 44.214819], [9.516418, 44.214647], [9.516639, 44.214529], [9.516887, 44.214397], [9.517041, 44.214338], [9.517202, 44.214238], [9.517394, 44.214192], [9.517484, 44.214165], [9.517648, 44.214069], [9.518009, 44.213901], [9.518233, 44.213756], [9.518333, 44.213693], [9.518534, 44.21357], [9.51876, 44.213479], [9.519126, 44.213342], [9.519731, 44.213065], [9.519944, 44.21292], [9.520011, 44.212906], [9.520106, 44.212901], [9.520185, 44.212775], [9.520278, 44.212675], [9.520385, 44.212598], [9.520501, 44.212521], [9.520619, 44.212435], [9.520782, 44.212304], [9.520839, 44.212241], [9.520935, 44.212155], [9.521021, 44.212105], [9.521108, 44.212064], [9.521139, 44.212023], [9.521126, 44.211978], [9.521132, 44.211906], [9.521124, 44.211839], [9.521176, 44.211798], [9.52134, 44.21168], [9.521463, 44.211617], [9.521603, 44.211571], [9.521727, 44.211539], [9.521906, 44.211529], [9.522087, 44.211465], [9.522252, 44.211383], [9.522444, 44.211306], [9.52266, 44.211256], [9.522687, 44.211201], [9.522912, 44.211155], [9.523091, 44.211042], [9.523202, 44.211006], [9.523361, 44.210942], [9.523431, 44.210932], [9.523512, 44.210883], [9.523768, 44.210751], [9.524036, 44.210682], [9.524201, 44.210618], [9.524365, 44.210496], [9.524513, 44.21045], [9.524727, 44.210386], [9.524905, 44.210341], [9.525056, 44.210268], [9.525193, 44.210209], [9.525321, 44.210186], [9.525424, 44.210028], [9.525582, 44.209937], [9.525725, 44.20986], [9.525845, 44.209814], [9.525926, 44.209656], [9.526006, 44.209579], [9.526089, 44.20948], [9.526194, 44.209344], [9.526267, 44.209222], [9.526272, 44.209105], [9.526198, 44.20907], [9.526115, 44.209016], [9.526012, 44.209048], [9.525929, 44.209053], [9.525927, 44.208999], [9.52599, 44.208904], [9.526087, 44.208845], [9.526182, 44.20884], [9.526251, 44.208678], [9.526318, 44.20861], [9.526355, 44.20861], [9.526429, 44.208506], [9.526479, 44.208501], [9.526633, 44.208473], [9.52671, 44.208388], [9.526825, 44.208297], [9.526926, 44.208225], [9.526997, 44.208089], [9.527084, 44.208003], [9.527162, 44.208025], [9.527184, 44.208052], [9.527109, 44.208183], [9.527019, 44.208283], [9.526935, 44.208337], [9.526856, 44.2084], [9.526798, 44.208459], [9.526802, 44.208504], [9.526852, 44.208513], [9.526946, 44.208486], [9.527089, 44.208422], [9.527142, 44.208381], [9.527201, 44.208381], [9.527307, 44.208362], [9.52741, 44.208299], [9.52744, 44.208294], [9.527482, 44.208407], [9.527462, 44.208551], [9.527569, 44.208573], [9.527612, 44.208532], [9.5277, 44.208509], [9.52778, 44.208522], [9.527841, 44.208499], [9.527876, 44.208423], [9.52789, 44.208441], [9.527891, 44.208369], [9.527903, 44.208274], [9.527961, 44.208166], [9.528044, 44.208138], [9.528092, 44.208116], [9.528157, 44.208156], [9.528212, 44.208196], [9.528318, 44.208173], [9.528367, 44.208096], [9.528423, 44.20802], [9.52848, 44.207934], [9.528416, 44.207894], [9.52837, 44.207849], [9.528399, 44.207759], [9.528477, 44.207704], [9.528576, 44.207641], [9.528716, 44.207586], [9.528808, 44.207482], [9.529023, 44.207378], [9.529093, 44.207305], [9.529141, 44.207287], [9.529226, 44.207201], [9.529284, 44.207187], [9.529306, 44.207246], [9.529249, 44.207336], [9.529164, 44.207381], [9.529041, 44.207485], [9.529002, 44.207553], [9.529048, 44.207553], [9.52911, 44.207535], [9.529193, 44.207494], [9.529266, 44.207489], [9.529366, 44.207484], [9.529464, 44.207425], [9.529522, 44.207398], [9.52958, 44.207424], [9.529652, 44.207451], [9.529712, 44.207464], [9.529806, 44.207464], [9.529898, 44.207455], [9.530018, 44.207427], [9.530143, 44.207422], [9.53016, 44.207408], [9.530427, 44.20747], [9.530522, 44.207465], [9.530705, 44.207442], [9.53079, 44.207495], [9.530963, 44.207621], [9.531279, 44.207552], [9.531437, 44.207528], [9.531535, 44.207492], [9.53168, 44.207442], [9.531794, 44.207423], [9.53195, 44.207341], [9.532001, 44.207305], [9.532185, 44.207237], [9.532345, 44.207236], [9.532468, 44.207204], [9.532526, 44.20719], [9.532722, 44.207131], [9.532911, 44.207017], [9.533176, 44.206967], [9.533386, 44.207002], [9.533519, 44.207019], [9.533669, 44.206982], [9.533883, 44.206914], [9.534003, 44.206868], [9.534068, 44.206805], [9.534182, 44.206786], [9.534342, 44.206781], [9.53444, 44.206776], [9.534487, 44.206753], [9.534673, 44.20673], [9.534844, 44.206599], [9.535021, 44.206521], [9.535079, 44.206472], [9.535125, 44.206512], [9.535168, 44.206593], [9.535329, 44.206673], [9.535515, 44.206731], [9.535616, 44.206726], [9.535915, 44.206684], [9.536077, 44.206683], [9.536293, 44.206668], [9.536435, 44.206659], [9.536679, 44.206644], [9.536814, 44.206652], [9.537058, 44.206647], [9.537236, 44.206623], [9.537584, 44.20655], [9.537823, 44.206463], [9.538111, 44.206363], [9.538153, 44.206348], [9.538441, 44.206186], [9.538584, 44.20623], [9.538638, 44.206266], [9.538696, 44.206275], [9.53889, 44.206301], [9.539013, 44.206269], [9.539096, 44.206228], [9.539204, 44.2062], [9.539259, 44.206245], [9.539483, 44.206307], [9.539518, 44.206311], [9.539741, 44.206324], [9.539896, 44.206341], [9.540086, 44.206371], [9.540174, 44.206389], [9.54038, 44.206379], [9.540558, 44.206365], [9.540648, 44.206405], [9.540853, 44.206449], [9.540908, 44.206489], [9.54097, 44.206525], [9.541214, 44.206564], [9.541358, 44.206586], [9.541531, 44.206599], [9.541769, 44.206629], [9.541824, 44.206651], [9.541889, 44.206656], [9.542115, 44.206717], [9.542238, 44.206784], [9.542323, 44.206834], [9.542433, 44.206878], [9.542612, 44.206922], [9.542775, 44.206953], [9.542939, 44.206988], [9.543076, 44.207037], [9.543378, 44.207072], [9.543521, 44.207125], [9.543862, 44.207182], [9.544184, 44.20723], [9.544514, 44.207282], [9.54481, 44.207299], [9.545189, 44.207302], [9.545585, 44.207309], [9.545768, 44.207312], [9.545963, 44.207307], [9.546803, 44.207276], [9.546936, 44.207235], [9.547126, 44.207207], [9.547292, 44.207183], [9.547448, 44.207187], [9.547606, 44.20715], [9.547896, 44.207041], [9.54811, 44.206959], [9.54837, 44.206863], [9.548697, 44.206713], [9.549048, 44.206545], [9.549294, 44.206409], [9.549503, 44.206327], [9.549803, 44.206172], [9.550033, 44.206166], [9.550227, 44.205963], [9.550455, 44.205755], [9.550668, 44.205691], [9.55087, 44.205631], [9.550972, 44.205518], [9.551182, 44.205432], [9.551306, 44.205391], [9.551424, 44.205327], [9.551659, 44.20524], [9.551903, 44.205199], [9.552022, 44.205081], [9.552094, 44.205009], [9.552184, 44.204986], [9.552289, 44.204841], [9.552339, 44.204692], [9.552432, 44.204548], [9.552485, 44.204336], [9.552576, 44.20421], [9.552701, 44.20402], [9.552751, 44.203867], [9.552808, 44.203803], [9.552801, 44.20365], [9.552743, 44.203556], [9.552716, 44.203471], [9.55272, 44.203291], [9.552752, 44.20311], [9.552817, 44.203034], [9.552862, 44.202885], [9.553027, 44.202785], [9.553258, 44.20268], [9.553364, 44.202491], [9.553356, 44.202464], [9.553296, 44.202433], [9.553331, 44.202329], [9.553407, 44.202225], [9.55351, 44.202175], [9.553662, 44.202098], [9.553782, 44.202061], [9.553851, 44.202025], [9.553919, 44.201934], [9.553961, 44.20179], [9.554036, 44.201623], [9.554162, 44.201542], [9.554277, 44.201455], [9.554396, 44.201405], [9.554441, 44.201549], [9.554451, 44.201603], [9.554549, 44.201634], [9.554582, 44.201639], [9.554638, 44.201733], [9.554781, 44.201782], [9.554894, 44.201709], [9.554981, 44.201619], [9.555046, 44.201564], [9.555119, 44.201501], [9.555177, 44.201442], [9.555142, 44.201262], [9.555278, 44.20109], [9.555343, 44.20114], [9.555451, 44.201175], [9.555538, 44.201139], [9.555603, 44.201089], [9.555619, 44.201048], [9.555563, 44.200954], [9.555563, 44.200805], [9.555643, 44.200679], [9.555699, 44.200643], [9.555822, 44.200588], [9.555889, 44.200525], [9.555917, 44.200493], [9.55598, 44.200493], [9.556022, 44.200511], [9.556143, 44.200402], [9.556274, 44.200311], [9.556371, 44.20023], [9.55641, 44.20014], [9.556451, 44.200076], [9.556467, 44.200076], [9.556457, 44.199896], [9.556434, 44.199869], [9.556492, 44.199811], [9.55659, 44.199842], [9.556701, 44.199837], [9.556776, 44.199818], [9.556861, 44.199696], [9.556851, 44.199624], [9.55672, 44.199557], [9.556568, 44.19954], [9.55647, 44.199536], [9.556352, 44.199622], [9.556281, 44.199767], [9.556154, 44.199907], [9.556018, 44.20007], [9.555906, 44.200138], [9.555799, 44.20012], [9.55578, 44.200062], [9.555683, 44.200017], [9.555599, 44.199995], [9.555563, 44.199896], [9.555576, 44.199847], [9.555549, 44.199761], [9.555575, 44.199685], [9.555622, 44.19959], [9.555693, 44.19949], [9.555817, 44.199512], [9.555928, 44.199471], [9.556069, 44.199381], [9.556161, 44.19929], [9.556247, 44.199182], [9.556354, 44.199105], [9.556418, 44.199023], [9.556483, 44.198924], [9.556572, 44.198815], [9.556634, 44.198712], [9.556749, 44.198639], [9.556876, 44.198634], [9.556947, 44.198701], [9.556967, 44.198728], [9.556901, 44.198872], [9.556854, 44.19899], [9.556965, 44.199093], [9.557057, 44.199097], [9.557087, 44.199173], [9.557211, 44.199222], [9.557303, 44.199118], [9.557313, 44.199073], [9.557418, 44.199081], [9.557491, 44.199041], [9.557618, 44.199017], [9.557778, 44.198985], [9.557959, 44.198885], [9.558077, 44.19879], [9.558177, 44.198785], [9.55821, 44.198807], [9.558327, 44.198748], [9.558445, 44.198671], [9.558555, 44.198594], [9.558759, 44.198427], [9.558893, 44.198372], [9.558961, 44.198318], [9.559014, 44.198254], [9.559083, 44.198182], [9.559176, 44.198096], [9.559246, 44.198015], [9.559334, 44.197942], [9.559407, 44.197879], [9.559482, 44.197815], [9.559563, 44.197761], [9.559609, 44.197689], [9.559632, 44.19763], [9.559637, 44.197558], [9.559587, 44.197509], [9.559519, 44.197469], [9.559481, 44.197437], [9.55952, 44.197338], [9.559564, 44.197234], [9.559607, 44.197144], [9.559636, 44.197054], [9.559726, 44.19699], [9.559772, 44.196891], [9.559884, 44.196787], [9.559957, 44.196728], [9.560038, 44.19671], [9.560106, 44.196687], [9.560159, 44.196642], [9.56009, 44.196583], [9.559999, 44.196557], [9.559922, 44.196571], [9.559824, 44.196558], [9.559684, 44.196509], [9.559583, 44.196446], [9.5595, 44.196424], [9.559403, 44.196407], [9.559289, 44.196416], [9.559184, 44.196372], [9.559169, 44.196304], [9.559188, 44.196214], [9.559231, 44.196142], [9.559312, 44.196092], [9.559408, 44.196069], [9.559528, 44.196064], [9.559612, 44.19601], [9.559702, 44.195955], [9.559788, 44.195923], [9.559876, 44.195959], [9.559986, 44.19603], [9.560004, 44.196107], [9.560024, 44.196206], [9.560024, 44.196278], [9.560087, 44.196313], [9.560209, 44.196304], [9.560342, 44.196317], [9.560475, 44.196339], [9.560601, 44.196342], [9.560655, 44.196342], [9.560728, 44.196252], [9.560804, 44.196179], [9.560897, 44.196062], [9.560925, 44.195958], [9.561026, 44.195872], [9.561168, 44.195817], [9.561216, 44.195736], [9.561196, 44.19566], [9.561103, 44.195588], [9.561069, 44.195548], [9.561035, 44.195503], [9.560975, 44.195454], [9.560909, 44.195427], [9.560857, 44.195387], [9.560835, 44.195301], [9.560845, 44.195225], [9.560844, 44.195153], [9.560926, 44.195085], [9.561036, 44.195044], [9.561138, 44.194994], [9.561243, 44.194953], [9.561326, 44.194948], [9.561441, 44.194961], [9.561509, 44.194942], [9.561533, 44.194897], [9.561573, 44.194834], [9.561692, 44.194766], [9.561749, 44.19477], [9.561805, 44.194815], [9.56186, 44.194869], [9.561871, 44.194945], [9.56191, 44.195022], [9.561998, 44.19508], [9.562065, 44.195106], [9.562156, 44.19511], [9.562225, 44.195146], [9.562266, 44.195177], [9.562301, 44.195218], [9.562354, 44.195226], [9.562418, 44.195208], [9.562484, 44.195185], [9.562583, 44.195131], [9.562669, 44.195094], [9.562842, 44.195066], [9.562955, 44.195043], [9.5631, 44.19502], [9.56323, 44.195042], [9.563293, 44.195078], [9.563278, 44.195141], [9.563225, 44.195213], [9.563146, 44.195254], [9.563106, 44.195308], [9.563163, 44.195375], [9.563267, 44.195411], [9.563392, 44.195424], [9.56355, 44.19545], [9.563672, 44.195472], [9.563782, 44.195525], [9.563895, 44.195579], [9.563993, 44.195628], [9.564104, 44.195677], [9.564249, 44.195627], [9.564344, 44.195545], [9.564453, 44.195468], [9.564557, 44.1954], [9.56468, 44.195346], [9.564812, 44.195259], [9.564889, 44.195236], [9.564952, 44.195214], [9.565117, 44.195217], [9.565214, 44.195226], [9.565356, 44.195203], [9.565495, 44.195184], [9.565617, 44.195161], [9.565687, 44.19512], [9.565695, 44.195034], [9.565657, 44.194981], [9.565635, 44.1949], [9.565683, 44.194841], [9.565765, 44.194804], [9.565812, 44.194804], [9.565798, 44.1948], [9.565777, 44.194723], [9.565716, 44.19462], [9.565694, 44.19453], [9.565729, 44.194436], [9.565776, 44.194359], [9.565782, 44.194255], [9.565774, 44.194134], [9.565748, 44.194035], [9.565796, 44.193931], [9.565834, 44.193818], [9.565921, 44.193728], [9.566006, 44.19366], [9.566109, 44.193605], [9.566194, 44.193542], [9.566275, 44.193465], [9.566387, 44.193388], [9.566458, 44.193289], [9.566429, 44.193199], [9.566394, 44.193136], [9.566382, 44.193064], [9.566419, 44.192992], [9.566484, 44.192915], [9.56656, 44.19282], [9.566682, 44.19272], [9.56678, 44.192616], [9.566874, 44.192517], [9.566959, 44.192435], [9.567057, 44.192336], [9.56707, 44.192264], [9.567034, 44.192223], [9.567012, 44.192183], [9.56701, 44.192138], [9.567112, 44.192083], [9.56722, 44.192033], [9.567282, 44.191993], [9.567325, 44.191893], [9.567374, 44.191821], [9.567414, 44.191762], [9.567429, 44.191708], [9.567455, 44.191623], [9.56743, 44.191564], [9.567435, 44.191483], [9.567477, 44.191415], [9.567576, 44.191379], [9.567667, 44.191365], [9.567786, 44.191364], [9.567913, 44.191377], [9.568038, 44.19144], [9.568147, 44.191498], [9.568282, 44.191569], [9.568378, 44.191595], [9.568467, 44.191572], [9.568565, 44.191536], [9.568605, 44.191495], [9.568584, 44.191432], [9.568549, 44.191365], [9.56851, 44.191307], [9.568595, 44.191257], [9.568648, 44.19122], [9.568723, 44.191216], [9.568788, 44.191148], [9.568822, 44.191085], [9.568882, 44.191035], [9.568952, 44.190994], [9.568983, 44.190985], [9.569022, 44.190944], [9.568993, 44.190841], [9.568913, 44.190773], [9.568879, 44.190711], [9.568935, 44.19062], [9.56905, 44.190575], [9.569153, 44.190543], [9.569253, 44.190511], [9.569348, 44.190461], [9.569353, 44.190366], [9.569352, 44.190285], [9.569386, 44.190208], [9.569423, 44.190168], [9.569413, 44.190109], [9.569334, 44.190042], [9.569192, 44.190016], [9.569076, 44.190025], [9.568951, 44.190031], [9.568855, 44.190018], [9.5688, 44.189959], [9.568747, 44.189852], [9.568701, 44.189744], [9.568721, 44.189681], [9.568679, 44.189618], [9.568628, 44.189557], [9.565656, 44.192195], [9.564742, 44.1935], [9.562471, 44.194252], [9.560645, 44.194551], [9.559424, 44.195135], [9.558457, 44.196115], [9.557967, 44.197219], [9.556499, 44.198184], [9.555303, 44.198822], [9.55431, 44.199731], [9.553615, 44.200312], [9.552694, 44.200877], [9.551797, 44.201351], [9.550622, 44.201664], [9.549775, 44.202066], [9.548704, 44.202667], [9.547608, 44.203287], [9.546911, 44.203742], [9.545613, 44.204236], [9.543658, 44.204156], [9.541826, 44.203768], [9.539024, 44.204234], [9.535629, 44.205406], [9.531978, 44.206093], [9.528756, 44.207138], [9.524786, 44.208549], [9.520943, 44.210103], [9.519297, 44.210923], [9.516802, 44.212001], [9.514306, 44.212988], [9.510863, 44.214558], [9.509454, 44.216659], [9.506719, 44.21893], [9.505498, 44.219694], [9.502556, 44.221333], [9.499867, 44.223188], [9.497631, 44.225384], [9.497061, 44.226054], [9.496767, 44.22676], [9.496148, 44.227612], [9.495681, 44.228643], [9.494739, 44.229767], [9.492318, 44.23088], [9.491472, 44.231534], [9.490028, 44.232534], [9.488683, 44.233551], [9.487487, 44.234297], [9.486166, 44.235134], [9.484393, 44.235901], [9.482441, 44.236199], [9.480039, 44.236752], [9.478434, 44.236668], [9.477453, 44.236185], [9.476518, 44.235323], [9.476011, 44.234747], [9.475054, 44.234264], [9.474051, 44.234124], [9.473747, 44.233746], [9.473489, 44.232989], [9.472985, 44.23263], [9.472333, 44.232561], [9.470955, 44.232694], [9.469127, 44.232846], [9.466828, 44.233687], [9.465606, 44.234397], [9.464683, 44.234925], [9.463408, 44.235291], [9.461933, 44.235749], [9.460708, 44.236134], [9.458583, 44.236793], [9.456857, 44.237216], [9.453955, 44.237789], [9.451576, 44.23807], [9.45, 44.238109512250716], [9.45, 44.239612253968254], [9.450058, 44.239708]]]}, "properties": {"band_code": "01", "band_label": "0-10 m", "lower_depth_m": 0}}, {"type": "Feature", "geometry": {"type": "Polygon", "coordinates": [[[9.830025, 44.051438], [9.830098, 44.051402], [9.830183, 44.051356], [9.830327, 44.051305], [9.830438, 44.051278], [9.830501, 44.051264], [9.830679, 44.051208], [9.830828, 44.051185], [9.830877, 44.051202], [9.830933, 44.051229], [9.831014, 44.051319], [9.831066, 44.05135], [9.831122, 44.051331], [9.831201, 44.051281], [9.83131, 44.051181], [9.831385, 44.051073], [9.831397, 44.05096], [9.831434, 44.050901], [9.831474, 44.050861], [9.831487, 44.050847], [9.831534, 44.050815], [9.831599, 44.050774], [9.831669, 44.050738], [9.831652, 44.050603], [9.831649, 44.050562], [9.831657, 44.050517], [9.831674, 44.050503], [9.831689, 44.050503], [9.831758, 44.050498], [9.831808, 44.050498], [9.831856, 44.050507], [9.831935, 44.05047], [9.831991, 44.050434], [9.832015, 44.050384], [9.832038, 44.050352], [9.832058, 44.050316], [9.832104, 44.050293], [9.832198, 44.050275], [9.832324, 44.050256], [9.832369, 44.05026], [9.832463, 44.050187], [9.832494, 44.050142], [9.83254, 44.050106], [9.832588, 44.05006], [9.832628, 44.050019], [9.832664, 44.050001], [9.832713, 44.049978], [9.832749, 44.04996], [9.832774, 44.049937], [9.83279, 44.049906], [9.832805, 44.049861], [9.83282, 44.049824], [9.83284, 44.049784], [9.832878, 44.049711], [9.832913, 44.049662], [9.832946, 44.049643], [9.833016, 44.049611], [9.83306, 44.049584], [9.833098, 44.049566], [9.833163, 44.049529], [9.83319, 44.049466], [9.833205, 44.049412], [9.833203, 44.049371], [9.833155, 44.049331], [9.833095, 44.0493], [9.83303, 44.049287], [9.832995, 44.049274], [9.83294, 44.049238], [9.832905, 44.049207], [9.832875, 44.049158], [9.832837, 44.049104], [9.832833, 44.0491], [9.832779, 44.049009], [9.832654, 44.048983], [9.832637, 44.048988], [9.832598, 44.048993], [9.832568, 44.049002], [9.832523, 44.048998], [9.832465, 44.048985], [9.832432, 44.048976], [9.832421, 44.048972], [9.832272, 44.049095], [9.832067, 44.049371], [9.831755, 44.049642], [9.831394, 44.0499], [9.831008, 44.05024], [9.830653, 44.050664], [9.830448, 44.050931], [9.830237, 44.051157], [9.829932, 44.05147], [9.830025, 44.051438]]]}, "properties": {"band_code": "01", "band_label": "0-10 m", "lower_depth_m": 0}}, {"type": "Feature", "geometry": {"type": "Polygon", "coordinates": [[[9.574589, 44.180288], [9.574699, 44.180378], [9.574764, 44.180467], [9.574792, 44.18049], [9.574847, 44.180512], [9.575025, 44.180565], [9.575147, 44.180627], [9.575281, 44.180721], [9.575387, 44.180829], [9.575448, 44.1809], [9.575486, 44.180927], [9.575609, 44.180963], [9.575719, 44.18094], [9.575774, 44.180935], [9.575843, 44.180917], [9.575943, 44.180894], [9.576033, 44.180893], [9.576233, 44.180973], [9.576349, 44.181054], [9.576473, 44.181125], [9.576587, 44.181178], [9.576735, 44.181218], [9.576883, 44.18128], [9.576996, 44.181347], [9.577061, 44.181433], [9.577201, 44.181504], [9.577338, 44.181539], [9.577494, 44.181588], [9.577683, 44.181627], [9.577825, 44.181663], [9.577926, 44.181707], [9.578094, 44.181778], [9.578247, 44.181832], [9.578356, 44.181854], [9.578491, 44.181898], [9.578547, 44.181938], [9.578548, 44.182019], [9.578524, 44.182087], [9.578546, 44.182141], [9.578603, 44.182195], [9.578619, 44.182262], [9.578629, 44.182329], [9.578594, 44.18242], [9.578581, 44.182483], [9.578604, 44.182568], [9.578609, 44.182636], [9.578582, 44.182726], [9.578491, 44.18278], [9.578481, 44.182848], [9.578519, 44.18292], [9.57856, 44.182964], [9.578692, 44.183004], [9.578783, 44.18304], [9.578896, 44.183062], [9.578984, 44.183097], [9.579047, 44.183129], [9.579144, 44.18311], [9.579242, 44.183083], [9.579558, 44.183085], [9.579763, 44.183098], [9.579903, 44.183084], [9.580021, 44.183074], [9.580156, 44.183046], [9.580351, 44.183], [9.580525, 44.182968], [9.580679, 44.182931], [9.580757, 44.18289], [9.580883, 44.182831], [9.58103, 44.182799], [9.581239, 44.182748], [9.581306, 44.182694], [9.581469, 44.182639], [9.581639, 44.182539], [9.581819, 44.182462], [9.581959, 44.182403], [9.582092, 44.182343], [9.582199, 44.182298], [9.582293, 44.182257], [9.582355, 44.182229], [9.582406, 44.182153], [9.582439, 44.182139], [9.582512, 44.182107], [9.582588, 44.182062], [9.582666, 44.182016], [9.582764, 44.181957], [9.582832, 44.181921], [9.582907, 44.18188], [9.582981, 44.181835], [9.58312, 44.18178], [9.583192, 44.181744], [9.583243, 44.181694], [9.58328, 44.18168], [9.583384, 44.18163], [9.583487, 44.181571], [9.583552, 44.181526], [9.58365, 44.181462], [9.58372, 44.181435], [9.583807, 44.181389], [9.583863, 44.181344], [9.583929, 44.181312], [9.584, 44.181262], [9.584015, 44.18119], [9.584005, 44.181109], [9.583985, 44.181037], [9.583988, 44.180992], [9.583967, 44.180911], [9.583955, 44.18083], [9.583975, 44.180808], [9.584028, 44.180767], [9.584054, 44.180744], [9.58411, 44.180708], [9.584158, 44.180636], [9.584133, 44.180591], [9.584074, 44.180551], [9.584032, 44.180515], [9.584005, 44.180465], [9.58405, 44.180303], [9.584064, 44.180258], [9.584124, 44.180181], [9.584272, 44.180104], [9.584362, 44.180059], [9.584497, 44.179986], [9.584625, 44.179936], [9.584687, 44.179904], [9.584763, 44.179845], [9.584783, 44.179818], [9.584775, 44.179777], [9.58475, 44.179728], [9.584682, 44.179643], [9.584645, 44.179602], [9.584587, 44.179531], [9.584539, 44.179454], [9.584527, 44.179391], [9.584461, 44.179324], [9.584414, 44.179293], [9.584376, 44.179262], [9.584278, 44.17919], [9.584189, 44.179164], [9.584126, 44.179132], [9.584041, 44.17907], [9.583986, 44.179025], [9.583957, 44.178994], [9.583872, 44.178931], [9.583827, 44.178904], [9.583784, 44.178869], [9.583674, 44.178802], [9.583589, 44.178766], [9.583518, 44.178735], [9.583467, 44.178704], [9.583404, 44.178668], [9.583344, 44.178637], [9.583276, 44.178613], [9.581711, 44.180353], [9.580964, 44.18079], [9.579764, 44.180923], [9.57861, 44.180749], [9.577153, 44.180359], [9.575948, 44.180041], [9.574561, 44.180266], [9.574589, 44.180288]]]}, "properties": {"band_code": "01", "band_label": "0-10 m", "lower_depth_m": 0}}, {"type": "Feature", "geometry": {"type": "Polygon", "coordinates": [[[9.774337, 44.075575], [9.774367, 44.075606], [9.774418, 44.075651], [9.774455, 44.075646], [9.77448, 44.075632], [9.774606, 44.075586], [9.774773, 44.075545], [9.774802, 44.075558], [9.774845, 44.075625], [9.774868, 44.075683], [9.774947, 44.075647], [9.775005, 44.075638], [9.775137, 44.07561], [9.775181, 44.0756], [9.77533, 44.075536], [9.775365, 44.075491], [9.775433, 44.075423], [9.775474, 44.075391], [9.775574, 44.075364], [9.775617, 44.07544], [9.775631, 44.07544], [9.775697, 44.075435], [9.775789, 44.075457], [9.7759, 44.07546], [9.776142, 44.075499], [9.776269, 44.075494], [9.776369, 44.07552], [9.77646, 44.075533], [9.776477, 44.075533], [9.776531, 44.07547], [9.776533, 44.075429], [9.776528, 44.075402], [9.776587, 44.075334], [9.776672, 44.075275], [9.776793, 44.075256], [9.776874, 44.075202], [9.776894, 44.075193], [9.776953, 44.075152], [9.776982, 44.075151], [9.777051, 44.07516], [9.77712, 44.07516], [9.777162, 44.075186], [9.777233, 44.075217], [9.777273, 44.075258], [9.777326, 44.075293], [9.777339, 44.075302], [9.777461, 44.075346], [9.777568, 44.075395], [9.777635, 44.075413], [9.777711, 44.075444], [9.777808, 44.075465], [9.777848, 44.075456], [9.778008, 44.075406], [9.778195, 44.075364], [9.778373, 44.075349], [9.778506, 44.075353], [9.778619, 44.075352], [9.778802, 44.075342], [9.77896, 44.075341], [9.779092, 44.075349], [9.779239, 44.075334], [9.779301, 44.075325], [9.779434, 44.07531], [9.779482, 44.075301], [9.77956, 44.075291], [9.77968, 44.075277], [9.779747, 44.075254], [9.779824, 44.075191], [9.779889, 44.075141], [9.779982, 44.075059], [9.780124, 44.074941], [9.780181, 44.074905], [9.78035, 44.074818], [9.780527, 44.074659], [9.7806, 44.074614], [9.780819, 44.074437], [9.780998, 44.074269], [9.781186, 44.074065], [9.78138, 44.073857], [9.781537, 44.073707], [9.781731, 44.073517], [9.78187, 44.073345], [9.782061, 44.07315], [9.782208, 44.07296], [9.782315, 44.07281], [9.78246, 44.072616], [9.782604, 44.072453], [9.78276, 44.072312], [9.782922, 44.072194], [9.783041, 44.072121], [9.783139, 44.072084], [9.783235, 44.072034], [9.783318, 44.072007], [9.783374, 44.072002], [9.783494, 44.071987], [9.783588, 44.071987], [9.783698, 44.071973], [9.783793, 44.071949], [9.783886, 44.071895], [9.783932, 44.071831], [9.783985, 44.071741], [9.78409, 44.071704], [9.784157, 44.071699], [9.784222, 44.071699], [9.78431, 44.071716], [9.784405, 44.071725], [9.784462, 44.071747], [9.784492, 44.071769], [9.78454, 44.071787], [9.78459, 44.0718], [9.784687, 44.071786], [9.784777, 44.07174], [9.784855, 44.071726], [9.78495, 44.071721], [9.785187, 44.071733], [9.785352, 44.071754], [9.785584, 44.071775], [9.785881, 44.071782], [9.786174, 44.071739], [9.786356, 44.071707], [9.786399, 44.071621], [9.786411, 44.07158], [9.786483, 44.07153], [9.786562, 44.071485], [9.786598, 44.071471], [9.786678, 44.071466], [9.786723, 44.07147], [9.786803, 44.071488], [9.786845, 44.071505], [9.786883, 44.071532], [9.786907, 44.071568], [9.786903, 44.071626], [9.786948, 44.07168], [9.786973, 44.071711], [9.787007, 44.071716], [9.787088, 44.071702], [9.787148, 44.071715], [9.787205, 44.07171], [9.787282, 44.071727], [9.78734, 44.071763], [9.787395, 44.071785], [9.787468, 44.071839], [9.787535, 44.07187], [9.787585, 44.071878], [9.787663, 44.071878], [9.787764, 44.071846], [9.78787, 44.071831], [9.78794, 44.071804], [9.788133, 44.071726], [9.788382, 44.071661], [9.788576, 44.071592], [9.788637, 44.071583], [9.788739, 44.071519], [9.788899, 44.071451], [9.78902, 44.071432], [9.78909, 44.071431], [9.789193, 44.071417], [9.789318, 44.071385], [9.789388, 44.071371], [9.78945, 44.071343], [9.789559, 44.071298], [9.789658, 44.071238], [9.789788, 44.071179], [9.789859, 44.071142], [9.78994, 44.071088], [9.790075, 44.071019], [9.790144, 44.070974], [9.790284, 44.070878], [9.790439, 44.070801], [9.790552, 44.07075], [9.790651, 44.070678], [9.790759, 44.070578], [9.790824, 44.070524], [9.790921, 44.070437], [9.790987, 44.070392], [9.791089, 44.070324], [9.791173, 44.070274], [9.791264, 44.070196], [9.79134, 44.070146], [9.791432, 44.070047], [9.791543, 44.06996], [9.791688, 44.069838], [9.791806, 44.069769], [9.791945, 44.069669], [9.792068, 44.069588], [9.79219, 44.069501], [9.792263, 44.069456], [9.792315, 44.069397], [9.79237, 44.069347], [9.792452, 44.069256], [9.792517, 44.069229], [9.792574, 44.069179], [9.792603, 44.069152], [9.792661, 44.069115], [9.792719, 44.069052], [9.792768, 44.068993], [9.792826, 44.068885], [9.792928, 44.06878], [9.793028, 44.068694], [9.793115, 44.068631], [9.79318, 44.068603], [9.79325, 44.068558], [9.79329, 44.068526], [9.793341, 44.068422], [9.793412, 44.068336], [9.793481, 44.068277], [9.793544, 44.068195], [9.793649, 44.068109], [9.793733, 44.068073], [9.793797, 44.068032], [9.793866, 44.068], [9.793908, 44.067963], [9.793943, 44.067887], [9.794008, 44.067751], [9.794137, 44.067602], [9.794198, 44.067556], [9.794279, 44.067493], [9.794366, 44.067424], [9.794476, 44.067365], [9.794572, 44.06731], [9.794654, 44.067265], [9.794721, 44.067233], [9.794834, 44.067183], [9.794975, 44.067114], [9.795122, 44.067019], [9.795263, 44.066905], [9.795405, 44.066796], [9.795607, 44.066642], [9.79577, 44.066514], [9.795932, 44.066378], [9.7961, 44.066237], [9.796261, 44.066128], [9.796425, 44.066051], [9.796605, 44.065964], [9.796747, 44.065882], [9.796882, 44.065804], [9.796993, 44.065727], [9.797126, 44.065614], [9.797268, 44.065487], [9.797303, 44.065428], [9.797322, 44.065347], [9.79733, 44.065234], [9.797437, 44.065031], [9.797546, 44.064935], [9.797641, 44.064872], [9.797738, 44.064804], [9.797851, 44.064753], [9.797991, 44.064698], [9.798103, 44.064643], [9.798185, 44.064607], [9.798292, 44.06457], [9.79844, 44.064538], [9.79854, 44.064523], [9.798626, 44.064527], [9.798727, 44.064531], [9.798922, 44.06453], [9.799114, 44.06451], [9.799241, 44.064482], [9.799349, 44.064468], [9.799526, 44.064426], [9.799659, 44.064417], [9.799779, 44.064393], [9.799914, 44.06437], [9.80004, 44.064342], [9.800154, 44.064292], [9.800245, 44.064237], [9.800373, 44.064168], [9.800449, 44.064132], [9.800563, 44.064104], [9.800663, 44.064085], [9.800778, 44.064062], [9.800902, 44.06403], [9.801027, 44.06402], [9.801135, 44.06401], [9.801222, 44.063987], [9.801292, 44.063955], [9.801394, 44.063909], [9.801484, 44.063855], [9.801577, 44.063818], [9.801685, 44.063781], [9.801784, 44.06378], [9.801889, 44.063798], [9.801961, 44.063829], [9.80203, 44.063873], [9.802126, 44.063904], [9.802273, 44.063939], [9.802348, 44.063952], [9.802428, 44.063969], [9.802528, 44.063996], [9.802696, 44.064031], [9.802816, 44.064057], [9.802913, 44.064065], [9.802991, 44.064069], [9.80311, 44.064077], [9.803222, 44.064072], [9.803272, 44.064063], [9.803303, 44.064058], [9.803368, 44.064017], [9.803485, 44.063971], [9.803547, 44.063971], [9.80365, 44.064006], [9.803682, 44.064024], [9.803656, 44.064042], [9.803625, 44.064069], [9.80359, 44.064123], [9.803555, 44.064187], [9.803535, 44.064268], [9.8036, 44.064321], [9.803678, 44.064352], [9.803731, 44.064397], [9.803836, 44.06445], [9.803942, 44.064486], [9.804023, 44.06453], [9.804083, 44.06457], [9.804151, 44.064637], [9.804235, 44.064659], [9.804363, 44.064676], [9.804534, 44.064684], [9.804721, 44.064678], [9.804896, 44.064672], [9.805034, 44.064662], [9.805165, 44.064643], [9.805311, 44.064615], [9.805526, 44.064573], [9.805757, 44.064518], [9.805957, 44.064444], [9.806078, 44.064421], [9.806151, 44.064407], [9.806246, 44.064357], [9.806378, 44.064279], [9.806498, 44.064184], [9.806599, 44.064053], [9.806715, 44.063917], [9.806812, 44.063844], [9.806917, 44.063776], [9.807009, 44.063753], [9.807093, 44.063757], [9.807199, 44.063747], [9.807274, 44.063737], [9.807406, 44.063682], [9.807496, 44.063641], [9.807561, 44.063596], [9.80766, 44.063527], [9.80771, 44.063532], [9.807735, 44.063545], [9.807713, 44.063581], [9.807694, 44.063617], [9.80768, 44.063653], [9.807684, 44.063676], [9.807743, 44.063698], [9.807893, 44.063665], [9.808053, 44.063601], [9.808197, 44.063555], [9.808332, 44.063514], [9.808459, 44.063445], [9.808529, 44.063382], [9.808626, 44.063305], [9.808656, 44.063223], [9.80862, 44.063188], [9.808582, 44.063143], [9.808539, 44.063085], [9.808583, 44.063048], [9.808682, 44.06303], [9.808798, 44.063029], [9.808899, 44.06306], [9.808968, 44.063068], [9.809061, 44.063085], [9.809136, 44.063062], [9.809215, 44.06303], [9.809255, 44.062976], [9.809262, 44.062904], [9.809255, 44.062863], [9.809328, 44.062831], [9.809458, 44.062831], [9.809587, 44.062798], [9.809693, 44.062784], [9.809749, 44.062788], [9.809799, 44.062797], [9.809846, 44.062837], [9.809872, 44.062877], [9.80993, 44.062913], [9.809955, 44.062926], [9.810044, 44.062948], [9.8101, 44.062876], [9.810129, 44.062857], [9.81019, 44.062825], [9.810298, 44.062798], [9.810476, 44.062747], [9.810591, 44.062728], [9.810676, 44.0627], [9.810802, 44.062744], [9.810863, 44.062767], [9.810951, 44.062779], [9.811033, 44.062783], [9.811141, 44.062774], [9.811264, 44.06275], [9.811371, 44.062682], [9.81144, 44.062596], [9.811518, 44.062496], [9.811587, 44.0625], [9.811615, 44.062527], [9.811622, 44.062586], [9.811633, 44.062667], [9.811648, 44.062738], [9.811653, 44.062761], [9.811681, 44.062783], [9.811725, 44.062796], [9.811786, 44.062796], [9.811831, 44.062796], [9.811911, 44.062809], [9.811975, 44.062813], [9.812081, 44.062803], [9.812142, 44.062739], [9.812185, 44.062694], [9.812243, 44.06268], [9.812325, 44.062644], [9.812381, 44.062535], [9.812451, 44.062476], [9.812553, 44.062444], [9.812559, 44.062493], [9.812539, 44.062557], [9.812545, 44.062602], [9.812609, 44.062588], [9.812734, 44.062546], [9.812767, 44.06251], [9.812828, 44.062451], [9.812953, 44.062342], [9.813061, 44.062233], [9.813166, 44.062142], [9.813247, 44.062056], [9.813282, 44.061975], [9.813346, 44.061876], [9.813427, 44.061749], [9.813506, 44.061667], [9.813584, 44.06159], [9.813658, 44.061513], [9.813733, 44.061472], [9.813835, 44.061426], [9.81391, 44.061408], [9.813978, 44.061407], [9.814036, 44.061394], [9.814118, 44.061357], [9.814196, 44.06132], [9.814272, 44.061284], [9.814303, 44.061284], [9.814322, 44.06131], [9.814357, 44.061378], [9.814398, 44.061382], [9.81449, 44.061395], [9.814593, 44.061394], [9.814724, 44.061389], [9.8148, 44.061334], [9.814802, 44.061267], [9.814825, 44.061226], [9.814859, 44.061221], [9.814931, 44.061252], [9.814986, 44.061247], [9.815042, 44.061224], [9.815144, 44.061201], [9.815216, 44.061169], [9.815301, 44.061105], [9.815373, 44.061042], [9.815429, 44.060983], [9.815495, 44.060928], [9.815555, 44.060874], [9.815593, 44.060784], [9.815625, 44.060743], [9.815707, 44.060661], [9.815807, 44.060589], [9.815954, 44.060484], [9.816114, 44.060429], [9.816196, 44.060419], [9.816244, 44.060482], [9.816243, 44.060545], [9.816236, 44.060595], [9.816238, 44.060635], [9.816261, 44.060675], [9.816297, 44.060698], [9.816349, 44.060715], [9.816403, 44.060715], [9.816469, 44.060696], [9.81653, 44.060701], [9.816589, 44.060709], [9.816633, 44.060758], [9.816681, 44.060816], [9.816759, 44.060829], [9.816839, 44.060815], [9.816901, 44.060788], [9.817009, 44.060747], [9.817173, 44.060619], [9.817263, 44.060556], [9.817343, 44.060492], [9.817433, 44.060428], [9.817464, 44.060338], [9.817496, 44.06027], [9.817567, 44.06018], [9.817609, 44.06009], [9.817692, 44.05999], [9.81775, 44.059936], [9.817811, 44.059908], [9.817901, 44.059862], [9.817975, 44.059794], [9.818063, 44.059722], [9.818133, 44.059699], [9.818198, 44.059689], [9.818248, 44.059698], [9.818292, 44.059716], [9.818338, 44.059733], [9.818393, 44.059769], [9.818451, 44.059791], [9.818535, 44.059799], [9.818644, 44.059794], [9.81874, 44.059789], [9.818839, 44.059766], [9.818954, 44.059702], [9.819076, 44.059651], [9.819242, 44.059547], [9.819398, 44.059438], [9.819522, 44.059302], [9.819688, 44.059183], [9.819892, 44.059047], [9.820054, 44.058911], [9.820189, 44.058851], [9.820366, 44.058791], [9.820498, 44.058772], [9.820613, 44.058749], [9.820733, 44.058699], [9.82091, 44.05863], [9.821132, 44.058516], [9.821244, 44.05838], [9.821409, 44.05823], [9.821588, 44.058116], [9.821733, 44.058034], [9.821869, 44.05793], [9.82201, 44.057821], [9.82218, 44.057694], [9.822314, 44.057567], [9.822473, 44.057448], [9.822617, 44.057384], [9.822772, 44.057311], [9.822912, 44.057238], [9.823042, 44.057183], [9.82316, 44.057119], [9.823249, 44.057065], [9.823401, 44.056982], [9.823528, 44.056887], [9.823666, 44.056832], [9.823765, 44.056777], [9.82394, 44.05665], [9.824041, 44.05655], [9.824032, 44.056469], [9.824003, 44.056411], [9.823962, 44.056312], [9.823946, 44.056209], [9.823984, 44.056109], [9.824041, 44.056087], [9.824105, 44.056091], [9.824154, 44.056108], [9.824213, 44.05613], [9.824279, 44.056121], [9.824336, 44.056098], [9.824375, 44.056057], [9.824395, 44.055953], [9.824437, 44.055863], [9.824532, 44.055777], [9.82459, 44.055713], [9.824676, 44.05565], [9.824752, 44.055582], [9.824879, 44.055509], [9.824981, 44.055441], [9.825101, 44.055413], [9.825222, 44.05538], [9.825335, 44.055339], [9.82546, 44.055307], [9.825562, 44.055247], [9.825626, 44.05517], [9.825701, 44.055035], [9.825771, 44.054922], [9.825795, 44.054863], [9.82582, 44.054845], [9.825876, 44.05484], [9.825953, 44.054844], [9.826015, 44.054843], [9.826083, 44.05482], [9.826183, 44.054811], [9.826248, 44.054752], [9.826317, 44.054693], [9.826395, 44.054661], [9.826453, 44.054651], [9.826497, 44.054619], [9.826584, 44.054565], [9.826681, 44.05446], [9.826779, 44.054343], [9.826844, 44.054275], [9.82686, 44.054243], [9.826856, 44.054239], [9.826816, 44.054212], [9.826785, 44.054212], [9.826713, 44.054195], [9.826681, 44.05415], [9.82673, 44.054077], [9.826768, 44.054019], [9.826768, 44.053965], [9.826703, 44.053893], [9.826683, 44.053844], [9.826715, 44.053785], [9.826767, 44.053708], [9.826835, 44.053658], [9.826905, 44.053622], [9.826964, 44.053612], [9.827046, 44.053589], [9.827141, 44.053539], [9.827217, 44.053493], [9.827276, 44.05347], [9.827366, 44.05347], [9.827463, 44.053478], [9.827554, 44.053482], [9.827678, 44.053476], [9.827803, 44.05344], [9.827883, 44.05338], [9.827938, 44.053263], [9.827984, 44.053132], [9.828062, 44.053028], [9.828153, 44.052942], [9.828251, 44.052833], [9.828349, 44.052765], [9.828415, 44.052683], [9.82841, 44.052652], [9.828383, 44.052544], [9.82831, 44.05254], [9.82823, 44.052532], [9.828154, 44.052474], [9.828088, 44.052384], [9.828075, 44.052348], [9.828122, 44.052316], [9.828185, 44.052302], [9.828237, 44.052279], [9.82827, 44.052257], [9.828316, 44.052193], [9.828348, 44.052166], [9.828349, 44.052139], [9.828331, 44.052036], [9.828338, 44.052009], [9.828373, 44.051987], [9.828297, 44.051994], [9.828209, 44.052023], [9.827948, 44.052177], [9.827717, 44.052389], [9.827256, 44.052742], [9.82682, 44.052923], [9.826133, 44.053169], [9.825429, 44.053571], [9.824744, 44.054105], [9.824464, 44.054426], [9.823269, 44.055719], [9.822727, 44.056049], [9.821941, 44.05638], [9.82133, 44.056697], [9.820912, 44.057145], [9.820508, 44.057615], [9.820178, 44.058017], [9.819842, 44.058329], [9.819181, 44.058574], [9.818938, 44.058701], [9.818551, 44.058846], [9.818064, 44.059059], [9.817621, 44.059191], [9.817253, 44.059358], [9.81691, 44.059566], [9.816186, 44.05987], [9.815369, 44.060097], [9.814887, 44.060071], [9.814382, 44.060139], [9.814082, 44.060334], [9.813827, 44.060664], [9.813322, 44.06094], [9.812274, 44.06128], [9.811575, 44.06162], [9.811095, 44.061878], [9.810739, 44.061956], [9.810177, 44.062015], [9.809272, 44.062193], [9.808116, 44.062456], [9.80728, 44.062765], [9.806681, 44.063023], [9.805576, 44.063214], [9.804682, 44.063044], [9.803981, 44.062833], [9.803331, 44.062586], [9.802856, 44.062461], [9.802206, 44.06253], [9.801582, 44.062684], [9.800976, 44.062942], [9.799921, 44.063255], [9.799641, 44.063382], [9.79886, 44.063501], [9.798141, 44.063376], [9.797566, 44.063259], [9.797348, 44.063386], [9.797173, 44.063576], [9.796987, 44.063887], [9.796613, 44.06415], [9.796282, 44.064344], [9.795902, 44.064688], [9.795691, 44.065158], [9.794663, 44.066003], [9.794077, 44.066455], [9.793335, 44.067061], [9.792494, 44.067767], [9.791958, 44.068363], [9.790948, 44.069096], [9.790205, 44.069377], [9.789643, 44.069454], [9.789093, 44.069514], [9.788613, 44.069767], [9.788271, 44.070174], [9.787697, 44.070653], [9.786761, 44.07107], [9.785649, 44.071076], [9.784642, 44.071032], [9.783824, 44.071074], [9.782994, 44.071301], [9.782438, 44.071383], [9.782269, 44.071352], [9.782174, 44.071135], [9.782093, 44.070932], [9.781874, 44.070879], [9.781624, 44.070757], [9.78133, 44.070685], [9.780911, 44.070767], [9.780574, 44.070993], [9.780369, 44.071359], [9.780483, 44.071679], [9.780658, 44.071783], [9.780733, 44.071914], [9.780734, 44.072148], [9.780603, 44.072401], [9.780223, 44.072781], [9.779899, 44.073183], [9.779507, 44.073599], [9.779201, 44.073865], [9.778745, 44.073785], [9.778288, 44.073515], [9.777875, 44.073308], [9.777637, 44.073272], [9.777307, 44.073543], [9.77724, 44.073963], [9.777228, 44.07446], [9.777185, 44.074663], [9.777048, 44.074861], [9.776736, 44.074939], [9.776461, 44.074889], [9.776092, 44.074714], [9.775723, 44.07462], [9.775361, 44.074814], [9.774862, 44.075135], [9.774298, 44.075521], [9.774337, 44.075575]]]}, "properties": {"band_code": "01", "band_label": "0-10 m", "lower_depth_m": 0}}, {"type": "Feature", "geometry": {"type": "Polygon", "coordinates": [[[9.739899, 44.091531], [9.739939, 44.091562], [9.739964, 44.091603], [9.739982, 44.091616], [9.739991, 44.091652], [9.739996, 44.091688], [9.739989, 44.091737], [9.739979, 44.091792], [9.739947, 44.091855], [9.739936, 44.091931], [9.73993, 44.091985], [9.739932, 44.09203], [9.739954, 44.092066], [9.739993, 44.092138], [9.740045, 44.092165], [9.740111, 44.092209], [9.7402, 44.092195], [9.740282, 44.092186], [9.740332, 44.092172], [9.74042, 44.092117], [9.740453, 44.092081], [9.740542, 44.092004], [9.740593, 44.091918], [9.740687, 44.091823], [9.740742, 44.091755], [9.740754, 44.091719], [9.740805, 44.091642], [9.740834, 44.091601], [9.740927, 44.091569], [9.740969, 44.091547], [9.741014, 44.091551], [9.741065, 44.091577], [9.741096, 44.091595], [9.74111, 44.091685], [9.741072, 44.091757], [9.741058, 44.091875], [9.741085, 44.091946], [9.741115, 44.091969], [9.741192, 44.091995], [9.741253, 44.091986], [9.741335, 44.091963], [9.7415, 44.091908], [9.7417, 44.091776], [9.741884, 44.091752], [9.741966, 44.091743], [9.742044, 44.091742], [9.742146, 44.091755], [9.742254, 44.091759], [9.742307, 44.091763], [9.742334, 44.091785], [9.742354, 44.091817], [9.742358, 44.091884], [9.742361, 44.091961], [9.742383, 44.092006], [9.742451, 44.092055], [9.742517, 44.092081], [9.742587, 44.092063], [9.742691, 44.092031], [9.742729, 44.092021], [9.742811, 44.091976], [9.742892, 44.091944], [9.742996, 44.091894], [9.743028, 44.09188], [9.743066, 44.091875], [9.743223, 44.091865], [9.743284, 44.091883], [9.743374, 44.091923], [9.743446, 44.091972], [9.743539, 44.092034], [9.743607, 44.092079], [9.743667, 44.092105], [9.743742, 44.092123], [9.743806, 44.092118], [9.743909, 44.092113], [9.744106, 44.092066], [9.744145, 44.092057], [9.744161, 44.092053], [9.744226, 44.092016], [9.74433, 44.091988], [9.744366, 44.091988], [9.744473, 44.09192], [9.744563, 44.091861], [9.744721, 44.091788], [9.744818, 44.091765], [9.745023, 44.091705], [9.745185, 44.091668], [9.74533, 44.091662], [9.745465, 44.091688], [9.745553, 44.091706], [9.745713, 44.091696], [9.74584, 44.091681], [9.746003, 44.091613], [9.746023, 44.091604], [9.746113, 44.091567], [9.746184, 44.09154], [9.746203, 44.091531], [9.746339, 44.091413], [9.746366, 44.091358], [9.746386, 44.091322], [9.746529, 44.091276], [9.746534, 44.09129], [9.746539, 44.091317], [9.746532, 44.091384], [9.74655, 44.091443], [9.746599, 44.091469], [9.746647, 44.091483], [9.74671, 44.091482], [9.746805, 44.091464], [9.746839, 44.091459], [9.746881, 44.091445], [9.746912, 44.091436], [9.746952, 44.091386], [9.746981, 44.091341], [9.747007, 44.091305], [9.747027, 44.091269], [9.747085, 44.091223], [9.747147, 44.091227], [9.747169, 44.09125], [9.747204, 44.09129], [9.747201, 44.09133], [9.747214, 44.091353], [9.747242, 44.091366], [9.747294, 44.091384], [9.74731, 44.09137], [9.747379, 44.091293], [9.747391, 44.09128], [9.747422, 44.091243], [9.747475, 44.091198], [9.747546, 44.091148], [9.747591, 44.091125], [9.747684, 44.091107], [9.747809, 44.091101], [9.747865, 44.091119], [9.747922, 44.091141], [9.747989, 44.091168], [9.748107, 44.091198], [9.748218, 44.091234], [9.748297, 44.091247], [9.748359, 44.091255], [9.748431, 44.091268], [9.748453, 44.091273], [9.748497, 44.091268], [9.748546, 44.09125], [9.748619, 44.091173], [9.748668, 44.091127], [9.74876, 44.091113], [9.74883, 44.091113], [9.748916, 44.091117], [9.749033, 44.09112], [9.749204, 44.091115], [9.74932, 44.091096], [9.749426, 44.091055], [9.749591, 44.090973], [9.749735, 44.090918], [9.750041, 44.090754], [9.750132, 44.090708], [9.750233, 44.090617], [9.750392, 44.090517], [9.750437, 44.090449], [9.750487, 44.0904], [9.750512, 44.090381], [9.750529, 44.090354], [9.750535, 44.090336], [9.750472, 44.090301], [9.750397, 44.090283], [9.750367, 44.090252], [9.750411, 44.090157], [9.750471, 44.090089], [9.750536, 44.090021], [9.750733, 44.089939], [9.750784, 44.089921], [9.750865, 44.089906], [9.750947, 44.089906], [9.751073, 44.089937], [9.751173, 44.089936], [9.751323, 44.089957], [9.751431, 44.089961], [9.751536, 44.089938], [9.751615, 44.089947], [9.75169, 44.08996], [9.751745, 44.089968], [9.751825, 44.090004], [9.751868, 44.09003], [9.751901, 44.090062], [9.751931, 44.090102], [9.751943, 44.090165], [9.751903, 44.09021], [9.751938, 44.090278], [9.751996, 44.090268], [9.752058, 44.090263], [9.752149, 44.090272], [9.752213, 44.090276], [9.752313, 44.090311], [9.752396, 44.09032], [9.752459, 44.090328], [9.752526, 44.090328], [9.752559, 44.090327], [9.752571, 44.090287], [9.75259, 44.090237], [9.75263, 44.090201], [9.75283, 44.0902], [9.752904, 44.090217], [9.753017, 44.090234], [9.753059, 44.090234], [9.753098, 44.090238], [9.753128, 44.090256], [9.753144, 44.090297], [9.753149, 44.090333], [9.753199, 44.090346], [9.753251, 44.090363], [9.75331, 44.090372], [9.753371, 44.090372], [9.753421, 44.090385], [9.753456, 44.090421], [9.753469, 44.090457], [9.753489, 44.090524], [9.753524, 44.090587], [9.753566, 44.090613], [9.753688, 44.090644], [9.753768, 44.090657], [9.753804, 44.09067], [9.753943, 44.090669], [9.753981, 44.090669], [9.754035, 44.090655], [9.754126, 44.090655], [9.754259, 44.090676], [9.754344, 44.090721], [9.754445, 44.090734], [9.754506, 44.09072], [9.754578, 44.090715], [9.754622, 44.090719], [9.75464, 44.090719], [9.75472, 44.090741], [9.754749, 44.090759], [9.754782, 44.090777], [9.754828, 44.090772], [9.754863, 44.090762], [9.754911, 44.090744], [9.754981, 44.090726], [9.755096, 44.09072], [9.755168, 44.090747], [9.755208, 44.090769], [9.755216, 44.090805], [9.755248, 44.090863], [9.755273, 44.090881], [9.755314, 44.09089], [9.755398, 44.090903], [9.755464, 44.090916], [9.755556, 44.090924], [9.755586, 44.090924], [9.75562, 44.090933], [9.755641, 44.090942], [9.755654, 44.09096], [9.755646, 44.091005], [9.75562, 44.091041], [9.755613, 44.091086], [9.755578, 44.091145], [9.755609, 44.091158], [9.755691, 44.091176], [9.755728, 44.091171], [9.755914, 44.091197], [9.756093, 44.091137], [9.756323, 44.091054], [9.756496, 44.090986], [9.756663, 44.090926], [9.756848, 44.090862], [9.757001, 44.090816], [9.757122, 44.09077], [9.757285, 44.090665], [9.75742, 44.090602], [9.757497, 44.09056], [9.757564, 44.090506], [9.757652, 44.090442], [9.757769, 44.090338], [9.757877, 44.09022], [9.757971, 44.090148], [9.758081, 44.090052], [9.758149, 44.08998], [9.758258, 44.089853], [9.758378, 44.089794], [9.758458, 44.089744], [9.758611, 44.089617], [9.758668, 44.08958], [9.758767, 44.089472], [9.758855, 44.089381], [9.758913, 44.089277], [9.758949, 44.089196], [9.759032, 44.089069], [9.759076, 44.088992], [9.759091, 44.088803], [9.759069, 44.088686], [9.759093, 44.088484], [9.759022, 44.088394], [9.758956, 44.088399], [9.758873, 44.088386], [9.758859, 44.088337], [9.758863, 44.088287], [9.758954, 44.088215], [9.75906, 44.088236], [9.759136, 44.088263], [9.759196, 44.088231], [9.759238, 44.088186], [9.75927, 44.08814], [9.759179, 44.088078], [9.75915, 44.08806], [9.759153, 44.087997], [9.759163, 44.087961], [9.75917, 44.087907], [9.759162, 44.087876], [9.759058, 44.087804], [9.759022, 44.087809], [9.758946, 44.087818], [9.758895, 44.087877], [9.758833, 44.0879], [9.758747, 44.087833], [9.758738, 44.087779], [9.758733, 44.087694], [9.758722, 44.087667], [9.758682, 44.087622], [9.758607, 44.087578], [9.758528, 44.087524], [9.758455, 44.087507], [9.758367, 44.087494], [9.758295, 44.087454], [9.758313, 44.087404], [9.758353, 44.087381], [9.758417, 44.087376], [9.758497, 44.087371], [9.758495, 44.08734], [9.758472, 44.087308], [9.758434, 44.087268], [9.758367, 44.08726], [9.75834, 44.087257], [9.758211, 44.087182], [9.758246, 44.087094], [9.758249, 44.087085], [9.758207, 44.087049], [9.758155, 44.087027], [9.758067, 44.087018], [9.75798, 44.087015], [9.757914, 44.086983], [9.757882, 44.086921], [9.757912, 44.086857], [9.757945, 44.086839], [9.758012, 44.086812], [9.758009, 44.086771], [9.757962, 44.086718], [9.757954, 44.086718], [9.757884, 44.086732], [9.757819, 44.086786], [9.757737, 44.0868], [9.757705, 44.086737], [9.757762, 44.086665], [9.757834, 44.086628], [9.757936, 44.086538], [9.757955, 44.086457], [9.757955, 44.086448], [9.757952, 44.086403], [9.75794, 44.086358], [9.757941, 44.086326], [9.757966, 44.086299], [9.758094, 44.086258], [9.758141, 44.08628], [9.758196, 44.086302], [9.758269, 44.086279], [9.75846, 44.086228], [9.758585, 44.086218], [9.758657, 44.086155], [9.758842, 44.086059], [9.758898, 44.086068], [9.758942, 44.086085], [9.759008, 44.086098], [9.75906, 44.086143], [9.759092, 44.086219], [9.759122, 44.086228], [9.759275, 44.086196], [9.759405, 44.086172], [9.759528, 44.086117], [9.759647, 44.086045], [9.7597, 44.086013], [9.759854, 44.085836], [9.759986, 44.085691], [9.76016, 44.085555], [9.760204, 44.085492], [9.760292, 44.085388], [9.760431, 44.085274], [9.760455, 44.085233], [9.760489, 44.085161], [9.760566, 44.08499], [9.760513, 44.084864], [9.760515, 44.084661], [9.760455, 44.084581], [9.760415, 44.084532], [9.760392, 44.084482], [9.760377, 44.084406], [9.760392, 44.08432], [9.760489, 44.084306], [9.760552, 44.084229], [9.760579, 44.084161], [9.760572, 44.084103], [9.760563, 44.084049], [9.760627, 44.084003], [9.760681, 44.083967], [9.760688, 44.083913], [9.760721, 44.083796], [9.760746, 44.083715], [9.760758, 44.083674], [9.760756, 44.083597], [9.760775, 44.08353], [9.760843, 44.083448], [9.760942, 44.083416], [9.76103, 44.083389], [9.761103, 44.083361], [9.761169, 44.083338], [9.761227, 44.083347], [9.761285, 44.083373], [9.76137, 44.083431], [9.761475, 44.083467], [9.761525, 44.083444], [9.761573, 44.083389], [9.761579, 44.083299], [9.76161, 44.083223], [9.761663, 44.083204], [9.761733, 44.08319], [9.761837, 44.083194], [9.761927, 44.083207], [9.762037, 44.083215], [9.762109, 44.083224], [9.762207, 44.083264], [9.762279, 44.08329], [9.7623, 44.083205], [9.762299, 44.083155], [9.762342, 44.083119], [9.76238, 44.083118], [9.762422, 44.083145], [9.762434, 44.08319], [9.762427, 44.083276], [9.762434, 44.083348], [9.762462, 44.08337], [9.762512, 44.083347], [9.762612, 44.083306], [9.762637, 44.08331], [9.762647, 44.083387], [9.762669, 44.083441], [9.762762, 44.083463], [9.762843, 44.083421], [9.762964, 44.083385], [9.763002, 44.08333], [9.76304, 44.083317], [9.763177, 44.083289], [9.763255, 44.083302], [9.763288, 44.083364], [9.763324, 44.083427], [9.763391, 44.083476], [9.763474, 44.083489], [9.763557, 44.083507], [9.763627, 44.083511], [9.763716, 44.083474], [9.76378, 44.083451], [9.763844, 44.083446], [9.763867, 44.083446], [9.763902, 44.083455], [9.763999, 44.083495], [9.764119, 44.083525], [9.764166, 44.083485], [9.764214, 44.083453], [9.764259, 44.08343], [9.764334, 44.083421], [9.764384, 44.083429], [9.764424, 44.083442], [9.764441, 44.083501], [9.764454, 44.083559], [9.764501, 44.083559], [9.764538, 44.083563], [9.764634, 44.083567], [9.764718, 44.08358], [9.764809, 44.08362], [9.764849, 44.083597], [9.764916, 44.083579], [9.764989, 44.083542], [9.765084, 44.083474], [9.765161, 44.083437], [9.765254, 44.08345], [9.765349, 44.083441], [9.765413, 44.08344], [9.765495, 44.08344], [9.765611, 44.083443], [9.765688, 44.083447], [9.765715, 44.083434], [9.765811, 44.083442], [9.765864, 44.083415], [9.765893, 44.083388], [9.765953, 44.083351], [9.766043, 44.083301], [9.766183, 44.083233], [9.766315, 44.08316], [9.766382, 44.083083], [9.766465, 44.082983], [9.76653, 44.082897], [9.766569, 44.082829], [9.766587, 44.082753], [9.766559, 44.082717], [9.766511, 44.082681], [9.766493, 44.0826], [9.766544, 44.082532], [9.766606, 44.082487], [9.766676, 44.082455], [9.766735, 44.082383], [9.766753, 44.082301], [9.766733, 44.082189], [9.766701, 44.082126], [9.766648, 44.082028], [9.766641, 44.081942], [9.766677, 44.081861], [9.766707, 44.081793], [9.766765, 44.081658], [9.766814, 44.081576], [9.766862, 44.081522], [9.766912, 44.081427], [9.766909, 44.081351], [9.76689, 44.081274], [9.766914, 44.081202], [9.767037, 44.081161], [9.767133, 44.08116], [9.767241, 44.081164], [9.767359, 44.081199], [9.767423, 44.081226], [9.767593, 44.081247], [9.767734, 44.081264], [9.767869, 44.081317], [9.767904, 44.081357], [9.767951, 44.081402], [9.768047, 44.081392], [9.768168, 44.08136], [9.768353, 44.081314], [9.768498, 44.08129], [9.768672, 44.081258], [9.768871, 44.081247], [9.76902, 44.081237], [9.769053, 44.081233], [9.769202, 44.081191], [9.7694, 44.081163], [9.769654, 44.081139], [9.769787, 44.081111], [9.769885, 44.081083], [9.770042, 44.081032], [9.770204, 44.081], [9.770382, 44.080931], [9.770491, 44.080881], [9.770573, 44.080844], [9.770642, 44.080844], [9.770673, 44.080853], [9.770716, 44.080879], [9.770779, 44.080906], [9.770885, 44.080901], [9.770998, 44.080886], [9.771086, 44.080877], [9.771118, 44.080845], [9.771147, 44.080755], [9.771241, 44.080687], [9.771296, 44.080682], [9.771319, 44.080691], [9.771354, 44.080726], [9.771365, 44.080767], [9.771383, 44.080785], [9.771469, 44.080825], [9.771661, 44.080796], [9.771745, 44.080791], [9.771826, 44.080786], [9.772033, 44.080699], [9.772101, 44.080658], [9.77218, 44.080509], [9.772183, 44.080496], [9.772225, 44.080478], [9.772298, 44.080473], [9.772377, 44.080508], [9.772405, 44.080539], [9.772478, 44.080566], [9.77257, 44.080597], [9.772703, 44.080609], [9.772853, 44.080599], [9.772915, 44.08059], [9.77317, 44.080489], [9.773307, 44.080389], [9.773374, 44.080339], [9.773426, 44.080285], [9.77349, 44.080239], [9.773596, 44.080158], [9.773656, 44.080099], [9.773783, 44.079985], [9.773891, 44.079886], [9.774025, 44.079786], [9.774093, 44.079722], [9.774143, 44.079681], [9.774237, 44.079627], [9.774333, 44.079531], [9.774434, 44.079414], [9.774502, 44.07935], [9.774584, 44.079296], [9.774624, 44.079255], [9.774669, 44.079187], [9.774701, 44.079074], [9.774678, 44.078966], [9.774638, 44.078863], [9.774604, 44.07876], [9.774591, 44.07862], [9.774597, 44.078512], [9.774546, 44.078409], [9.77451, 44.078315], [9.774491, 44.078234], [9.77447, 44.078171], [9.774434, 44.078122], [9.774387, 44.078068], [9.774327, 44.077996], [9.774254, 44.077925], [9.774245, 44.077826], [9.774243, 44.077767], [9.774239, 44.077695], [9.774253, 44.07765], [9.774275, 44.077592], [9.774276, 44.077587], [9.774283, 44.077538], [9.774446, 44.077428], [9.774466, 44.07741], [9.774473, 44.077347], [9.774436, 44.077302], [9.774428, 44.077244], [9.774441, 44.077176], [9.774459, 44.077113], [9.774422, 44.077068], [9.774395, 44.077046], [9.774345, 44.077024], [9.774265, 44.077007], [9.774211, 44.076998], [9.774101, 44.076972], [9.774043, 44.076945], [9.773992, 44.076891], [9.773918, 44.076842], [9.77382, 44.076834], [9.773757, 44.07683], [9.773688, 44.076776], [9.77364, 44.076687], [9.773653, 44.076624], [9.773677, 44.076574], [9.773722, 44.076515], [9.773748, 44.076479], [9.7738, 44.07642], [9.77388, 44.076397], [9.773949, 44.076365], [9.774029, 44.076333], [9.7741, 44.076296], [9.774099, 44.076251], [9.774077, 44.076198], [9.774042, 44.076175], [9.774009, 44.076162], [9.773926, 44.076136], [9.773826, 44.076109], [9.773729, 44.076069], [9.773667, 44.07602], [9.773634, 44.075962], [9.773677, 44.075903], [9.773723, 44.075885], [9.773776, 44.075884], [9.773826, 44.075898], [9.773896, 44.075866], [9.773946, 44.075825], [9.774076, 44.07577], [9.774143, 44.075756], [9.77417, 44.075706], [9.774184, 44.075661], [9.774184, 44.075657], [9.77417, 44.075549], [9.774235, 44.075517], [9.773982, 44.075511], [9.773644, 44.075552], [9.773388, 44.075611], [9.773045, 44.075824], [9.773033, 44.076117], [9.773078, 44.076478], [9.773116, 44.076771], [9.773148, 44.077065], [9.773043, 44.077399], [9.7731, 44.077818], [9.773308, 44.078283], [9.773272, 44.078694], [9.772929, 44.079118], [9.772418, 44.079643], [9.771844, 44.080013], [9.771426, 44.080131], [9.771257, 44.080055], [9.770963, 44.080001], [9.770695, 44.08034], [9.770226, 44.080476], [9.769708, 44.080386], [9.76917, 44.080297], [9.768614, 44.08046], [9.768265, 44.080826], [9.767784, 44.080917], [9.767158, 44.080737], [9.766546, 44.080639], [9.766308, 44.08063], [9.766015, 44.080703], [9.765753, 44.081051], [9.765785, 44.081466], [9.76583, 44.08175], [9.765786, 44.081836], [9.765555, 44.08203], [9.7655, 44.082202], [9.765357, 44.082446], [9.764944, 44.082613], [9.764632, 44.082645], [9.764176, 44.082628], [9.763695, 44.082669], [9.76312, 44.082656], [9.762613, 44.082652], [9.761901, 44.082649], [9.761413, 44.082704], [9.760526, 44.082813], [9.759895, 44.082859], [9.759445, 44.082986], [9.75889, 44.08332], [9.758678, 44.083668], [9.758473, 44.084034], [9.758274, 44.084517], [9.758, 44.084982], [9.757789, 44.085371], [9.757634, 44.085822], [9.757479, 44.086391], [9.757467, 44.086779], [9.757656, 44.087239], [9.757881, 44.087424], [9.758026, 44.087654], [9.757932, 44.087844], [9.757664, 44.088173], [9.757321, 44.08844], [9.756947, 44.088784], [9.756666, 44.088915], [9.756373, 44.089001], [9.756148, 44.0891], [9.75586, 44.089205], [9.755492, 44.089358], [9.755267, 44.08953], [9.755099, 44.089688], [9.754812, 44.089942], [9.754256, 44.09015], [9.753919, 44.090155], [9.75345, 44.089997], [9.75308, 44.089826], [9.752549, 44.089687], [9.751873, 44.089607], [9.751042, 44.089693], [9.750586, 44.089694], [9.749936, 44.089848], [9.749349, 44.090061], [9.748655, 44.090251], [9.747949, 44.090306], [9.747293, 44.090258], [9.746818, 44.090326], [9.7462, 44.090629], [9.745713, 44.090814], [9.745169, 44.090883], [9.744606, 44.090865], [9.744075, 44.09087], [9.743694, 44.091115], [9.743276, 44.09144], [9.742995, 44.091607], [9.742614, 44.091639], [9.742233, 44.091622], [9.741895, 44.091568], [9.741526, 44.091505], [9.741057, 44.091352], [9.740575, 44.091357], [9.740144, 44.091403], [9.739864, 44.091515], [9.739899, 44.091531]]]}, "properties": {"band_code": "01", "band_label": "0-10 m", "lower_depth_m": 0}}, {"type": "Feature", "geometry": {"type": "Polygon", "coordinates": [[[9.636142, 44.134272], [9.636147, 44.13429], [9.636147, 44.134303], [9.636143, 44.134326], [9.636135, 44.134344], [9.636117, 44.134376], [9.63608, 44.134425], [9.63606, 44.134452], [9.636045, 44.134479], [9.636018, 44.13452], [9.636016, 44.134538], [9.636017, 44.134552], [9.636038, 44.134574], [9.636054, 44.134596], [9.636073, 44.134614], [9.636084, 44.134623], [9.636114, 44.134646], [9.636136, 44.134659], [9.636256, 44.134717], [9.636309, 44.134762], [9.636329, 44.134784], [9.636347, 44.13482], [9.636353, 44.134838], [9.636407, 44.134874], [9.636407, 44.134883], [9.636407, 44.134905], [9.636395, 44.13495], [9.636384, 44.134995], [9.636386, 44.135027], [9.636407, 44.135049], [9.636421, 44.135072], [9.636429, 44.135081], [9.636477, 44.135121], [9.636518, 44.13517], [9.636562, 44.135215], [9.636598, 44.135251], [9.636642, 44.135277], [9.636666, 44.135295], [9.636688, 44.135318], [9.636718, 44.135349], [9.636746, 44.135367], [9.636773, 44.135385], [9.636801, 44.135398], [9.636816, 44.135407], [9.636827, 44.135416], [9.636844, 44.135425], [9.636861, 44.135434], [9.636911, 44.135451], [9.636941, 44.13546], [9.636987, 44.135483], [9.637018, 44.135482], [9.637051, 44.135482], [9.637084, 44.135487], [9.637104, 44.135486], [9.637137, 44.135491], [9.637201, 44.13549], [9.637288, 44.135499], [9.637337, 44.135512], [9.637405, 44.135543], [9.637489, 44.135583], [9.63759, 44.135628], [9.63769, 44.135672], [9.637792, 44.135717], [9.63788, 44.135757], [9.63794, 44.135792], [9.637992, 44.135842], [9.638018, 44.135868], [9.638043, 44.135909], [9.638083, 44.135972], [9.638138, 44.136043], [9.638211, 44.136115], [9.638279, 44.136182], [9.638345, 44.136249], [9.638372, 44.136285], [9.638418, 44.13633], [9.63847, 44.136361], [9.638583, 44.136423], [9.638671, 44.136468], [9.638748, 44.136513], [9.638808, 44.136544], [9.63888, 44.136593], [9.638921, 44.13662], [9.638967, 44.136655], [9.639009, 44.136696], [9.639074, 44.136749], [9.639126, 44.136803], [9.639167, 44.136848], [9.639199, 44.136902], [9.639237, 44.136978], [9.639273, 44.137063], [9.639321, 44.137153], [9.639362, 44.137247], [9.639396, 44.137337], [9.639406, 44.137409], [9.639412, 44.137477], [9.639417, 44.137558], [9.639429, 44.137621], [9.639462, 44.137701], [9.639474, 44.137773], [9.639484, 44.137841], [9.639501, 44.137904], [9.639504, 44.137967], [9.639533, 44.138025], [9.639551, 44.138075], [9.63957, 44.138133], [9.639601, 44.138232], [9.639611, 44.138308], [9.639642, 44.138376], [9.639674, 44.138443], [9.639707, 44.138492], [9.639726, 44.138542], [9.639737, 44.138564], [9.639755, 44.138587], [9.639769, 44.138609], [9.639787, 44.13864], [9.639812, 44.138676], [9.639847, 44.138744], [9.639868, 44.138784], [9.639916, 44.138865], [9.639933, 44.138905], [9.639959, 44.138941], [9.639984, 44.13899], [9.640026, 44.139044], [9.640063, 44.13908], [9.640117, 44.139134], [9.640147, 44.139174], [9.640166, 44.139224], [9.640192, 44.139273], [9.640205, 44.139304], [9.64023, 44.139349], [9.640253, 44.139408], [9.640275, 44.139448], [9.640293, 44.139488], [9.640306, 44.139524], [9.640323, 44.13956], [9.64035, 44.13961], [9.640376, 44.139655], [9.640397, 44.139686], [9.640411, 44.139713], [9.640438, 44.139749], [9.640471, 44.139798], [9.640486, 44.139825], [9.640501, 44.139847], [9.640524, 44.139883], [9.640541, 44.13991], [9.640565, 44.139942], [9.640595, 44.139977], [9.640614, 44.139995], [9.640644, 44.140018], [9.640685, 44.140053], [9.640724, 44.140094], [9.640742, 44.140107], [9.640772, 44.140143], [9.640792, 44.14017], [9.640805, 44.140201], [9.640831, 44.140237], [9.64084, 44.140269], [9.640848, 44.140291], [9.640863, 44.140323], [9.640884, 44.140363], [9.640901, 44.14039], [9.640931, 44.140435], [9.640958, 44.140471], [9.640988, 44.140515], [9.641028, 44.140583], [9.641058, 44.140623], [9.641096, 44.140663], [9.641129, 44.140695], [9.641185, 44.140744], [9.64121, 44.140802], [9.641234, 44.140856], [9.64125, 44.140906], [9.641273, 44.140955], [9.6413, 44.141004], [9.64133, 44.141054], [9.641365, 44.141094], [9.641394, 44.141134], [9.641433, 44.141197], [9.641486, 44.141273], [9.64151, 44.141318], [9.641541, 44.141368], [9.64158, 44.141426], [9.641618, 44.141475], [9.641645, 44.14152], [9.641677, 44.141578], [9.641715, 44.14165], [9.641745, 44.141704], [9.641779, 44.141767], [9.641814, 44.141825], [9.641844, 44.141875], [9.641871, 44.141933], [9.641884, 44.141991], [9.641899, 44.142054], [9.641922, 44.142122], [9.641944, 44.142176], [9.641962, 44.14222], [9.641987, 44.142288], [9.64202, 44.14236], [9.642037, 44.142409], [9.642042, 44.142445], [9.642038, 44.142481], [9.642035, 44.14254], [9.642031, 44.142585], [9.642043, 44.142634], [9.642056, 44.142697], [9.642069, 44.142738], [9.642079, 44.142787], [9.642105, 44.142859], [9.642124, 44.142904], [9.642134, 44.14294], [9.642194, 44.143002], [9.64227, 44.143088], [9.642292, 44.14311], [9.642338, 44.14315], [9.642372, 44.143182], [9.642396, 44.143208], [9.642415, 44.143226], [9.642453, 44.143258], [9.642491, 44.14328], [9.642536, 44.143307], [9.642575, 44.143329], [9.642621, 44.143356], [9.642651, 44.143369], [9.642673, 44.143382], [9.642696, 44.143391], [9.642726, 44.143409], [9.642753, 44.143422], [9.642789, 44.143436], [9.642802, 44.143445], [9.642828, 44.143454], [9.642846, 44.143462], [9.642879, 44.143471], [9.642915, 44.14348], [9.642957, 44.143498], [9.642987, 44.143502], [9.643026, 44.143515], [9.643051, 44.143529], [9.643075, 44.143538], [9.6431, 44.143547], [9.643142, 44.143564], [9.643169, 44.143573], [9.643181, 44.143578], [9.643197, 44.143587], [9.643207, 44.143591], [9.643219, 44.143595], [9.64323, 44.1436], [9.643249, 44.143604], [9.64328, 44.143609], [9.64329, 44.143618], [9.643302, 44.143617], [9.643335, 44.143626], [9.643349, 44.143631], [9.643365, 44.143631], [9.643395, 44.143626], [9.643407, 44.143621], [9.643419, 44.143621], [9.643443, 44.143612], [9.643468, 44.143607], [9.643488, 44.143607], [9.643538, 44.143598], [9.643544, 44.143598], [9.643572, 44.143589], [9.643588, 44.143584], [9.6436, 44.143584], [9.643613, 44.14358], [9.643664, 44.143575], [9.643698, 44.143665], [9.643645, 44.143674], [9.643573, 44.143692], [9.643558, 44.143697], [9.643537, 44.143697], [9.64352, 44.143697], [9.643503, 44.143702], [9.643483, 44.143706], [9.643458, 44.143711], [9.64343, 44.143716], [9.64341, 44.143716], [9.643391, 44.14372], [9.643367, 44.143725], [9.643355, 44.143725], [9.643339, 44.143725], [9.643321, 44.143725], [9.643272, 44.143712], [9.643259, 44.143708], [9.643242, 44.143699], [9.64322, 44.143694], [9.643203, 44.143686], [9.643179, 44.143672], [9.64316, 44.143668], [9.643142, 44.143663], [9.643129, 44.143663], [9.643117, 44.143659], [9.643098, 44.14365], [9.643079, 44.143641], [9.643065, 44.143632], [9.643032, 44.143619], [9.643018, 44.143615], [9.643015, 44.14361], [9.642997, 44.143606], [9.642986, 44.143601], [9.64298, 44.143597], [9.642964, 44.143592], [9.64296, 44.143588], [9.642949, 44.143583], [9.642931, 44.143575], [9.642927, 44.14357], [9.642922, 44.143566], [9.642897, 44.143561], [9.642881, 44.143557], [9.642856, 44.143552], [9.642831, 44.143544], [9.642685, 44.143612], [9.642551, 44.143685], [9.642724, 44.14381], [9.643123, 44.143934], [9.643225, 44.14382], [9.643312, 44.143851], [9.643214, 44.143974], [9.643256, 44.143996], [9.643291, 44.144023], [9.643316, 44.144045], [9.643329, 44.144054], [9.643346, 44.144063], [9.643371, 44.144076], [9.643385, 44.144085], [9.643398, 44.144094], [9.643404, 44.144094], [9.643426, 44.144098], [9.643434, 44.144103], [9.643461, 44.144107], [9.64348, 44.144116], [9.643494, 44.14413], [9.643521, 44.144183], [9.643527, 44.144188], [9.643541, 44.144197], [9.643552, 44.14421], [9.643559, 44.144219], [9.643562, 44.144228], [9.643567, 44.144237], [9.64357, 44.144237], [9.643576, 44.144246], [9.643583, 44.144255], [9.643592, 44.144264], [9.643602, 44.144264], [9.643647, 44.144273], [9.643702, 44.144263], [9.643709, 44.14425], [9.643712, 44.144245], [9.643724, 44.144214], [9.643728, 44.144214], [9.643737, 44.144209], [9.643752, 44.144196], [9.643765, 44.144187], [9.643769, 44.144186], [9.643782, 44.144177], [9.643791, 44.144168], [9.643802, 44.144159], [9.643805, 44.14415], [9.643814, 44.144123], [9.643814, 44.144119], [9.643817, 44.144096], [9.64382, 44.144074], [9.643824, 44.14406], [9.643829, 44.144047], [9.643832, 44.144042], [9.643839, 44.144015], [9.643844, 44.144002], [9.643849, 44.143992], [9.643853, 44.143983], [9.643856, 44.143974], [9.643861, 44.143965], [9.643864, 44.143961], [9.643829, 44.143934], [9.643894, 44.14388], [9.643963, 44.143929], [9.643913, 44.144123], [9.643874, 44.144168], [9.643934, 44.144208], [9.643954, 44.144226], [9.643984, 44.144235], [9.644045, 44.14427], [9.644085, 44.144293], [9.644122, 44.144306], [9.644151, 44.144315], [9.644205, 44.14431], [9.644263, 44.14431], [9.644296, 44.144314], [9.644351, 44.144323], [9.644401, 44.144327], [9.644435, 44.144327], [9.644501, 44.144331], [9.644546, 44.144331], [9.644623, 44.144339], [9.644676, 44.144343], [9.644723, 44.144348], [9.644768, 44.144356], [9.644823, 44.144365], [9.644845, 44.144369], [9.644881, 44.144383], [9.64492, 44.144396], [9.644949, 44.144396], [9.644986, 44.1444], [9.645028, 44.144395], [9.645074, 44.144404], [9.645102, 44.144404], [9.645145, 44.144399], [9.645183, 44.144399], [9.645221, 44.144399], [9.645277, 44.144394], [9.645331, 44.144398], [9.645366, 44.144394], [9.645402, 44.144393], [9.645436, 44.144393], [9.645486, 44.144388], [9.645539, 44.144379], [9.645577, 44.14437], [9.645631, 44.144361], [9.645661, 44.144351], [9.645717, 44.144342], [9.645774, 44.144324], [9.645829, 44.144314], [9.645882, 44.144301], [9.645921, 44.144291], [9.645958, 44.144278], [9.646011, 44.14425], [9.646047, 44.144237], [9.646073, 44.144219], [9.646109, 44.144187], [9.646129, 44.14416], [9.646151, 44.144133], [9.646183, 44.144096], [9.646211, 44.144065], [9.646243, 44.144019], [9.646276, 44.143997], [9.646307, 44.143961], [9.646356, 44.143929], [9.646398, 44.143906], [9.646431, 44.143888], [9.646484, 44.143865], [9.646538, 44.14386], [9.646585, 44.143851], [9.646643, 44.143851], [9.646681, 44.143859], [9.646731, 44.143868], [9.646779, 44.143881], [9.646823, 44.143895], [9.646881, 44.143926], [9.646911, 44.143953], [9.64694, 44.143975], [9.646992, 44.14402], [9.647009, 44.144056], [9.647019, 44.144092], [9.647028, 44.144146], [9.647033, 44.144182], [9.647022, 44.144227], [9.64703, 44.144276], [9.647036, 44.144317], [9.647035, 44.144362], [9.647027, 44.144402], [9.64702, 44.144434], [9.647015, 44.144461], [9.647016, 44.144515], [9.647013, 44.144551], [9.647017, 44.144573], [9.647023, 44.144609], [9.647031, 44.144627], [9.647033, 44.144659], [9.647038, 44.14469], [9.647043, 44.14474], [9.647053, 44.14478], [9.647061, 44.144812], [9.647065, 44.144834], [9.647077, 44.144929], [9.647085, 44.144938], [9.647093, 44.144955], [9.647112, 44.144973], [9.647129, 44.144991], [9.647167, 44.145027], [9.647213, 44.145112], [9.647275, 44.14518], [9.64738, 44.145219], [9.647496, 44.145241], [9.647613, 44.145254], [9.647754, 44.145258], [9.64786, 44.145284], [9.647889, 44.145284], [9.647992, 44.145306], [9.648152, 44.145332], [9.648335, 44.145376], [9.648423, 44.145385], [9.648457, 44.145393], [9.648495, 44.145393], [9.648603, 44.145402], [9.648687, 44.145415], [9.648715, 44.145414], [9.64875, 44.145414], [9.64879, 44.145419], [9.648828, 44.145418], [9.64887, 44.145423], [9.649058, 44.145422], [9.649181, 44.145421], [9.649303, 44.145429], [9.649475, 44.145433], [9.649553, 44.145446], [9.649603, 44.145441], [9.649613, 44.145441], [9.649625, 44.145441], [9.649711, 44.145436], [9.649858, 44.145439], [9.64992, 44.145412], [9.649947, 44.145407], [9.650114, 44.145416], [9.650239, 44.145433], [9.650316, 44.145428], [9.650406, 44.145414], [9.650494, 44.145418], [9.650639, 44.145404], [9.650735, 44.145407], [9.65088, 44.145398], [9.651058, 44.145379], [9.651172, 44.145369], [9.651255, 44.145373], [9.6513, 44.145364], [9.651317, 44.145364], [9.65137, 44.145359], [9.651454, 44.145354], [9.651617, 44.145353], [9.651775, 44.145352], [9.651842, 44.145361], [9.651948, 44.145365], [9.65204, 44.145346], [9.652156, 44.145314], [9.652255, 44.145286], [9.652363, 44.145286], [9.652426, 44.145281], [9.652515, 44.14528], [9.652604, 44.145262], [9.652701, 44.145266], [9.652791, 44.14527], [9.652859, 44.145269], [9.652992, 44.145282], [9.653064, 44.145291], [9.653098, 44.145295], [9.653143, 44.14529], [9.65318, 44.145267], [9.653281, 44.145168], [9.653291, 44.145127], [9.653313, 44.145109], [9.653329, 44.145091], [9.653342, 44.145077], [9.653358, 44.14505], [9.653373, 44.145041], [9.653398, 44.145019], [9.653445, 44.145009], [9.653493, 44.145005], [9.653535, 44.145004], [9.653578, 44.145009], [9.653614, 44.145013], [9.653656, 44.145013], [9.65369, 44.145003], [9.653723, 44.14499], [9.653763, 44.144963], [9.653805, 44.144931], [9.653841, 44.144908], [9.653869, 44.144894], [9.653911, 44.144881], [9.653944, 44.144876], [9.653973, 44.144876], [9.654023, 44.144867], [9.654053, 44.144866], [9.654098, 44.144844], [9.654126, 44.144821], [9.654154, 44.144789], [9.654183, 44.144753], [9.654206, 44.144726], [9.654223, 44.144694], [9.654247, 44.144649], [9.654278, 44.144608], [9.654307, 44.144563], [9.654344, 44.144518], [9.65438, 44.144486], [9.654413, 44.144459], [9.654479, 44.144423], [9.654509, 44.144414], [9.654561, 44.144359], [9.654594, 44.144332], [9.654609, 44.144323], [9.65463, 44.144318], [9.654675, 44.144309], [9.654705, 44.144309], [9.654747, 44.144313], [9.654775, 44.144327], [9.654802, 44.144335], [9.65483, 44.144358], [9.654849, 44.144385], [9.654862, 44.144416], [9.654887, 44.144434], [9.654918, 44.144447], [9.654965, 44.144537], [9.654814, 44.144538], [9.654793, 44.144534], [9.65476, 44.144547], [9.654445, 44.144684], [9.654506, 44.144886], [9.654477, 44.145026], [9.654575, 44.145129], [9.654521, 44.145336], [9.654698, 44.145439], [9.654701, 44.145542], [9.654781, 44.145551], [9.654928, 44.145555], [9.654994, 44.145568], [9.655061, 44.145563], [9.655111, 44.145567], [9.655197, 44.145576], [9.655253, 44.14558], [9.655314, 44.145579], [9.655352, 44.145579], [9.655423, 44.14557], [9.655489, 44.145569], [9.655561, 44.145573], [9.655605, 44.145573], [9.655677, 44.145577], [9.655813, 44.145577], [9.655847, 44.145572], [9.655899, 44.145594], [9.655986, 44.145603], [9.656002, 44.145602], [9.656052, 44.145598], [9.656119, 44.145597], [9.65616, 44.145597], [9.65621, 44.145592], [9.656268, 44.145592], [9.656372, 44.145582], [9.656388, 44.145582], [9.656414, 44.145582], [9.656452, 44.145577], [9.656552, 44.145568], [9.656634, 44.145554], [9.656825, 44.14553], [9.656855, 44.145526], [9.656908, 44.145512], [9.65694, 44.145498], [9.656978, 44.145484], [9.657015, 44.145471], [9.65704, 44.145461], [9.65707, 44.145457], [9.657105, 44.145448], [9.657123, 44.145443], [9.657188, 44.145429], [9.657208, 44.14542], [9.657258, 44.145402], [9.65728, 44.145393], [9.657311, 44.145374], [9.657336, 44.145365], [9.657348, 44.145356], [9.657387, 44.145338], [9.657412, 44.145329], [9.657435, 44.145315], [9.65753, 44.145238], [9.657553, 44.145211], [9.657578, 44.145179], [9.657599, 44.145152], [9.657619, 44.145125], [9.657652, 44.145084], [9.65769, 44.145048], [9.65772, 44.145012], [9.657757, 44.144985], [9.657806, 44.144944], [9.657859, 44.144903], [9.657895, 44.144876], [9.657989, 44.144817], [9.658009, 44.144785], [9.658034, 44.144753], [9.658069, 44.144699], [9.658095, 44.144672], [9.658126, 44.144649], [9.658171, 44.144613], [9.658199, 44.14459], [9.658233, 44.144568], [9.658261, 44.144559], [9.658291, 44.14454], [9.658358, 44.144522], [9.658377, 44.144508], [9.658418, 44.144486], [9.658459, 44.144436], [9.658478, 44.1444], [9.658498, 44.144373], [9.658512, 44.14435], [9.658527, 44.144314], [9.658527, 44.144309], [9.65862, 44.14421], [9.658668, 44.144169], [9.658693, 44.144164], [9.65871, 44.144146], [9.658727, 44.144124], [9.658758, 44.144097], [9.658716, 44.14402], [9.658704, 44.144007], [9.658699, 44.143989], [9.658702, 44.143971], [9.658731, 44.143935], [9.658759, 44.143894], [9.658783, 44.143858], [9.658807, 44.143831], [9.65883, 44.143804], [9.65885, 44.143776], [9.658867, 44.143745], [9.658887, 44.143718], [9.658908, 44.143704], [9.658927, 44.143681], [9.658941, 44.143668], [9.658961, 44.143636], [9.658979, 44.1436], [9.658987, 44.143582], [9.658986, 44.143542], [9.658986, 44.143515], [9.658989, 44.143479], [9.658998, 44.143451], [9.659029, 44.143411], [9.659053, 44.143393], [9.659075, 44.143379], [9.659165, 44.143293], [9.659233, 44.143257], [9.659271, 44.143252], [9.659308, 44.143229], [9.659329, 44.143207], [9.659361, 44.143188], [9.659385, 44.14317], [9.659426, 44.143143], [9.659452, 44.143125], [9.659451, 44.14308], [9.659457, 44.143057], [9.659492, 44.143017], [9.659494, 44.14298], [9.659527, 44.142962], [9.659555, 44.142953], [9.659567, 44.142944], [9.659584, 44.142939], [9.659601, 44.142926], [9.659625, 44.142917], [9.659634, 44.142908], [9.659642, 44.142908], [9.659662, 44.142916], [9.659692, 44.142948], [9.659702, 44.14297], [9.659718, 44.143011], [9.65972, 44.14302], [9.659736, 44.143047], [9.659745, 44.143074], [9.659745, 44.143083], [9.659738, 44.14311], [9.659726, 44.143128], [9.65971, 44.143137], [9.659681, 44.143155], [9.659656, 44.143164], [9.659615, 44.143187], [9.659598, 44.143205], [9.65958, 44.143223], [9.659575, 44.143241], [9.659571, 44.143264], [9.659571, 44.1433], [9.659583, 44.143336], [9.659583, 44.143372], [9.659583, 44.143394], [9.659579, 44.143417], [9.659567, 44.143457], [9.659561, 44.143484], [9.659556, 44.143511], [9.659556, 44.143529], [9.659552, 44.143556], [9.659542, 44.143579], [9.659522, 44.143615], [9.659517, 44.143633], [9.659506, 44.143651], [9.659494, 44.143674], [9.659471, 44.143723], [9.659475, 44.143741], [9.659476, 44.143759], [9.659494, 44.143809], [9.659482, 44.143845], [9.659482, 44.143867], [9.659487, 44.14389], [9.659503, 44.143903], [9.659555, 44.143925], [9.659591, 44.143921], [9.65963, 44.143916], [9.659667, 44.143911], [9.659715, 44.143907], [9.659754, 44.143902], [9.659795, 44.143902], [9.65984, 44.143892], [9.65987, 44.143901], [9.659898, 44.143892], [9.660042, 44.14386], [9.660147, 44.143816], [9.660248, 44.143773], [9.660292, 44.143759], [9.660331, 44.143736], [9.660373, 44.143709], [9.660415, 44.143691], [9.660465, 44.143673], [9.6605, 44.143663], [9.66053, 44.143663], [9.660576, 44.143667], [9.660638, 44.143658], [9.660663, 44.143653], [9.66071, 44.143653], [9.660747, 44.143662], [9.660763, 44.143662], [9.66097, 44.143625], [9.661028, 44.143588], [9.661043, 44.143575], [9.661043, 44.143557], [9.661038, 44.14353], [9.661027, 44.143512], [9.661017, 44.143485], [9.661015, 44.14344], [9.661042, 44.143413], [9.661077, 44.143385], [9.661117, 44.143358], [9.661159, 44.143331], [9.66122, 44.143299], [9.661271, 44.143276], [9.661341, 44.143258], [9.661394, 44.14324], [9.661447, 44.143226], [9.661494, 44.143217], [9.661547, 44.143212], [9.661613, 44.143211], [9.661647, 44.143216], [9.661685, 44.143233], [9.661705, 44.143242], [9.661723, 44.143256], [9.661756, 44.143265], [9.661782, 44.14326], [9.661832, 44.143237], [9.661863, 44.143219], [9.661883, 44.143201], [9.66192, 44.143169], [9.661959, 44.143142], [9.66202, 44.143105], [9.662065, 44.143083], [9.662122, 44.14306], [9.662217, 44.143023], [9.662309, 44.143], [9.6624, 44.142995], [9.66249, 44.142986], [9.662607, 44.14298], [9.662678, 44.142967], [9.662737, 44.142957], [9.66281, 44.142948], [9.662894, 44.142947], [9.662974, 44.142956], [9.663011, 44.142974], [9.663023, 44.142992], [9.662991, 44.14305], [9.662968, 44.143077], [9.662968, 44.143082], [9.66299, 44.143109], [9.663039, 44.143122], [9.663101, 44.143144], [9.663145, 44.143153], [9.663183, 44.143162], [9.66325, 44.143175], [9.663286, 44.143184], [9.663332, 44.143192], [9.663371, 44.143197], [9.663449, 44.143201], [9.663501, 44.1432], [9.663549, 44.143209], [9.663596, 44.143213], [9.663663, 44.143204], [9.663736, 44.143176], [9.663797, 44.143154], [9.663848, 44.143135], [9.663894, 44.143117], [9.663963, 44.143081], [9.664026, 44.143053], [9.664058, 44.14304], [9.664071, 44.143031], [9.664065, 44.142954], [9.664038, 44.142927], [9.664046, 44.142882], [9.664049, 44.142869], [9.664086, 44.142837], [9.664126, 44.142801], [9.664177, 44.142769], [9.664216, 44.142742], [9.664266, 44.142714], [9.66432, 44.142673], [9.664382, 44.142646], [9.664415, 44.142641], [9.66448, 44.142627], [9.664535, 44.142618], [9.664597, 44.142609], [9.664651, 44.142617], [9.664705, 44.142613], [9.664735, 44.142622], [9.66476, 44.142635], [9.664771, 44.142648], [9.664773, 44.14268], [9.664761, 44.142702], [9.664725, 44.142739], [9.664701, 44.142775], [9.664667, 44.142802], [9.664631, 44.142825], [9.664591, 44.142861], [9.664549, 44.142893], [9.664517, 44.142933], [9.664494, 44.14297], [9.664491, 44.142997], [9.664503, 44.143014], [9.664549, 44.143014], [9.664611, 44.142991], [9.664651, 44.142978], [9.664717, 44.142946], [9.664763, 44.142932], [9.664829, 44.142909], [9.664874, 44.142886], [9.664908, 44.142873], [9.664939, 44.142854], [9.664977, 44.14285], [9.665047, 44.1428], [9.665098, 44.142822], [9.665122, 44.142835], [9.665147, 44.142853], [9.665182, 44.142866], [9.665235, 44.142862], [9.665277, 44.142839], [9.665336, 44.142825], [9.665381, 44.142811], [9.665425, 44.142793], [9.665467, 44.142784], [9.665524, 44.142761], [9.665575, 44.142722], [9.665589, 44.142711], [9.665764, 44.14267], [9.665839, 44.14266], [9.665883, 44.14266], [9.665933, 44.142673], [9.665959, 44.142686], [9.665975, 44.142704], [9.665962, 44.14274], [9.665937, 44.142763], [9.66592, 44.142808], [9.665939, 44.142826], [9.665997, 44.142857], [9.66608, 44.142857], [9.666147, 44.142847], [9.666233, 44.142842], [9.666317, 44.142828], [9.666405, 44.142832], [9.666454, 44.142846], [9.666488, 44.142877], [9.666518, 44.142895], [9.666573, 44.142903], [9.666628, 44.142894], [9.666808, 44.142835], [9.666962, 44.142798], [9.667114, 44.142765], [9.667215, 44.142742], [9.667318, 44.142719], [9.667429, 44.142687], [9.667471, 44.142669], [9.667531, 44.142637], [9.667581, 44.142596], [9.667622, 44.14256], [9.66767, 44.14251], [9.66773, 44.142424], [9.66776, 44.142379], [9.667801, 44.142298], [9.66786, 44.142239], [9.667936, 44.142139], [9.66801, 44.142056], [9.664892, 44.142037], [9.661891, 44.142272], [9.659844, 44.142664], [9.657296, 44.143041], [9.654801, 44.143742], [9.652327, 44.143992], [9.649749, 44.143936], [9.648263, 44.143168], [9.64619, 44.141357], [9.645403, 44.140404], [9.64409, 44.139419], [9.642605, 44.138652], [9.640915, 44.137434], [9.639826, 44.136357], [9.638767, 44.135641], [9.638037, 44.135248], [9.636137, 44.134261], [9.636142, 44.134272]]]}, "properties": {"band_code": "01", "band_label": "0-10 m", "lower_depth_m": 0}}, {"type": "Feature", "geometry": {"type": "Polygon", "coordinates": [[[9.58476, 44.176001], [9.584886, 44.175955], [9.584981, 44.175936], [9.585098, 44.1759], [9.585201, 44.175832], [9.585286, 44.175795], [9.585347, 44.175728], [9.585421, 44.175664], [9.585478, 44.175605], [9.585548, 44.175533], [9.585661, 44.175465], [9.585766, 44.175451], [9.585902, 44.175486], [9.586017, 44.175513], [9.58615, 44.17557], [9.586258, 44.175583], [9.586396, 44.175596], [9.586516, 44.175537], [9.58664, 44.175469], [9.586718, 44.175414], [9.586783, 44.17536], [9.586771, 44.175279], [9.586761, 44.175189], [9.586823, 44.175135], [9.586926, 44.175116], [9.587017, 44.175093], [9.587036, 44.175035], [9.587034, 44.174958], [9.587146, 44.174899], [9.587266, 44.174862], [9.587396, 44.174848], [9.587552, 44.174843], [9.587694, 44.174838], [9.587848, 44.174864], [9.587915, 44.174895], [9.588017, 44.174926], [9.588178, 44.174934], [9.588318, 44.174943], [9.588397, 44.174956], [9.588475, 44.174906], [9.588611, 44.174855], [9.588749, 44.174778], [9.588931, 44.174719], [9.589031, 44.174691], [9.589072, 44.174673], [9.589275, 44.174627], [9.58937, 44.174649], [9.589477, 44.174689], [9.589583, 44.174706], [9.589683, 44.174683], [9.589747, 44.174674], [9.589833, 44.174647], [9.589951, 44.174587], [9.589998, 44.174542], [9.590061, 44.174506], [9.590103, 44.174452], [9.590131, 44.174406], [9.590172, 44.174352], [9.590196, 44.174307], [9.590226, 44.174271], [9.590256, 44.174271], [9.590327, 44.174288], [9.590407, 44.174311], [9.590472, 44.174274], [9.590514, 44.174215], [9.590537, 44.174179], [9.590554, 44.174143], [9.590553, 44.174089], [9.590549, 44.174008], [9.590516, 44.173963], [9.59046, 44.173878], [9.590403, 44.173761], [9.590433, 44.173676], [9.59049, 44.173621], [9.59052, 44.17359], [9.59056, 44.173576], [9.590621, 44.173567], [9.59064, 44.173544], [9.590695, 44.173467], [9.590673, 44.173422], [9.59063, 44.173378], [9.590579, 44.173288], [9.590605, 44.173171], [9.590649, 44.173067], [9.59073, 44.172976], [9.590818, 44.172917], [9.590872, 44.172886], [9.591031, 44.172898], [9.591165, 44.172907], [9.591331, 44.172906], [9.591442, 44.172896], [9.591504, 44.172882], [9.591557, 44.172851], [9.591611, 44.172774], [9.591626, 44.17272], [9.591674, 44.172697], [9.591808, 44.172647], [9.591969, 44.172601], [9.592129, 44.172546], [9.592249, 44.172514], [9.59236, 44.172495], [9.592498, 44.172472], [9.592601, 44.172472], [9.592785, 44.172484], [9.592891, 44.172511], [9.593053, 44.172541], [9.593212, 44.17259], [9.593339, 44.172634], [9.593539, 44.172656], [9.593652, 44.172705], [9.593811, 44.172726], [9.593932, 44.172712], [9.59404, 44.17268], [9.594145, 44.172572], [9.594178, 44.172535], [9.594238, 44.17249], [9.594316, 44.172449], [9.594429, 44.172467], [9.594526, 44.172507], [9.594664, 44.17256], [9.594758, 44.172613], [9.594833, 44.172672], [9.594932, 44.172739], [9.594987, 44.172815], [9.595022, 44.172882], [9.595061, 44.172963], [9.595108, 44.173026], [9.595148, 44.173107], [9.59517, 44.17316], [9.595258, 44.173196], [9.595411, 44.173249], [9.595494, 44.173307], [9.595529, 44.173334], [9.595592, 44.173356], [9.595709, 44.173374], [9.595712, 44.173347], [9.595757, 44.173319], [9.595812, 44.173238], [9.595885, 44.173188], [9.595965, 44.173183], [9.596054, 44.173201], [9.596111, 44.173205], [9.596167, 44.173227], [9.596228, 44.173254], [9.596313, 44.173294], [9.596346, 44.173294], [9.596393, 44.173294], [9.596437, 44.173257], [9.596468, 44.173239], [9.596503, 44.173212], [9.596531, 44.173162], [9.596541, 44.173117], [9.596555, 44.173077], [9.596578, 44.173014], [9.596593, 44.172973], [9.596643, 44.172932], [9.596686, 44.172918], [9.596741, 44.172914], [9.596766, 44.1729], [9.596808, 44.172846], [9.596809, 44.172787], [9.596804, 44.172765], [9.596803, 44.172715], [9.596815, 44.17267], [9.596826, 44.172648], [9.596846, 44.172634], [9.596918, 44.17262], [9.596971, 44.172611], [9.597033, 44.172579], [9.597064, 44.172525], [9.597056, 44.172475], [9.597013, 44.172462], [9.596954, 44.172453], [9.596877, 44.172449], [9.596814, 44.172445], [9.596743, 44.172437], [9.596658, 44.172405], [9.596597, 44.172383], [9.596537, 44.172357], [9.59648, 44.172321], [9.596435, 44.172281], [9.596405, 44.172254], [9.596374, 44.172227], [9.596349, 44.172182], [9.596344, 44.17216], [9.596348, 44.172128], [9.596412, 44.172083], [9.596446, 44.172064], [9.596514, 44.172064], [9.596594, 44.172091], [9.596647, 44.172086], [9.596702, 44.172122], [9.596748, 44.172171], [9.596825, 44.172207], [9.596866, 44.172229], [9.596903, 44.172238], [9.596955, 44.172237], [9.597013, 44.172255], [9.597066, 44.172286], [9.59709, 44.172309], [9.59712, 44.172354], [9.597153, 44.172376], [9.597194, 44.172376], [9.597245, 44.172389], [9.597283, 44.172375], [9.597344, 44.172343], [9.597343, 44.172289], [9.597319, 44.172244], [9.597286, 44.172209], [9.59727, 44.172173], [9.597273, 44.17215], [9.597291, 44.17211], [9.597303, 44.172087], [9.597344, 44.172064], [9.597391, 44.172051], [9.597433, 44.172041], [9.59747, 44.172037], [9.59757, 44.172041], [9.597632, 44.172058], [9.597679, 44.172076], [9.597681, 44.17213], [9.597666, 44.172189], [9.597677, 44.172234], [9.597663, 44.172256], [9.597654, 44.17231], [9.59766, 44.17236], [9.597665, 44.1724], [9.597687, 44.172441], [9.597704, 44.172468], [9.597719, 44.172494], [9.597727, 44.172544], [9.59772, 44.172602], [9.597708, 44.172652], [9.59769, 44.172729], [9.597682, 44.172765], [9.59768, 44.172787], [9.597683, 44.172828], [9.59769, 44.172859], [9.597726, 44.172882], [9.597768, 44.172895], [9.597798, 44.172913], [9.597882, 44.172912], [9.597915, 44.172903], [9.597965, 44.172898], [9.598006, 44.172862], [9.598074, 44.172808], [9.598103, 44.172772], [9.598143, 44.172704], [9.598201, 44.172658], [9.598249, 44.172654], [9.598276, 44.172654], [9.598354, 44.172676], [9.59838, 44.17268], [9.598429, 44.172689], [9.598459, 44.17272], [9.598466, 44.172774], [9.598457, 44.172801], [9.598449, 44.172824], [9.598431, 44.172855], [9.598449, 44.172905], [9.598574, 44.172895], [9.598656, 44.172895], [9.598775, 44.17289], [9.598914, 44.172871], [9.59905, 44.172857], [9.599163, 44.172861], [9.599291, 44.172842], [9.599383, 44.172841], [9.599503, 44.172832], [9.59962, 44.172827], [9.599736, 44.172817], [9.599866, 44.172816], [9.599984, 44.17278], [9.600059, 44.17273], [9.600057, 44.172671], [9.600056, 44.172586], [9.600078, 44.1725], [9.600072, 44.172469], [9.600087, 44.172415], [9.600091, 44.172356], [9.600101, 44.172302], [9.600096, 44.172221], [9.600045, 44.172136], [9.599947, 44.172073], [9.599858, 44.172015], [9.599835, 44.17197], [9.59984, 44.171916], [9.599862, 44.171858], [9.599915, 44.171808], [9.599993, 44.171776], [9.60003, 44.171785], [9.600091, 44.171847], [9.600118, 44.17191], [9.600157, 44.171968], [9.6002, 44.172027], [9.600256, 44.17209], [9.600314, 44.172166], [9.600367, 44.172246], [9.600389, 44.172314], [9.600449, 44.172377], [9.600525, 44.172399], [9.60062, 44.172425], [9.60068, 44.172456], [9.600735, 44.172501], [9.600756, 44.172546], [9.600755, 44.172618], [9.600763, 44.172668], [9.600819, 44.172708], [9.6009, 44.172734], [9.601041, 44.172752], [9.601179, 44.172755], [9.601316, 44.17275], [9.601447, 44.172736], [9.601624, 44.172699], [9.601775, 44.172689], [9.601905, 44.172675], [9.602008, 44.172652], [9.602118, 44.172606], [9.602268, 44.172565], [9.60238, 44.172519], [9.602506, 44.172478], [9.602645, 44.172442], [9.602819, 44.172333], [9.603001, 44.172381], [9.603087, 44.172345], [9.603199, 44.172308], [9.603303, 44.172267], [9.603417, 44.172221], [9.603554, 44.172162], [9.603711, 44.172112], [9.603839, 44.172075], [9.604045, 44.172038], [9.604173, 44.172001], [9.604276, 44.171974], [9.604421, 44.171951], [9.604554, 44.171909], [9.604678, 44.171868], [9.60477, 44.171845], [9.604861, 44.171809], [9.604958, 44.171736], [9.605038, 44.171727], [9.605119, 44.171708], [9.605202, 44.17169], [9.605272, 44.17168], [9.605331, 44.171658], [9.605426, 44.171612], [9.60554, 44.171562], [9.605639, 44.171507], [9.605714, 44.171471], [9.605784, 44.171421], [9.605887, 44.171362], [9.605989, 44.171312], [9.606087, 44.171253], [9.60616, 44.171217], [9.60624, 44.17118], [9.606291, 44.171135], [9.60637, 44.171094], [9.60644, 44.171044], [9.606513, 44.171021], [9.606563, 44.170994], [9.606625, 44.170962], [9.606718, 44.170908], [9.606806, 44.170885], [9.606888, 44.170866], [9.606943, 44.170839], [9.607018, 44.170811], [9.607064, 44.170775], [9.607198, 44.170702], [9.607277, 44.170603], [9.607387, 44.170508], [9.607478, 44.170426], [9.607571, 44.170309], [9.607656, 44.1702], [9.607758, 44.170132], [9.607864, 44.170055], [9.607961, 44.169969], [9.608096, 44.169896], [9.608176, 44.169846], [9.608289, 44.169724], [9.608374, 44.169674], [9.608452, 44.169611], [9.608479, 44.169561], [9.608532, 44.169511], [9.608642, 44.169466], [9.608681, 44.169443], [9.608754, 44.169384], [9.608797, 44.16933], [9.608817, 44.169258], [9.608849, 44.169208], [9.608936, 44.169149], [9.609006, 44.169104], [9.609075, 44.169072], [9.609174, 44.168986], [9.609262, 44.1689], [9.609311, 44.168846], [9.609342, 44.168782], [9.609329, 44.168746], [9.609337, 44.168692], [9.609338, 44.168643], [9.609342, 44.168607], [9.609432, 44.168575], [9.609536, 44.168516], [9.609595, 44.168412], [9.609656, 44.168317], [9.609718, 44.1682], [9.609779, 44.168123], [9.60981, 44.168042], [9.609847, 44.167978], [9.609912, 44.167929], [9.60996, 44.167879], [9.610017, 44.16782], [9.610046, 44.167775], [9.610084, 44.167685], [9.610092, 44.167635], [9.61014, 44.167563], [9.610216, 44.167432], [9.610267, 44.167319], [9.610304, 44.167166], [9.610301, 44.167031], [9.610309, 44.1669], [9.610307, 44.166779], [9.610306, 44.166684], [9.610289, 44.166581], [9.610255, 44.166509], [9.61024, 44.166428], [9.610155, 44.166352], [9.610079, 44.166285], [9.610047, 44.166222], [9.61004, 44.166136], [9.609977, 44.166047], [9.609874, 44.165971], [9.609774, 44.165908], [9.609689, 44.165859], [9.609563, 44.165792], [9.609455, 44.165802], [9.609426, 44.165856], [9.609408, 44.165924], [9.609384, 44.165996], [9.609366, 44.166063], [9.60933, 44.166104], [9.609268, 44.166145], [9.609213, 44.166159], [9.609145, 44.166195], [9.609078, 44.166218], [9.609051, 44.166196], [9.609034, 44.166155], [9.609049, 44.166101], [9.609056, 44.166042], [9.609046, 44.165957], [9.60905, 44.165889], [9.609088, 44.165835], [9.609141, 44.165785], [9.609244, 44.16574], [9.609331, 44.165717], [9.609388, 44.165663], [9.609383, 44.1656], [9.609358, 44.165496], [9.609336, 44.165429], [9.609302, 44.165379], [9.609242, 44.16529], [9.609169, 44.165218], [9.609087, 44.165151], [9.609026, 44.165097], [9.608974, 44.165053], [9.608911, 44.165012], [9.608798, 44.164972], [9.608717, 44.164964], [9.608626, 44.164937], [9.608549, 44.164915], [9.608506, 44.164889], [9.608481, 44.164844], [9.608468, 44.164803], [9.608438, 44.164767], [9.608342, 44.164741], [9.608254, 44.164723], [9.608205, 44.16467], [9.60818, 44.164611], [9.608169, 44.164512], [9.608129, 44.164377], [9.608073, 44.164297], [9.608029, 44.164238], [9.607981, 44.164185], [9.607934, 44.164113], [9.607893, 44.164072], [9.607856, 44.164014], [9.607775, 44.163898], [9.607718, 44.16383], [9.607643, 44.163777], [9.607585, 44.163755], [9.607528, 44.163723], [9.607478, 44.163688], [9.607419, 44.163652], [9.607372, 44.163612], [9.607289, 44.163585], [9.607187, 44.163568], [9.607107, 44.163559], [9.607065, 44.16351], [9.607052, 44.163474], [9.606976, 44.163411], [9.606933, 44.163357], [9.606852, 44.163317], [9.60672, 44.1633], [9.606615, 44.163283], [9.606514, 44.163279], [9.606457, 44.163283], [9.606398, 44.163284], [9.606328, 44.16328], [9.606277, 44.163257], [9.606131, 44.163065], [9.606103, 44.162984], [9.606097, 44.162912], [9.606129, 44.162817], [9.606149, 44.162749], [9.606137, 44.162695], [9.606104, 44.162628], [9.606068, 44.162552], [9.606032, 44.162502], [9.605978, 44.162431], [9.605918, 44.162368], [9.605841, 44.162328], [9.605786, 44.162283], [9.605727, 44.162211], [9.605691, 44.162158], [9.605665, 44.162099], [9.60564, 44.162054], [9.605595, 44.161987], [9.605568, 44.161915], [9.605552, 44.161866], [9.605597, 44.161807], [9.60569, 44.161775], [9.605743, 44.161734], [9.605758, 44.161685], [9.605762, 44.161626], [9.605768, 44.161581], [9.605814, 44.161527], [9.605867, 44.161472], [9.605898, 44.161436], [9.605939, 44.161377], [9.605995, 44.161323], [9.606102, 44.161278], [9.606135, 44.161228], [9.606157, 44.161151], [9.606139, 44.161079], [9.60614, 44.161016], [9.606009, 44.160913], [9.605949, 44.160846], [9.605906, 44.160774], [9.605871, 44.160703], [9.605857, 44.160658], [9.605829, 44.160554], [9.605836, 44.1605], [9.605856, 44.160428], [9.605899, 44.160338], [9.605958, 44.160284], [9.606016, 44.16022], [9.606008, 44.160175], [9.605966, 44.160036], [9.605905, 44.160045], [9.605872, 44.160023], [9.605842, 44.159996], [9.605845, 44.159946], [9.605852, 44.159901], [9.605908, 44.159874], [9.605982, 44.15977], [9.605996, 44.159734], [9.60602, 44.159684], [9.605948, 44.159622], [9.605902, 44.159627], [9.605835, 44.159474], [9.605825, 44.15942], [9.605859, 44.15937], [9.605924, 44.159302], [9.605933, 44.159295], [9.605855, 44.15933], [9.605797, 44.15938], [9.604286, 44.160905], [9.604069, 44.161611], [9.604277, 44.162296], [9.60476, 44.163015], [9.605447, 44.164005], [9.605678, 44.164563], [9.605461, 44.165341], [9.604791, 44.165868], [9.604244, 44.166197], [9.603423, 44.166725], [9.602704, 44.167289], [9.60166, 44.167999], [9.600145, 44.169091], [9.598999, 44.169711], [9.597303, 44.170244], [9.595027, 44.170492], [9.592332, 44.171283], [9.590264, 44.17227], [9.588074, 44.173546], [9.586255, 44.174405], [9.584659, 44.176018], [9.58476, 44.176001]]]}, "properties": {"band_code": "01", "band_label": "0-10 m", "lower_depth_m": 0}}, {"type": "Feature", "geometry": {"type": "Polygon", "coordinates": [[[9.614345, 44.149164], [9.612874, 44.149733], [9.611251, 44.150103], [9.610135, 44.151049], [9.609701, 44.152532], [9.608592, 44.154109], [9.607429, 44.155271], [9.606488, 44.156198], [9.605848, 44.157195], [9.60471, 44.158465], [9.603869, 44.159355], [9.601689, 44.161426], [9.601193, 44.16188], [9.600722, 44.162334], [9.599385, 44.163678], [9.598989, 44.164149], [9.597972, 44.16495], [9.596506, 44.166023], [9.594918, 44.167368], [9.592729, 44.168699], [9.591238, 44.169736], [9.589372, 44.170848], [9.588178, 44.171541], [9.586983, 44.172162], [9.585463, 44.172928], [9.583444, 44.173716], [9.582198, 44.174283], [9.581759, 44.175423], [9.58097, 44.176564], [9.5802, 44.177183], [9.578481, 44.178041], [9.576383, 44.178522], [9.574733, 44.17882], [9.573312, 44.179351], [9.57179, 44.179937], [9.569921, 44.180796], [9.569, 44.181342], [9.568034, 44.182974], [9.568188, 44.18295], [9.568365, 44.182884], [9.568579, 44.182472], [9.569042, 44.182096], [9.569732, 44.181868], [9.569996, 44.181698], [9.570485, 44.181589], [9.571114, 44.181332], [9.571546, 44.18108], [9.571585, 44.180988], [9.571514, 44.180849], [9.571552, 44.180817], [9.57231, 44.180794], [9.572859, 44.180932], [9.57306, 44.180755], [9.573096, 44.180572], [9.573191, 44.180531], [9.573742, 44.18081], [9.573852, 44.180815], [9.573972, 44.180666], [9.573897, 44.180495], [9.573695, 44.180419], [9.573565, 44.180304], [9.573555, 44.180218], [9.574246, 44.180127], [9.574476, 44.180199], [9.574561, 44.180266], [9.575948, 44.180041], [9.577153, 44.180359], [9.57861, 44.180749], [9.579764, 44.180923], [9.580964, 44.18079], [9.581711, 44.180353], [9.583276, 44.178613], [9.583344, 44.178637], [9.583404, 44.178668], [9.583467, 44.178704], [9.583518, 44.178735], [9.583589, 44.178766], [9.583674, 44.178802], [9.583423, 44.178644], [9.583301, 44.178519], [9.583397, 44.178433], [9.583275, 44.178154], [9.583403, 44.177871], [9.583405, 44.177712], [9.583712, 44.177175], [9.583737, 44.176958], [9.583808, 44.17686], [9.583799, 44.176738], [9.58363, 44.176628], [9.583588, 44.176495], [9.58374, 44.176312], [9.583735, 44.176176], [9.583898, 44.176017], [9.583931, 44.175746], [9.584148, 44.175747], [9.584592, 44.176006], [9.584659, 44.176018], [9.586255, 44.174405], [9.588074, 44.173546], [9.590264, 44.17227], [9.592332, 44.171283], [9.595027, 44.170492], [9.597303, 44.170244], [9.598999, 44.169711], [9.600145, 44.169091], [9.60166, 44.167999], [9.602704, 44.167289], [9.603423, 44.166725], [9.604244, 44.166197], [9.604791, 44.165868], [9.605461, 44.165341], [9.605678, 44.164563], [9.605447, 44.164005], [9.60476, 44.163015], [9.604277, 44.162296], [9.604069, 44.161611], [9.604286, 44.160905], [9.605797, 44.15938], [9.605855, 44.15933], [9.605921, 44.1593], [9.605924, 44.159302], [9.605931, 44.159296], [9.605933, 44.159295], [9.606549, 44.15874], [9.606795, 44.158533], [9.606775, 44.15843], [9.606635, 44.158363], [9.606416, 44.158474], [9.606279, 44.158598], [9.606165, 44.158596], [9.606132, 44.158537], [9.606164, 44.158424], [9.606886, 44.15781], [9.606821, 44.15769], [9.60709, 44.157505], [9.607243, 44.157274], [9.607313, 44.157274], [9.607365, 44.157406], [9.607565, 44.157422], [9.607777, 44.15751], [9.607847, 44.157421], [9.607816, 44.157107], [9.608163, 44.156965], [9.608462, 44.156619], [9.60883, 44.15645], [9.609356, 44.156461], [9.609421, 44.156419], [9.609426, 44.156221], [9.609323, 44.156019], [9.609324, 44.155909], [9.609424, 44.155723], [9.609684, 44.155505], [9.609516, 44.155363], [9.609454, 44.155129], [9.609532, 44.155053], [9.609842, 44.154972], [9.609912, 44.154916], [9.609936, 44.154683], [9.610143, 44.154459], [9.610441, 44.154345], [9.610659, 44.154311], [9.610813, 44.154352], [9.610708, 44.154485], [9.610713, 44.154548], [9.6115, 44.154541], [9.612078, 44.154493], [9.612195, 44.154429], [9.612393, 44.154392], [9.61278, 44.154411], [9.613099, 44.154137], [9.61306, 44.154052], [9.612973, 44.154042], [9.612956, 44.153979], [9.613052, 44.153803], [9.613288, 44.153837], [9.613515, 44.153686], [9.613651, 44.153669], [9.614119, 44.153224], [9.614156, 44.153021], [9.614558, 44.15288], [9.614598, 44.152794], [9.614482, 44.152704], [9.614482, 44.152593], [9.614684, 44.152527], [9.615058, 44.152233], [9.615048, 44.152145], [9.614894, 44.15201], [9.614902, 44.151944], [9.614997, 44.151887], [9.615247, 44.151858], [9.615351, 44.151893], [9.615377, 44.151976], [9.615446, 44.151992], [9.6157, 44.15186], [9.617612, 44.15044], [9.617845, 44.150145], [9.618229, 44.149814], [9.618174, 44.149357], [9.617958, 44.149246], [9.61822, 44.149097], [9.618284, 44.148861], [9.618421, 44.148641], [9.618285, 44.148445], [9.618075, 44.148373], [9.617698, 44.148395], [9.617683, 44.148294], [9.617833, 44.148137], [9.61801, 44.148084], [9.618534, 44.148097], [9.618732, 44.147913], [9.618844, 44.14765], [9.619001, 44.147477], [9.619197, 44.147372], [9.619286, 44.147432], [9.619405, 44.147386], [9.61948, 44.147125], [9.619649, 44.146987], [9.619628, 44.146903], [9.619417, 44.14667], [9.619429, 44.146597], [9.619768, 44.146354], [9.620153, 44.1462], [9.620261, 44.146122], [9.620252, 44.146042], [9.620039, 44.145942], [9.620081, 44.145796], [9.620471, 44.145508], [9.620816, 44.14513], [9.621009, 44.145063], [9.621466, 44.144617], [9.621458, 44.144397], [9.621644, 44.144232], [9.621781, 44.143887], [9.621663, 44.143803], [9.621379, 44.143751], [9.621323, 44.143683], [9.62204, 44.142685], [9.622123, 44.142631], [9.622506, 44.142542], [9.622868, 44.142577], [9.623014, 44.142436], [9.6233, 44.142315], [9.624398, 44.141666], [9.624553, 44.141494], [9.624504, 44.141347], [9.624573, 44.141267], [9.624905, 44.141321], [9.625113, 44.141071], [9.6258, 44.14065], [9.626286, 44.140465], [9.626747, 44.140445], [9.626955, 44.140349], [9.627218, 44.140122], [9.627196, 44.140041], [9.626978, 44.139968], [9.62696, 44.139817], [9.627138, 44.139607], [9.627224, 44.139401], [9.627348, 44.139301], [9.628523, 44.139005], [9.628729, 44.138806], [9.628956, 44.138742], [9.629563, 44.138411], [9.629864, 44.138335], [9.629928, 44.138296], [9.629527, 44.138127], [9.629886, 44.137837], [9.630289, 44.13772], [9.630423, 44.137569], [9.63039, 44.137555], [9.626739, 44.138565], [9.624251, 44.139825], [9.62269, 44.141171], [9.621198, 44.1421], [9.61996, 44.143281], [9.619094, 44.144153], [9.618102, 44.14499], [9.616914, 44.146116], [9.616101, 44.147312], [9.615238, 44.148455], [9.614345, 44.149164]]]}, "properties": {"band_code": "02", "band_label": "10-20 m", "lower_depth_m": 10}}, {"type": "Feature", "geometry": {"type": "Polygon", "coordinates": [[[9.854786, 44.069029], [9.855186, 44.069194], [9.855435, 44.069204], [9.855746, 44.069134], [9.85568, 44.069116], [9.855631, 44.069094], [9.855573, 44.069058], [9.855535, 44.069032], [9.855486, 44.068982], [9.855493, 44.068942], [9.85554, 44.06891], [9.855578, 44.068878], [9.855618, 44.068846], [9.855653, 44.068774], [9.855688, 44.068724], [9.855747, 44.068665], [9.855787, 44.068638], [9.855832, 44.068642], [9.855882, 44.068651], [9.855967, 44.068673], [9.856044, 44.06874], [9.856095, 44.068771], [9.856164, 44.068815], [9.856268, 44.068855], [9.856352, 44.068886], [9.856425, 44.068921], [9.856492, 44.068948], [9.856555, 44.068988], [9.856616, 44.069015], [9.856709, 44.069036], [9.856784, 44.069072], [9.856929, 44.069134], [9.857064, 44.0692], [9.857114, 44.069227], [9.85717, 44.069267], [9.857232, 44.069284], [9.857312, 44.069311], [9.857384, 44.069324], [9.857439, 44.06935], [9.85748, 44.069364], [9.857604, 44.069403], [9.876497, 44.078475], [9.878405, 44.079356], [9.878477, 44.079387], [9.878637, 44.079444], [9.878692, 44.079466], [9.878755, 44.079488], [9.878767, 44.079452], [9.878779, 44.079448], [9.878799, 44.079443], [9.87886, 44.079456], [9.878915, 44.079474], [9.878958, 44.0795], [9.878989, 44.079523], [9.879013, 44.079536], [9.879012, 44.079549], [9.878998, 44.079572], [9.878972, 44.07959], [9.878972, 44.079622], [9.878998, 44.079653], [9.87904, 44.079684], [9.879089, 44.079733], [9.879156, 44.079787], [9.879195, 44.079827], [9.87921, 44.07985], [9.879232, 44.07989], [9.87925, 44.079962], [9.879255, 44.07998], [9.879253, 44.080034], [9.879247, 44.08007], [9.879195, 44.08012], [9.879145, 44.080125], [9.879094, 44.080125], [9.87902, 44.080112], [9.87893, 44.080059], [9.87883, 44.080023], [9.878761, 44.080011], [9.878673, 44.079989], [9.878568, 44.079958], [9.878685, 44.080088], [9.878905, 44.080228], [9.87912, 44.080317], [9.879342, 44.080328], [9.879481, 44.080296], [9.880141, 44.079844], [9.88059, 44.079477], [9.880645, 44.079224], [9.880475, 44.0789], [9.880155, 44.078666], [9.879923, 44.078445], [9.879966, 44.078255], [9.880127, 44.078048], [9.88027, 44.077871], [9.8803, 44.077695], [9.880119, 44.077556], [9.879888, 44.07761], [9.879688, 44.077687], [9.879501, 44.077774], [9.87902, 44.077838], [9.878701, 44.077861], [9.878539, 44.077938], [9.878145, 44.077908], [9.877908, 44.07789], [9.877752, 44.077904], [9.877414, 44.077824], [9.877176, 44.077689], [9.87685, 44.077536], [9.876562, 44.077523], [9.87642, 44.07774], [9.876058, 44.07789], [9.875776, 44.077678], [9.875344, 44.077449], [9.874768, 44.077243], [9.874141, 44.076987], [9.873684, 44.076745], [9.873089, 44.076448], [9.872689, 44.076323], [9.872407, 44.07621], [9.872019, 44.076044], [9.871643, 44.075783], [9.871304, 44.075531], [9.870928, 44.075361], [9.870434, 44.07524], [9.869984, 44.075128], [9.869633, 44.074967], [9.869294, 44.074715], [9.868825, 44.074486], [9.868461, 44.074279], [9.867804, 44.074023], [9.867472, 44.073884], [9.867134, 44.073749], [9.866639, 44.073498], [9.86632, 44.073336], [9.865907, 44.073129], [9.865581, 44.07294], [9.864843, 44.07268], [9.864517, 44.072509], [9.864172, 44.072303], [9.863915, 44.072082], [9.863639, 44.071834], [9.863219, 44.071483], [9.862949, 44.071285], [9.862467, 44.070993], [9.862028, 44.070714], [9.861634, 44.070562], [9.861202, 44.070463], [9.860871, 44.070423], [9.860571, 44.070392], [9.860271, 44.070258], [9.859876, 44.069992], [9.859487, 44.06975], [9.859168, 44.069606], [9.858855, 44.069485], [9.858648, 44.069327], [9.858497, 44.069115], [9.858322, 44.068935], [9.858046, 44.068868], [9.85769, 44.068855], [9.857322, 44.068847], [9.856958, 44.068726], [9.856558, 44.068587], [9.856208, 44.068466], [9.855851, 44.068453], [9.855495, 44.068449], [9.85522, 44.068509], [9.854909, 44.068649], [9.854728, 44.06888], [9.854786, 44.069029]]]}, "properties": {"band_code": "01", "band_label": "0-10 m", "lower_depth_m": 0}}, {"type": "Feature", "geometry": {"type": "Polygon", "coordinates": [[[9.845945, 44.033626], [9.846051, 44.033634], [9.846176, 44.033647], [9.846239, 44.03366], [9.846258, 44.033664], [9.846395, 44.03369], [9.846444, 44.033699], [9.846481, 44.033708], [9.846536, 44.033707], [9.846595, 44.033698], [9.84662, 44.033684], [9.846665, 44.033661], [9.846706, 44.033598], [9.846766, 44.03353], [9.846825, 44.033503], [9.846862, 44.033493], [9.84692, 44.033502], [9.846959, 44.033506], [9.847002, 44.033506], [9.847024, 44.033501], [9.847182, 44.03341], [9.847203, 44.033455], [9.847233, 44.033608], [9.847285, 44.033625], [9.847342, 44.03367], [9.84736, 44.033719], [9.847345, 44.033782], [9.847357, 44.033836], [9.847359, 44.033868], [9.84737, 44.033904], [9.847399, 44.033939], [9.847384, 44.034007], [9.84735, 44.034048], [9.847308, 44.034107], [9.847278, 44.034143], [9.847265, 44.034197], [9.847241, 44.034265], [9.84722, 44.03432], [9.847622, 44.03397], [9.847796, 44.033798], [9.847714, 44.033586], [9.847482, 44.033424], [9.847251, 44.033388], [9.847226, 44.033303], [9.847412, 44.033081], [9.847137, 44.033005], [9.846856, 44.033069], [9.84665, 44.033119], [9.846382, 44.0332], [9.846033, 44.033282], [9.845794, 44.033666], [9.845945, 44.033626]]]}, "properties": {"band_code": "01", "band_label": "0-10 m", "lower_depth_m": 0}}, {"type": "Feature", "geometry": {"type": "Polygon", "coordinates": [[[9.848042, 44.029853], [9.848342, 44.029834], [9.848679, 44.029798], [9.848948, 44.029729], [9.849321, 44.029557], [9.849514, 44.029372], [9.849788, 44.029177], [9.850137, 44.029018], [9.850486, 44.028896], [9.85091, 44.028746], [9.851459, 44.028573], [9.85194, 44.028487], [9.852501, 44.02835], [9.852926, 44.028268], [9.853288, 44.028227], [9.853562, 44.028199], [9.854056, 44.028239], [9.854362, 44.02827], [9.854775, 44.028431], [9.854894, 44.028562], [9.855038, 44.02871], [9.855345, 44.029102], [9.855515, 44.029242], [9.855609, 44.029413], [9.855772, 44.029503], [9.856053, 44.029557], [9.85634, 44.029524], [9.856558, 44.029465], [9.856746, 44.029415], [9.856833, 44.029302], [9.856826, 44.029113], [9.856706, 44.028833], [9.856649, 44.028585], [9.856685, 44.02826], [9.856709, 44.028007], [9.856794, 44.027556], [9.85688, 44.027208], [9.856804, 44.026897], [9.856615, 44.026554], [9.856352, 44.026352], [9.855995, 44.026059], [9.855606, 44.025686], [9.855349, 44.025361], [9.855073, 44.0251], [9.854766, 44.024767], [9.854477, 44.024451], [9.854152, 44.024276], [9.853651, 44.024047], [9.853326, 44.02389], [9.853057, 44.023777], [9.852713, 44.023544], [9.852456, 44.023332], [9.852274, 44.023012], [9.852135, 44.022741], [9.851909, 44.02234], [9.851851, 44.022071], [9.851513, 44.021881], [9.851176, 44.02176], [9.85092, 44.021832], [9.850821, 44.022049], [9.85076, 44.022311], [9.850723, 44.022514], [9.850674, 44.022812], [9.8505, 44.022993], [9.850326, 44.023147], [9.850208, 44.023364], [9.850178, 44.023567], [9.850191, 44.02382], [9.85018, 44.024113], [9.850156, 44.024375], [9.850045, 44.024704], [9.849852, 44.024953], [9.849641, 44.025111], [9.849466, 44.025193], [9.849055, 44.025361], [9.848706, 44.025456], [9.848332, 44.025633], [9.848033, 44.025819], [9.847747, 44.026149], [9.847535, 44.026433], [9.847443, 44.026763], [9.847369, 44.027016], [9.84732, 44.027327], [9.847172, 44.027607], [9.847185, 44.027851], [9.847236, 44.028077], [9.847231, 44.028307], [9.847182, 44.028551], [9.847108, 44.028758], [9.847091, 44.02916], [9.847223, 44.02953], [9.847455, 44.029705], [9.847749, 44.029827], [9.848042, 44.029853]], [[9.84766, 44.029043], [9.847431, 44.028943], [9.847435, 44.028908], [9.847495, 44.028817], [9.847608, 44.028499], [9.847713, 44.028396], [9.847739, 44.028347], [9.84777, 44.028122], [9.847752, 44.028057], [9.84777, 44.028019], [9.847874, 44.027932], [9.847902, 44.027863], [9.847921, 44.027624], [9.847953, 44.027526], [9.848095, 44.027382], [9.848086, 44.027322], [9.848034, 44.027237], [9.848024, 44.027149], [9.84822, 44.026702], [9.848422, 44.026145], [9.848653, 44.026023], [9.848812, 44.025831], [9.84902, 44.02563], [9.849215, 44.02559], [9.849453, 44.02556], [9.84983, 44.025536], [9.850263, 44.025556], [9.850787, 44.02548], [9.850914, 44.025521], [9.851031, 44.025618], [9.851157, 44.025643], [9.851328, 44.025596], [9.85146, 44.025496], [9.851639, 44.025448], [9.851969, 44.025245], [9.852225, 44.025054], [9.852324, 44.024926], [9.852439, 44.024862], [9.852675, 44.024884], [9.852722, 44.024939], [9.852753, 44.024982], [9.852812, 44.025129], [9.852875, 44.025163], [9.852928, 44.025231], [9.852938, 44.025259], [9.852941, 44.025372], [9.853007, 44.025467], [9.853336, 44.025549], [9.85366, 44.025532], [9.853723, 44.025557], [9.853738, 44.025591], [9.853765, 44.025832], [9.853818, 44.025935], [9.853869, 44.025951], [9.853877, 44.026019], [9.853857, 44.026197], [9.853786, 44.026348], [9.853813, 44.026399], [9.853763, 44.026453], [9.853772, 44.026488], [9.853753, 44.026539], [9.853813, 44.026607], [9.853814, 44.026659], [9.85377, 44.02678], [9.853773, 44.026848], [9.853692, 44.026881], [9.8537, 44.026913], [9.853771, 44.026954], [9.853777, 44.026999], [9.853699, 44.027035], [9.853684, 44.02707], [9.853672, 44.027128], [9.853693, 44.027302], [9.853619, 44.027428], [9.853547, 44.027517], [9.85346, 44.027499], [9.853418, 44.027483], [9.853417, 44.027413], [9.853458, 44.027356], [9.853503, 44.027282], [9.853474, 44.027216], [9.853427, 44.02714], [9.853431, 44.027066], [9.853289, 44.027068], [9.85318, 44.027112], [9.852997, 44.027135], [9.852925, 44.027165], [9.852912, 44.027312], [9.852766, 44.027382], [9.852758, 44.027406], [9.852799, 44.027489], [9.852771, 44.027514], [9.852709, 44.027498], [9.852658, 44.027419], [9.852616, 44.027413], [9.852569, 44.027425], [9.8525, 44.027543], [9.851905, 44.027722], [9.851859, 44.027753], [9.851846, 44.028026], [9.851817, 44.028127], [9.851786, 44.028138], [9.851695, 44.028116], [9.851647, 44.028119], [9.851608, 44.028168], [9.851572, 44.028179], [9.85107, 44.028135], [9.850912, 44.028173], [9.850796, 44.028229], [9.850741, 44.028294], [9.850695, 44.02839], [9.850654, 44.028429], [9.850576, 44.028449], [9.85048, 44.028451], [9.850269, 44.028413], [9.850111, 44.028451], [9.850055, 44.028447], [9.849949, 44.028412], [9.849909, 44.02842], [9.849825, 44.028477], [9.849775, 44.028479], [9.849693, 44.028412], [9.849383, 44.028387], [9.849225, 44.028403], [9.849105, 44.028386], [9.848991, 44.028397], [9.84854, 44.028488], [9.848466, 44.028548], [9.848403, 44.028643], [9.848386, 44.028713], [9.848431, 44.028755], [9.848485, 44.028778], [9.84848, 44.028797], [9.848423, 44.028826], [9.848312, 44.028944], [9.848234, 44.028988], [9.848144, 44.029018], [9.847911, 44.029029], [9.847747, 44.029059], [9.84766, 44.029043]], [[9.850516, 44.023586], [9.850497, 44.02354], [9.850518, 44.023475], [9.850563, 44.02344], [9.850672, 44.023362], [9.850777, 44.023314], [9.850877, 44.02332], [9.851077, 44.023227], [9.851134, 44.023218], [9.851194, 44.023235], [9.8513, 44.023218], [9.851403, 44.023259], [9.851438, 44.023304], [9.851421, 44.023438], [9.851442, 44.023541], [9.851415, 44.023585], [9.851423, 44.023718], [9.851496, 44.023892], [9.851496, 44.023949], [9.851455, 44.024034], [9.851424, 44.024047], [9.851338, 44.024051], [9.851238, 44.024054], [9.851155, 44.024053], [9.851035, 44.02407], [9.850942, 44.024044], [9.850817, 44.023937], [9.850903, 44.023815], [9.850822, 44.023796], [9.85076, 44.023726], [9.850676, 44.023699], [9.850663, 44.023679], [9.850695, 44.023654], [9.850695, 44.023628], [9.850676, 44.023603], [9.850516, 44.023586]]]}, "properties": {"band_code": "02", "band_label": "10-20 m", "lower_depth_m": 10}}]}