{"type": "FeatureCollection", "features": [{"type": "Feature", "geometry": {"type": "Polygon", "coordinates": [[[9.53, 44.207499999999996], [9.536, 44.207499999999996], [9.536, 44.202999999999996], [9.53, 44.202999999999996], [9.53, 44.207499999999996]]]}, "properties": {"id": "r5c0", "zone": "Punta Mesco", "band": "riva"}}, {"type": "Feature", "geometry": {"type": "Polygon", "coordinates": [[[9.536, 44.207499999999996], [9.542, 44.207499999999996], [9.542, 44.202999999999996], [9.536, 44.202999999999996], [9.536, 44.207499999999996]]]}, "properties": {"id": "r5c1", "zone": "Punta Mesco", "band": "riva"}}, {"type": "Feature", "geometry": {"type": "Polygon", "coordinates": [[[9.542, 44.207499999999996], [9.548, 44.207499999999996], [9.548, 44.202999999999996], [9.542, 44.202999999999996], [9.542, 44.207499999999996]]]}, "properties": {"id": "r5c2", "zone": "Punta Mesco", "band": "riva"}}, {"type": "Feature", "geometry": {"type": "Polygon", "coordinates": [[[9.548, 44.207499999999996], [9.554, 44.207499999999996], [9.554, 44.202999999999996], [9.548, 44.202999999999996], [9.548, 44.207499999999996]]]}, "properties": {"id": "r5c3", "zone": "Punta Mesco", "band": "riva"}}, {"type": "Feature", "geometry": {"type": "Polygon", "coordinates": [[[9.53, 44.202999999999996], [9.536, 44.202999999999996], [9.536, 44.198499999999996], [9.53, 44.198499999999996], [9.53, 44.202999999999996]]]}, "properties": {"id": "r6c0", "zone": "Punta Mesco", "band": "sottocosta"}}, {"type": "Feature", "geometry": {"type": "Polygon", "coordinates": [[[9.536, 44.202999999999996], [9.542, 44.202999999999996], [9.542, 44.198499999999996], [9.536, 44.198499999999996], [9.536, 44.202999999999996]]]}, "properties": {"id": "r6c1", "zone": "Punta Mesco", "band": "sottocosta"}}, {"type": "Feature", "geometry": {"type": "Polygon", "coordinates": [[[9.542, 44.202999999999996], [9.548, 44.202999999999996], [9.548, 44.198499999999996], [9.542, 44.198499999999996], [9.542, 44.202999999999996]]]}, "properties": {"id": "r6c2", "zone": "Punta Mesco", "band": "sottocosta"}}, {"type": "Feature", "geometry": {"type": "Polygon", "coordinates": [[[9.548, 44.202999999999996], [9.554, 44.202999999999996], [9.554, 44.198499999999996], [9.548, 44.198499999999996], [9.548, 44.202999999999996]]]}, "properties": {"id": "r6c3", "zone": "Punta Mesco", "band": "riva"}}, {"type": "Feature", "geometry": {"type": "Polygon", "coordinates": [[[9.53, 44.198499999999996], [9.536, 44.198499999999996], [9.536, 44.193999999999996], [9.53, 44.193999999999996], [9.53, 44.198499999999996]]]}, "properties": {"id": "r7c0", "zone": "Punta Mesco", "band": "sottocosta"}}, {"type": "Feature", "geometry": {"type": "Polygon", "coordinates": [[[9.536, 44.198499999999996], [9.542, 44.198499999999996], [9.542, 44.193999999999996], [9.536, 44.193999999999996], [9.536, 44.198499999999996]]]}, "properties": {"id": "r7c1", "zone": "Punta Mesco", "band": "sottocosta"}}, {"type": "Feature", "geometry": {"type": "Polygon", "coordinates": [[[9.542, 44.198499999999996], [9.548, 44.198499999999996], [9.548, 44.193999999999996], [9.542, 44.193999999999996], [9.542, 44.198499999999996]]]}, "properties": {"id": "r7c2", "zone": "Punta Mesco", "band": "sottocosta"}}, {"type": "Feature", "geometry": {"type": "Polygon", "coordinates": [[[9.548, 44.198499999999996], [9.554, 44.198499999999996], [9.554, 44.193999999999996], [9.548, 44.193999999999996], [9.548, 44.198499999999996]]]}, "properties": {"id": "r7c3", "zone": "Punta Mesco", "band": "riva"}}, {"type": "Feature", "geometry": {"type": "Polygon", "coordinates": [[[9.553999999999998, 44.198499999999996], [9.559999999999999, 44.198499999999996], [9.559999999999999, 44.193999999999996], [9.553999999999998, 44.193999999999996], [9.553999999999998, 44.198499999999996]]]}, "properties": {"id": "r7c4", "zone": "Punta Mesco", "band": "riva"}}, {"type": "Feature", "geometry": {"type": "Polygon", "coordinates": [[[9.53, 44.193999999999996], [9.536, 44.193999999999996], [9.536, 44.189499999999995], [9.53, 44.189499999999995], [9.53, 44.193999999999996]]]}, "properties": {"id": "r8c0", "zone": "Punta Mesco", "band": "sottocosta"}}, {"type": "Feature", "geometry": {"type": "Polygon", "coordinates": [[[9.536, 44.193999999999996], [9.542, 44.193999999999996], [9.542, 44.189499999999995], [9.536, 44.189499999999995], [9.536, 44.193999999999996]]]}, "properties": {"id": "r8c1", "zone": "Punta Mesco", "band": "sottocosta"}}, {"type": "Feature", "geometry": {"type": "Polygon", "coordinates": [[[9.542, 44.193999999999996], [9.548, 44.193999999999996], [9.548, 44.189499999999995], [9.542, 44.189499999999995], [9.542, 44.193999999999996]]]}, "properties": {"id": "r8c2", "zone": "Punta Mesco", "band": "sottocosta"}}, {"type": "Feature", "geometry": {"type": "Polygon", "coordinates": [[[9.548, 44.193999999999996], [9.554, 44.193999999999996], [9.554, 44.189499999999995], [9.548, 44.189499999999995], [9.548, 44.193999999999996]]]}, "properties": {"id": "r8c3", "zone": "Punta Mesco", "band": "sottocosta"}}, {"type": "Feature", "geometry": {"type": "Polygon", "coordinates": [[[9.553999999999998, 44.193999999999996], [9.559999999999999, 44.193999999999996], [9.559999999999999, 44.189499999999995], [9.553999999999998, 44.189499999999995], [9.553999999999998, 44.193999999999996]]]}, "properties": {"id": "r8c4", "zone": "Punta Mesco", "band": "riva"}}, {"type": "Feature", "geometry": {"type": "Polygon", "coordinates": [[[9.559999999999999, 44.193999999999996], [9.565999999999999, 44.193999999999996], [9.565999999999999, 44.189499999999995], [9.559999999999999, 44.189499999999995], [9.559999999999999, 44.193999999999996]]]}, "properties": {"id": "r8c5", "zone": "Punta Mesco", "band": "riva"}}, {"type": "Feature", "geometry": {"type": "Polygon", "coordinates": [[[9.53, 44.189499999999995], [9.536, 44.189499999999995], [9.536, 44.184999999999995], [9.53, 44.184999999999995], [9.53, 44.189499999999995]]]}, "properties": {"id": "r9c0", "zone": "Punta Mesco", "band": "largo"}}, {"type": "Feature", "geometry": {"type": "Polygon", "coordinates": [[[9.536, 44.189499999999995], [9.542, 44.189499999999995], [9.542, 44.184999999999995], [9.536, 44.184999999999995], [9.536, 44.189499999999995]]]}, "properties": {"id": "r9c1", "zone": "Punta Mesco", "band": "largo"}}, {"type": "Feature", "geometry": {"type": "Polygon", "coordinates": [[[9.542, 44.189499999999995], [9.548, 44.189499999999995], [9.548, 44.184999999999995], [9.542, 44.184999999999995], [9.542, 44.189499999999995]]]}, "properties": {"id": "r9c2", "zone": "Punta Mesco", "band": "sottocosta"}}, {"type": "Feature", "geometry": {"type": "Polygon", "coordinates": [[[9.548, 44.189499999999995], [9.554, 44.189499999999995], [9.554, 44.184999999999995], [9.548, 44.184999999999995], [9.548, 44.189499999999995]]]}, "properties": {"id": "r9c3", "zone": "Punta Mesco", "band": "sottocosta"}}, {"type": "Feature", "geometry": {"type": "Polygon", "coordinates": [[[9.553999999999998, 44.189499999999995], [9.559999999999999, 44.189499999999995], [9.559999999999999, 44.184999999999995], [9.553999999999998, 44.184999999999995], [9.553999999999998, 44.189499999999995]]]}, "properties": {"id": "r9c4", "zone": "Punta Mesco", "band": "sottocosta"}}, {"type": "Feature", "geometry": {"type": "Polygon", "coordinates": [[[9.559999999999999, 44.189499999999995], [9.565999999999999, 44.189499999999995], [9.565999999999999, 44.184999999999995], [9.559999999999999, 44.184999999999995], [9.559999999999999, 44.189499999999995]]]}, "properties": {"id": "r9c5", "zone": "Punta Mesco", "band": "riva"}}, {"type": "Feature", "geometry": {"type": "Polygon", "coordinates": [[[9.565999999999999, 44.189499999999995], [9.572, 44.189499999999995], [9.572, 44.184999999999995], [9.565999999999999, 44.184999999999995], [9.565999999999999, 44.189499999999995]]]}, "properties": {"id": "r9c6", "zone": "Punta Mesco", "band": "riva"}}, {"type": "Feature", "geometry": {"type": "Polygon", "coordinates": [[[9.53, 44.184999999999995], [9.536, 44.184999999999995], [9.536, 44.180499999999995], [9.53, 44.180499999999995], [9.53, 44.184999999999995]]]}, "properties": {"id": "r10c0", "zone": "Punta Mesco", "band": "largo"}}, {"type": "Feature", "geometry": {"type": "Polygon", "coordinates": [[[9.536, 44.184999999999995], [9.542, 44.184999999999995], [9.542, 44.180499999999995], [9.536, 44.180499999999995], [9.536, 44.184999999999995]]]}, "properties": {"id": "r10c1", "zone": "Punta Mesco", "band": "largo"}}, {"type": "Feature", "geometry": {"type": "Polygon", "coordinates": [[[9.542, 44.184999999999995], [9.548, 44.184999999999995], [9.548, 44.180499999999995], [9.542, 44.180499999999995], [9.542, 44.184999999999995]]]}, "properties": {"id": "r10c2", "zone": "Punta Mesco", "band": "largo"}}, {"type": "Feature", "geometry": {"type": "Polygon", "coordinates": [[[9.548, 44.184999999999995], [9.554, 44.184999999999995], [9.554, 44.180499999999995], [9.548, 44.180499999999995], [9.548, 44.184999999999995]]]}, "properties": {"id": "r10c3", "zone": "Punta Mesco", "band": "sottocosta"}}, {"type": "Feature", "geometry": {"type": "Polygon", "coordinates": [[[9.553999999999998, 44.184999999999995], [9.559999999999999, 44.184999999999995], [9.559999999999999, 44.180499999999995], [9.553999999999998, 44.180499999999995], [9.553999999999998, 44.184999999999995]]]}, "properties": {"id": "r10c4", "zone": "Punta Mesco", "band": "sottocosta"}}, {"type": "Feature", "geometry": {"type": "Polygon", "coordinates": [[[9.559999999999999, 44.184999999999995], [9.565999999999999, 44.184999999999995], [9.565999999999999, 44.180499999999995], [9.559999999999999, 44.180499999999995], [9.559999999999999, 44.184999999999995]]]}, "properties": {"id": "r10c5", "zone": "Punta Mesco", "band": "riva"}}, {"type": "Feature", "geometry": {"type": "Polygon", "coordinates": [[[9.565999999999999, 44.184999999999995], [9.572, 44.184999999999995], [9.572, 44.180499999999995], [9.565999999999999, 44.180499999999995], [9.565999999999999, 44.184999999999995]]]}, "properties": {"id": "r10c6", "zone": "Punta Mesco", "band": "riva"}}, {"type": "Feature", "geometry": {"type": "Polygon", "coordinates": [[[9.578, 44.184999999999995], [9.584, 44.184999999999995], [9.584, 44.180499999999995], [9.578, 44.180499999999995], [9.578, 44.184999999999995]]]}, "properties": {"id": "r10c8", "zone": "Punta Mesco", "band": "riva"}}, {"type": "Feature", "geometry": {"type": "Polygon", "coordinates": [[[9.53, 44.180499999999995], [9.536, 44.180499999999995], [9.536, 44.175999999999995], [9.53, 44.175999999999995], [9.53, 44.180499999999995]]]}, "properties": {"id": "r11c0", "zone": "Punta Mesco", "band": "largo"}}, {"type": "Feature", "geometry": {"type": "Polygon", "coordinates": [[[9.536, 44.180499999999995], [9.542, 44.180499999999995], [9.542, 44.175999999999995], [9.536, 44.175999999999995], [9.536, 44.180499999999995]]]}, "properties": {"id": "r11c1", "zone": "Punta Mesco", "band": "largo"}}, {"type": "Feature", "geometry": {"type": "Polygon", "coordinates": [[[9.542, 44.180499999999995], [9.548, 44.180499999999995], [9.548, 44.175999999999995], [9.542, 44.175999999999995], [9.542, 44.180499999999995]]]}, "properties": {"id": "r11c2", "zone": "Punta Mesco", "band": "largo"}}, {"type": "Feature", "geometry": {"type": "Polygon", "coordinates": [[[9.548, 44.180499999999995], [9.554, 44.180499999999995], [9.554, 44.175999999999995], [9.548, 44.175999999999995], [9.548, 44.180499999999995]]]}, "properties": {"id": "r11c3", "zone": "Punta Mesco", "band": "sottocosta"}}, {"type": "Feature", "geometry": {"type": "Polygon", "coordinates": [[[9.553999999999998, 44.180499999999995], [9.559999999999999, 44.180499999999995], [9.559999999999999, 44.175999999999995], [9.553999999999998, 44.175999999999995], [9.553999999999998, 44.180499999999995]]]}, "properties": {"id": "r11c4", "zone": "Punta Mesco", "band": "sottocosta"}}, {"type": "Feature", "geometry": {"type": "Polygon", "coordinates": [[[9.559999999999999, 44.180499999999995], [9.565999999999999, 44.180499999999995], [9.565999999999999, 44.175999999999995], [9.559999999999999, 44.175999999999995], [9.559999999999999, 44.180499999999995]]]}, "properties": {"id": "r11c5", "zone": "Punta Mesco", "band": "riva"}}, {"type": "Feature", "geometry": {"type": "Polygon", "coordinates": [[[9.565999999999999, 44.180499999999995], [9.572, 44.180499999999995], [9.572, 44.175999999999995], [9.565999999999999, 44.175999999999995], [9.565999999999999, 44.180499999999995]]]}, "properties": {"id": "r11c6", "zone": "Punta Mesco", "band": "riva"}}, {"type": "Feature", "geometry": {"type": "Polygon", "coordinates": [[[9.572, 44.180499999999995], [9.578, 44.180499999999995], [9.578, 44.175999999999995], [9.572, 44.175999999999995], [9.572, 44.180499999999995]]]}, "properties": {"id": "r11c7", "zone": "Punta Mesco", "band": "riva"}}, {"type": "Feature", "geometry": {"type": "Polygon", "coordinates": [[[9.578, 44.180499999999995], [9.584, 44.180499999999995], [9.584, 44.175999999999995], [9.578, 44.175999999999995], [9.578, 44.180499999999995]]]}, "properties": {"id": "r11c8", "zone": "Punta Mesco", "band": "riva"}}, {"type": "Feature", "geometry": {"type": "Polygon", "coordinates": [[[9.53, 44.175999999999995], [9.536, 44.175999999999995], [9.536, 44.171499999999995], [9.53, 44.171499999999995], [9.53, 44.175999999999995]]]}, "properties": {"id": "r12c0", "zone": "Punta Mesco", "band": "largo"}}, {"type": "Feature", "geometry": {"type": "Polygon", "coordinates": [[[9.536, 44.175999999999995], [9.542, 44.175999999999995], [9.542, 44.171499999999995], [9.536, 44.171499999999995], [9.536, 44.175999999999995]]]}, "properties": {"id": "r12c1", "zone": "Punta Mesco", "band": "largo"}}, {"type": "Feature", "geometry": {"type": "Polygon", "coordinates": [[[9.542, 44.175999999999995], [9.548, 44.175999999999995], [9.548, 44.171499999999995], [9.542, 44.171499999999995], [9.542, 44.175999999999995]]]}, "properties": {"id": "r12c2", "zone": "Punta Mesco", "band": "largo"}}, {"type": "Feature", "geometry": {"type": "Polygon", "coordinates": [[[9.548, 44.175999999999995], [9.554, 44.175999999999995], [9.554, 44.171499999999995], [9.548, 44.171499999999995], [9.548, 44.175999999999995]]]}, "properties": {"id": "r12c3", "zone": "Punta Mesco", "band": "sottocosta"}}, {"type": "Feature", "geometry": {"type": "Polygon", "coordinates": [[[9.553999999999998, 44.175999999999995], [9.559999999999999, 44.175999999999995], [9.559999999999999, 44.171499999999995], [9.553999999999998, 44.171499999999995], [9.553999999999998, 44.175999999999995]]]}, "properties": {"id": "r12c4", "zone": "Punta Mesco", "band": "sottocosta"}}, {"type": "Feature", "geometry": {"type": "Polygon", "coordinates": [[[9.559999999999999, 44.175999999999995], [9.565999999999999, 44.175999999999995], [9.565999999999999, 44.171499999999995], [9.559999999999999, 44.171499999999995], [9.559999999999999, 44.175999999999995]]]}, "properties": {"id": "r12c5", "zone": "Punta Mesco", "band": "sottocosta"}}, {"type": "Feature", "geometry": {"type": "Polygon", "coordinates": [[[9.565999999999999, 44.175999999999995], [9.572, 44.175999999999995], [9.572, 44.171499999999995], [9.565999999999999, 44.171499999999995], [9.565999999999999, 44.175999999999995]]]}, "properties": {"id": "r12c6", "zone": "Punta Mesco", "band": "riva"}}, {"type": "Feature", "geometry": {"type": "Polygon", "coordinates": [[[9.572, 44.175999999999995], [9.578, 44.175999999999995], [9.578, 44.171499999999995], [9.572, 44.171499999999995], [9.572, 44.175999999999995]]]}, "properties": {"id": "r12c7", "zone": "Punta Mesco", "band": "riva"}}, {"type": "Feature", "geometry": {"type": "Polygon", "coordinates": [[[9.578, 44.175999999999995], [9.584, 44.175999999999995], [9.584, 44.171499999999995], [9.578, 44.171499999999995], [9.578, 44.175999999999995]]]}, "properties": {"id": "r12c8", "zone": "Punta Mesco", "band": "riva"}}, {"type": "Feature", "geometry": {"type": "Polygon", "coordinates": [[[9.584, 44.175999999999995], [9.59, 44.175999999999995], [9.59, 44.171499999999995], [9.584, 44.171499999999995], [9.584, 44.175999999999995]]]}, "properties": {"id": "r12c9", "zone": "Punta Mesco", "band": "riva"}}, {"type": "Feature", "geometry": {"type": "Polygon", "coordinates": [[[9.53, 44.171499999999995], [9.536, 44.171499999999995], [9.536, 44.166999999999994], [9.53, 44.166999999999994], [9.53, 44.171499999999995]]]}, "properties": {"id": "r13c0", "zone": "Punta Mesco", "band": "largo"}}, {"type": "Feature", "geometry": {"type": "Polygon", "coordinates": [[[9.536, 44.171499999999995], [9.542, 44.171499999999995], [9.542, 44.166999999999994], [9.536, 44.166999999999994], [9.536, 44.171499999999995]]]}, "properties": {"id": "r13c1", "zone": "Punta Mesco", "band": "largo"}}, {"type": "Feature", "geometry": {"type": "Polygon", "coordinates": [[[9.542, 44.171499999999995], [9.548, 44.171499999999995], [9.548, 44.166999999999994], [9.542, 44.166999999999994], [9.542, 44.171499999999995]]]}, "properties": {"id": "r13c2", "zone": "Punta Mesco", "band": "largo"}}, {"type": "Feature", "geometry": {"type": "Polygon", "coordinates": [[[9.548, 44.171499999999995], [9.554, 44.171499999999995], [9.554, 44.166999999999994], [9.548, 44.166999999999994], [9.548, 44.171499999999995]]]}, "properties": {"id": "r13c3", "zone": "Punta Mesco", "band": "largo"}}, {"type": "Feature", "geometry": {"type": "Polygon", "coordinates": [[[9.553999999999998, 44.171499999999995], [9.559999999999999, 44.171499999999995], [9.559999999999999, 44.166999999999994], [9.553999999999998, 44.166999999999994], [9.553999999999998, 44.171499999999995]]]}, "properties": {"id": "r13c4", "zone": "Punta Mesco", "band": "sottocosta"}}, {"type": "Feature", "geometry": {"type": "Polygon", "coordinates": [[[9.559999999999999, 44.171499999999995], [9.565999999999999, 44.171499999999995], [9.565999999999999, 44.166999999999994], [9.559999999999999, 44.166999999999994], [9.559999999999999, 44.171499999999995]]]}, "properties": {"id": "r13c5", "zone": "Punta Mesco", "band": "sottocosta"}}, {"type": "Feature", "geometry": {"type": "Polygon", "coordinates": [[[9.565999999999999, 44.171499999999995], [9.572, 44.171499999999995], [9.572, 44.166999999999994], [9.565999999999999, 44.166999999999994], [9.565999999999999, 44.171499999999995]]]}, "properties": {"id": "r13c6", "zone": "Punta Mesco", "band": "sottocosta"}}, {"type": "Feature", "geometry": {"type": "Polygon", "coordinates": [[[9.572, 44.171499999999995], [9.578, 44.171499999999995], [9.578, 44.166999999999994], [9.572, 44.166999999999994], [9.572, 44.171499999999995]]]}, "properties": {"id": "r13c7", "zone": "Punta Mesco", "band": "sottocosta"}}, {"type": "Feature", "geometry": {"type": "Polygon", "coordinates": [[[9.578, 44.171499999999995], [9.584, 44.171499999999995], [9.584, 44.166999999999994], [9.578, 44.166999999999994], [9.578, 44.171499999999995]]]}, "properties": {"id": "r13c8", "zone": "Punta Mesco", "band": "sottocosta"}}, {"type": "Feature", "geometry": {"type": "Polygon", "coordinates": [[[9.584, 44.171499999999995], [9.59, 44.171499999999995], [9.59, 44.166999999999994], [9.584, 44.166999999999994], [9.584, 44.171499999999995]]]}, "properties": {"id": "r13c9", "zone": "Punta Mesco", "band": "riva"}}, {"type": "Feature", "geometry": {"type": "Polygon", "coordinates": [[[9.59, 44.171499999999995], [9.596, 44.171499999999995], [9.596, 44.166999999999994], [9.59, 44.166999999999994], [9.59, 44.171499999999995]]]}, "properties": {"id": "r13c10", "zone": "Punta Mesco", "band": "riva"}}, {"type": "Feature", "geometry": {"type": "Polygon", "coordinates": [[[9.596, 44.171499999999995], [9.602, 44.171499999999995], [9.602, 44.166999999999994], [9.596, 44.166999999999994], [9.596, 44.171499999999995]]]}, "properties": {"id": "r13c11", "zone": "Punta Mesco", "band": "riva"}}, {"type": "Feature", "geometry": {"type": "Polygon", "coordinates": [[[9.601999999999999, 44.171499999999995], [9.607999999999999, 44.171499999999995], [9.607999999999999, 44.166999999999994], [9.601999999999999, 44.166999999999994], [9.601999999999999, 44.171499999999995]]]}, "properties": {"id": "r13c12", "zone": "Punta Mesco", "band": "riva"}}, {"type": "Feature", "geometry": {"type": "Polygon", "coordinates": [[[9.53, 44.166999999999994], [9.536, 44.166999999999994], [9.536, 44.162499999999994], [9.53, 44.162499999999994], [9.53, 44.166999999999994]]]}, "properties": {"id": "r14c0", "zone": "Punta Mesco", "band": "largo"}}, {"type": "Feature", "geometry": {"type": "Polygon", "coordinates": [[[9.536, 44.166999999999994], [9.542, 44.166999999999994], [9.542, 44.162499999999994], [9.536, 44.162499999999994], [9.536, 44.166999999999994]]]}, "properties": {"id": "r14c1", "zone": "Punta Mesco", "band": "largo"}}, {"type": "Feature", "geometry": {"type": "Polygon", "coordinates": [[[9.542, 44.166999999999994], [9.548, 44.166999999999994], [9.548, 44.162499999999994], [9.542, 44.162499999999994], [9.542, 44.166999999999994]]]}, "properties": {"id": "r14c2", "zone": "Punta Mesco", "band": "largo"}}, {"type": "Feature", "geometry": {"type": "Polygon", "coordinates": [[[9.548, 44.166999999999994], [9.554, 44.166999999999994], [9.554, 44.162499999999994], [9.548, 44.162499999999994], [9.548, 44.166999999999994]]]}, "properties": {"id": "r14c3", "zone": "Punta Mesco", "band": "largo"}}, {"type": "Feature", "geometry": {"type": "Polygon", "coordinates": [[[9.553999999999998, 44.166999999999994], [9.559999999999999, 44.166999999999994], [9.559999999999999, 44.162499999999994], [9.553999999999998, 44.162499999999994], [9.553999999999998, 44.166999999999994]]]}, "properties": {"id": "r14c4", "zone": "Punta Mesco", "band": "largo"}}, {"type": "Feature", "geometry": {"type": "Polygon", "coordinates": [[[9.559999999999999, 44.166999999999994], [9.565999999999999, 44.166999999999994], [9.565999999999999, 44.162499999999994], [9.559999999999999, 44.162499999999994], [9.559999999999999, 44.166999999999994]]]}, "properties": {"id": "r14c5", "zone": "Punta Mesco", "band": "sottocosta"}}, {"type": "Feature", "geometry": {"type": "Polygon", "coordinates": [[[9.565999999999999, 44.166999999999994], [9.572, 44.166999999999994], [9.572, 44.162499999999994], [9.565999999999999, 44.162499999999994], [9.565999999999999, 44.166999999999994]]]}, "properties": {"id": "r14c6", "zone": "Punta Mesco", "band": "sottocosta"}}, {"type": "Feature", "geometry": {"type": "Polygon", "coordinates": [[[9.572, 44.166999999999994], [9.578, 44.166999999999994], [9.578, 44.162499999999994], [9.572, 44.162499999999994], [9.572, 44.166999999999994]]]}, "properties": {"id": "r14c7", "zone": "Punta Mesco", "band": "sottocosta"}}, {"type": "Feature", "geometry": {"type": "Polygon", "coordinates": [[[9.578, 44.166999999999994], [9.584, 44.166999999999994], [9.584, 44.162499999999994], [9.578, 44.162499999999994], [9.578, 44.166999999999994]]]}, "properties": {"id": "r14c8", "zone": "Punta Mesco", "band": "sottocosta"}}, {"type": "Feature", "geometry": {"type": "Polygon", "coordinates": [[[9.584, 44.166999999999994], [9.59, 44.166999999999994], [9.59, 44.162499999999994], [9.584, 44.162499999999994], [9.584, 44.166999999999994]]]}, "properties": {"id": "r14c9", "zone": "Punta Mesco", "band": "sottocosta"}}, {"type": "Feature", "geometry": {"type": "Polygon", "coordinates": [[[9.59, 44.166999999999994], [9.596, 44.166999999999994], [9.596, 44.162499999999994], [9.59, 44.162499999999994], [9.59, 44.166999999999994]]]}, "properties": {"id": "r14c10", "zone": "Punta Mesco", "band": "sottocosta"}}, {"type": "Feature", "geometry": {"type": "Polygon", "coordinates": [[[9.596, 44.166999999999994], [9.602, 44.166999999999994], [9.602, 44.162499999999994], [9.596, 44.162499999999994], [9.596, 44.166999999999994]]]}, "properties": {"id": "r14c11", "zone": "Punta Mesco", "band": "sottocosta"}}, {"type": "Feature", "geometry": {"type": "Polygon", "coordinates": [[[9.601999999999999, 44.166999999999994], [9.607999999999999, 44.166999999999994], [9.607999999999999, 44.162499999999994], [9.601999999999999, 44.162499999999994], [9.601999999999999, 44.166999999999994]]]}, "properties": {"id": "r14c12", "zone": "Punta Mesco", "band": "riva"}}, {"type": "Feature", "geometry": {"type": "Polygon", "coordinates": [[[9.53, 44.162499999999994], [9.536, 44.162499999999994], [9.536, 44.157999999999994], [9.53, 44.157999999999994], [9.53, 44.162499999999994]]]}, "properties": {"id": "r15c0", "zone": "Punta Mesco", "band": "largo"}}, {"type": "Feature", "geometry": {"type": "Polygon", "coordinates": [[[9.536, 44.162499999999994], [9.542, 44.162499999999994], [9.542, 44.157999999999994], [9.536, 44.157999999999994], [9.536, 44.162499999999994]]]}, "properties": {"id": "r15c1", "zone": "Punta Mesco", "band": "largo"}}, {"type": "Feature", "geometry": {"type": "Polygon", "coordinates": [[[9.542, 44.162499999999994], [9.548, 44.162499999999994], [9.548, 44.157999999999994], [9.542, 44.157999999999994], [9.542, 44.162499999999994]]]}, "properties": {"id": "r15c2", "zone": "Punta Mesco", "band": "largo"}}, {"type": "Feature", "geometry": {"type": "Polygon", "coordinates": [[[9.548, 44.162499999999994], [9.554, 44.162499999999994], [9.554, 44.157999999999994], [9.548, 44.157999999999994], [9.548, 44.162499999999994]]]}, "properties": {"id": "r15c3", "zone": "Punta Mesco", "band": "largo"}}, {"type": "Feature", "geometry": {"type": "Polygon", "coordinates": [[[9.553999999999998, 44.162499999999994], [9.559999999999999, 44.162499999999994], [9.559999999999999, 44.157999999999994], [9.553999999999998, 44.157999999999994], [9.553999999999998, 44.162499999999994]]]}, "properties": {"id": "r15c4", "zone": "Punta Mesco", "band": "largo"}}, {"type": "Feature", "geometry": {"type": "Polygon", "coordinates": [[[9.559999999999999, 44.162499999999994], [9.565999999999999, 44.162499999999994], [9.565999999999999, 44.157999999999994], [9.559999999999999, 44.157999999999994], [9.559999999999999, 44.162499999999994]]]}, "properties": {"id": "r15c5", "zone": "Punta Mesco", "band": "largo"}}, {"type": "Feature", "geometry": {"type": "Polygon", "coordinates": [[[9.565999999999999, 44.162499999999994], [9.572, 44.162499999999994], [9.572, 44.157999999999994], [9.565999999999999, 44.157999999999994], [9.565999999999999, 44.162499999999994]]]}, "properties": {"id": "r15c6", "zone": "Punta Mesco", "band": "largo"}}, {"type": "Feature", "geometry": {"type": "Polygon", "coordinates": [[[9.572, 44.162499999999994], [9.578, 44.162499999999994], [9.578, 44.157999999999994], [9.572, 44.157999999999994], [9.572, 44.162499999999994]]]}, "properties": {"id": "r15c7", "zone": "Punta Mesco", "band": "sottocosta"}}, {"type": "Feature", "geometry": {"type": "Polygon", "coordinates": [[[9.578, 44.162499999999994], [9.584, 44.162499999999994], [9.584, 44.157999999999994], [9.578, 44.157999999999994], [9.578, 44.162499999999994]]]}, "properties": {"id": "r15c8", "zone": "Punta Mesco", "band": "sottocosta"}}, {"type": "Feature", "geometry": {"type": "Polygon", "coordinates": [[[9.584, 44.162499999999994], [9.59, 44.162499999999994], [9.59, 44.157999999999994], [9.584, 44.157999999999994], [9.584, 44.162499999999994]]]}, "properties": {"id": "r15c9", "zone": "Punta Mesco", "band": "sottocosta"}}, {"type": "Feature", "geometry": {"type": "Polygon", "coordinates": [[[9.59, 44.162499999999994], [9.596, 44.162499999999994], [9.596, 44.157999999999994], [9.59, 44.157999999999994], [9.59, 44.162499999999994]]]}, "properties": {"id": "r15c10", "zone": "Punta Mesco", "band": "sottocosta"}}, {"type": "Feature", "geometry": {"type": "Polygon", "coordinates": [[[9.596, 44.162499999999994], [9.602, 44.162499999999994], [9.602, 44.157999999999994], [9.596, 44.157999999999994], [9.596, 44.162499999999994]]]}, "properties": {"id": "r15c11", "zone": "Punta Mesco", "band": "sottocosta"}}, {"type": "Feature", "geometry": {"type": "Polygon", "coordinates": [[[9.601999999999999, 44.162499999999994], [9.607999999999999, 44.162499999999994], [9.607999999999999, 44.157999999999994], [9.601999999999999, 44.157999999999994], [9.601999999999999, 44.162499999999994]]]}, "properties": {"id": "r15c12", "zone": "Punta Mesco", "band": "riva"}}, {"type": "Feature", "geometry": {"type": "Polygon", "coordinates": [[[9.53, 44.157999999999994], [9.536, 44.157999999999994], [9.536, 44.153499999999994], [9.53, 44.153499999999994], [9.53, 44.157999999999994]]]}, "properties": {"id": "r16c0", "zone": "Punta Mesco", "band": "largo"}}, {"type": "Feature", "geometry": {"type": "Polygon", "coordinates": [[[9.536, 44.157999999999994], [9.542, 44.157999999999994], [9.542, 44.153499999999994], [9.536, 44.153499999999994], [9.536, 44.157999999999994]]]}, "properties": {"id": "r16c1", "zone": "Punta Mesco", "band": "largo"}}, {"type": "Feature", "geometry": {"type": "Polygon", "coordinates": [[[9.542, 44.157999999999994], [9.548, 44.157999999999994], [9.548, 44.153499999999994], [9.542, 44.153499999999994], [9.542, 44.157999999999994]]]}, "properties": {"id": "r16c2", "zone": "Punta Mesco", "band": "largo"}}, {"type": "Feature", "geometry": {"type": "Polygon", "coordinates": [[[9.548, 44.157999999999994], [9.554, 44.157999999999994], [9.554, 44.153499999999994], [9.548, 44.153499999999994], [9.548, 44.157999999999994]]]}, "properties": {"id": "r16c3", "zone": "Punta Mesco", "band": "largo"}}, {"type": "Feature", "geometry": {"type": "Polygon", "coordinates": [[[9.553999999999998, 44.157999999999994], [9.559999999999999, 44.157999999999994], [9.559999999999999, 44.153499999999994], [9.553999999999998, 44.153499999999994], [9.553999999999998, 44.157999999999994]]]}, "properties": {"id": "r16c4", "zone": "Punta Mesco", "band": "largo"}}, {"type": "Feature", "geometry": {"type": "Polygon", "coordinates": [[[9.559999999999999, 44.157999999999994], [9.565999999999999, 44.157999999999994], [9.565999999999999, 44.153499999999994], [9.559999999999999, 44.153499999999994], [9.559999999999999, 44.157999999999994]]]}, "properties": {"id": "r16c5", "zone": "Punta Mesco", "band": "largo"}}, {"type": "Feature", "geometry": {"type": "Polygon", "coordinates": [[[9.565999999999999, 44.157999999999994], [9.572, 44.157999999999994], [9.572, 44.153499999999994], [9.565999999999999, 44.153499999999994], [9.565999999999999, 44.157999999999994]]]}, "properties": {"id": "r16c6", "zone": "Punta Mesco", "band": "largo"}}, {"type": "Feature", "geometry": {"type": "Polygon", "coordinates": [[[9.572, 44.157999999999994], [9.578, 44.157999999999994], [9.578, 44.153499999999994], [9.572, 44.153499999999994], [9.572, 44.157999999999994]]]}, "properties": {"id": "r16c7", "zone": "Punta Mesco", "band": "largo"}}, {"type": "Feature", "geometry": {"type": "Polygon", "coordinates": [[[9.578, 44.157999999999994], [9.584, 44.157999999999994], [9.584, 44.153499999999994], [9.578, 44.153499999999994], [9.578, 44.157999999999994]]]}, "properties": {"id": "r16c8", "zone": "Punta Mesco", "band": "largo"}}, {"type": "Feature", "geometry": {"type": "Polygon", "coordinates": [[[9.584, 44.157999999999994], [9.59, 44.157999999999994], [9.59, 44.153499999999994], [9.584, 44.153499999999994], [9.584, 44.157999999999994]]]}, "properties": {"id": "r16c9", "zone": "Punta Mesco", "band": "sottocosta"}}, {"type": "Feature", "geometry": {"type": "Polygon", "coordinates": [[[9.59, 44.157999999999994], [9.596, 44.157999999999994], [9.596, 44.153499999999994], [9.59, 44.153499999999994], [9.59, 44.157999999999994]]]}, "properties": {"id": "r16c10", "zone": "Punta Mesco", "band": "sottocosta"}}, {"type": "Feature", "geometry": {"type": "Polygon", "coordinates": [[[9.596, 44.157999999999994], [9.602, 44.157999999999994], [9.602, 44.153499999999994], [9.596, 44.153499999999994], [9.596, 44.157999999999994]]]}, "properties": {"id": "r16c11", "zone": "Punta Mesco", "band": "sottocosta"}}, {"type": "Feature", "geometry": {"type": "Polygon", "coordinates": [[[9.601999999999999, 44.157999999999994], [9.607999999999999, 44.157999999999994], [9.607999999999999, 44.153499999999994], [9.601999999999999, 44.153499999999994], [9.601999999999999, 44.157999999999994]]]}, "properties": {"id": "r16c12", "zone": "Punta Mesco", "band": "riva"}}, {"type": "Feature", "geometry": {"type": "Polygon", "coordinates": [[[9.53, 44.153499999999994], [9.536, 44.153499999999994], [9.536, 44.148999999999994], [9.53, 44.148999999999994], [9.53, 44.153499999999994]]]}, "properties": {"id": "r17c0", "zone": "Punta Mesco", "band": "largo"}}, {"type": "Feature", "geometry": {"type": "Polygon", "coordinates": [[[9.536, 44.153499999999994], [9.542, 44.153499999999994], [9.542, 44.148999999999994], [9.536, 44.148999999999994], [9.536, 44.153499999999994]]]}, "properties": {"id": "r17c1", "zone": "Punta Mesco", "band": "largo"}}, {"type": "Feature", "geometry": {"type": "Polygon", "coordinates": [[[9.542, 44.153499999999994], [9.548, 44.153499999999994], [9.548, 44.148999999999994], [9.542, 44.148999999999994], [9.542, 44.153499999999994]]]}, "properties": {"id": "r17c2", "zone": "Punta Mesco", "band": "largo"}}, {"type": "Feature", "geometry": {"type": "Polygon", "coordinates": [[[9.548, 44.153499999999994], [9.554, 44.153499999999994], [9.554, 44.148999999999994], [9.548, 44.148999999999994], [9.548, 44.153499999999994]]]}, "properties": {"id": "r17c3", "zone": "Punta Mesco", "band": "largo"}}, {"type": "Feature", "geometry": {"type": "Polygon", "coordinates": [[[9.553999999999998, 44.153499999999994], [9.559999999999999, 44.153499999999994], [9.559999999999999, 44.148999999999994], [9.553999999999998, 44.148999999999994], [9.553999999999998, 44.153499999999994]]]}, "properties": {"id": "r17c4", "zone": "Punta Mesco", "band": "largo"}}, {"type": "Feature", "geometry": {"type": "Polygon", "coordinates": [[[9.559999999999999, 44.153499999999994], [9.565999999999999, 44.153499999999994], [9.565999999999999, 44.148999999999994], [9.559999999999999, 44.148999999999994], [9.559999999999999, 44.153499999999994]]]}, "properties": {"id": "r17c5", "zone": "Punta Mesco", "band": "largo"}}, {"type": "Feature", "geometry": {"type": "Polygon", "coordinates": [[[9.565999999999999, 44.153499999999994], [9.572, 44.153499999999994], [9.572, 44.148999999999994], [9.565999999999999, 44.148999999999994], [9.565999999999999, 44.153499999999994]]]}, "properties": {"id": "r17c6", "zone": "Punta Mesco", "band": "largo"}}, {"type": "Feature", "geometry": {"type": "Polygon", "coordinates": [[[9.572, 44.153499999999994], [9.578, 44.153499999999994], [9.578, 44.148999999999994], [9.572, 44.148999999999994], [9.572, 44.153499999999994]]]}, "properties": {"id": "r17c7", "zone": "Punta Mesco", "band": "largo"}}, {"type": "Feature", "geometry": {"type": "Polygon", "coordinates": [[[9.578, 44.153499999999994], [9.584, 44.153499999999994], [9.584, 44.148999999999994], [9.578, 44.148999999999994], [9.578, 44.153499999999994]]]}, "properties": {"id": "r17c8", "zone": "Punta Mesco", "band": "largo"}}, {"type": "Feature", "geometry": {"type": "Polygon", "coordinates": [[[9.584, 44.153499999999994], [9.59, 44.153499999999994], [9.59, 44.148999999999994], [9.584, 44.148999999999994], [9.584, 44.153499999999994]]]}, "properties": {"id": "r17c9", "zone": "Punta Mesco", "band": "largo"}}, {"type": "Feature", "geometry": {"type": "Polygon", "coordinates": [[[9.59, 44.153499999999994], [9.596, 44.153499999999994], [9.596, 44.148999999999994], [9.59, 44.148999999999994], [9.59, 44.153499999999994]]]}, "properties": {"id": "r17c10", "zone": "Punta Mesco", "band": "sottocosta"}}, {"type": "Feature", "geometry": {"type": "Polygon", "coordinates": [[[9.596, 44.153499999999994], [9.602, 44.153499999999994], [9.602, 44.148999999999994], [9.596, 44.148999999999994], [9.596, 44.153499999999994]]]}, "properties": {"id": "r17c11", "zone": "Punta Mesco", "band": "sottocosta"}}, {"type": "Feature", "geometry": {"type": "Polygon", "coordinates": [[[9.601999999999999, 44.153499999999994], [9.607999999999999, 44.153499999999994], [9.607999999999999, 44.148999999999994], [9.601999999999999, 44.148999999999994], [9.601999999999999, 44.153499999999994]]]}, "properties": {"id": "r17c12", "zone": "Punta Mesco", "band": "riva"}}, {"type": "Feature", "geometry": {"type": "Polygon", "coordinates": [[[9.607999999999999, 44.153499999999994], [9.613999999999999, 44.153499999999994], [9.613999999999999, 44.148999999999994], [9.607999999999999, 44.148999999999994], [9.607999999999999, 44.153499999999994]]]}, "properties": {"id": "r17c13", "zone": "Punta Mesco", "band": "riva"}}, {"type": "Feature", "geometry": {"type": "Polygon", "coordinates": [[[9.613999999999999, 44.153499999999994], [9.62, 44.153499999999994], [9.62, 44.148999999999994], [9.613999999999999, 44.148999999999994], [9.613999999999999, 44.153499999999994]]]}, "properties": {"id": "r17c14", "zone": "Punta Mesco", "band": "riva"}}, {"type": "Feature", "geometry": {"type": "Polygon", "coordinates": [[[9.536, 44.148999999999994], [9.542, 44.148999999999994], [9.542, 44.144499999999994], [9.536, 44.144499999999994], [9.536, 44.148999999999994]]]}, "properties": {"id": "r18c1", "zone": "Punta Mesco", "band": "largo"}}, {"type": "Feature", "geometry": {"type": "Polygon", "coordinates": [[[9.542, 44.148999999999994], [9.548, 44.148999999999994], [9.548, 44.144499999999994], [9.542, 44.144499999999994], [9.542, 44.148999999999994]]]}, "properties": {"id": "r18c2", "zone": "Punta Mesco", "band": "largo"}}, {"type": "Feature", "geometry": {"type": "Polygon", "coordinates": [[[9.548, 44.148999999999994], [9.554, 44.148999999999994], [9.554, 44.144499999999994], [9.548, 44.144499999999994], [9.548, 44.148999999999994]]]}, "properties": {"id": "r18c3", "zone": "Punta Mesco", "band": "largo"}}, {"type": "Feature", "geometry": {"type": "Polygon", "coordinates": [[[9.553999999999998, 44.148999999999994], [9.559999999999999, 44.148999999999994], [9.559999999999999, 44.144499999999994], [9.553999999999998, 44.144499999999994], [9.553999999999998, 44.148999999999994]]]}, "properties": {"id": "r18c4", "zone": "Punta Mesco", "band": "largo"}}, {"type": "Feature", "geometry": {"type": "Polygon", "coordinates": [[[9.559999999999999, 44.148999999999994], [9.565999999999999, 44.148999999999994], [9.565999999999999, 44.144499999999994], [9.559999999999999, 44.144499999999994], [9.559999999999999, 44.148999999999994]]]}, "properties": {"id": "r18c5", "zone": "Punta Mesco", "band": "largo"}}, {"type": "Feature", "geometry": {"type": "Polygon", "coordinates": [[[9.565999999999999, 44.148999999999994], [9.572, 44.148999999999994], [9.572, 44.144499999999994], [9.565999999999999, 44.144499999999994], [9.565999999999999, 44.148999999999994]]]}, "properties": {"id": "r18c6", "zone": "Punta Mesco", "band": "largo"}}, {"type": "Feature", "geometry": {"type": "Polygon", "coordinates": [[[9.572, 44.148999999999994], [9.578, 44.148999999999994], [9.578, 44.144499999999994], [9.572, 44.144499999999994], [9.572, 44.148999999999994]]]}, "properties": {"id": "r18c7", "zone": "Punta Mesco", "band": "largo"}}, {"type": "Feature", "geometry": {"type": "Polygon", "coordinates": [[[9.578, 44.148999999999994], [9.584, 44.148999999999994], [9.584, 44.144499999999994], [9.578, 44.144499999999994], [9.578, 44.148999999999994]]]}, "properties": {"id": "r18c8", "zone": "Punta Mesco", "band": "largo"}}, {"type": "Feature", "geometry": {"type": "Polygon", "coordinates": [[[9.584, 44.148999999999994], [9.59, 44.148999999999994], [9.59, 44.144499999999994], [9.584, 44.144499999999994], [9.584, 44.148999999999994]]]}, "properties": {"id": "r18c9", "zone": "Punta Mesco", "band": "largo"}}, {"type": "Feature", "geometry": {"type": "Polygon", "coordinates": [[[9.59, 44.148999999999994], [9.596, 44.148999999999994], [9.596, 44.144499999999994], [9.59, 44.144499999999994], [9.59, 44.148999999999994]]]}, "properties": {"id": "r18c10", "zone": "Punta Mesco", "band": "sottocosta"}}, {"type": "Feature", "geometry": {"type": "Polygon", "coordinates": [[[9.596, 44.148999999999994], [9.602, 44.148999999999994], [9.602, 44.144499999999994], [9.596, 44.144499999999994], [9.596, 44.148999999999994]]]}, "properties": {"id": "r18c11", "zone": "Punta Mesco", "band": "sottocosta"}}, {"type": "Feature", "geometry": {"type": "Polygon", "coordinates": [[[9.601999999999999, 44.148999999999994], [9.607999999999999, 44.148999999999994], [9.607999999999999, 44.144499999999994], [9.601999999999999, 44.144499999999994], [9.601999999999999, 44.148999999999994]]]}, "properties": {"id": "r18c12", "zone": "Punta Mesco", "band": "sottocosta"}}, {"type": "Feature", "geometry": {"type": "Polygon", "coordinates": [[[9.607999999999999, 44.148999999999994], [9.613999999999999, 44.148999999999994], [9.613999999999999, 44.144499999999994], [9.607999999999999, 44.144499999999994], [9.607999999999999, 44.148999999999994]]]}, "properties": {"id": "r18c13", "zone": "Punta Mesco", "band": "riva"}}, {"type": "Feature", "geometry": {"type": "Polygon", "coordinates": [[[9.613999999999999, 44.148999999999994], [9.62, 44.148999999999994], [9.62, 44.144499999999994], [9.613999999999999, 44.144499999999994], [9.613999999999999, 44.148999999999994]]]}, "properties": {"id": "r18c14", "zone": "Punta Mesco", "band": "riva"}}, {"type": "Feature", "geometry": {"type": "Polygon", "coordinates": [[[9.542, 44.144499999999994], [9.548, 44.144499999999994], [9.548, 44.13999999999999], [9.542, 44.13999999999999], [9.542, 44.144499999999994]]]}, "properties": {"id": "r19c2", "zone": "Punta Mesco", "band": "largo"}}, {"type": "Feature", "geometry": {"type": "Polygon", "coordinates": [[[9.548, 44.144499999999994], [9.554, 44.144499999999994], [9.554, 44.13999999999999], [9.548, 44.13999999999999], [9.548, 44.144499999999994]]]}, "properties": {"id": "r19c3", "zone": "Punta Mesco", "band": "largo"}}, {"type": "Feature", "geometry": {"type": "Polygon", "coordinates": [[[9.553999999999998, 44.144499999999994], [9.559999999999999, 44.144499999999994], [9.559999999999999, 44.13999999999999], [9.553999999999998, 44.13999999999999], [9.553999999999998, 44.144499999999994]]]}, "properties": {"id": "r19c4", "zone": "Punta Mesco", "band": "largo"}}, {"type": "Feature", "geometry": {"type": "Polygon", "coordinates": [[[9.559999999999999, 44.144499999999994], [9.565999999999999, 44.144499999999994], [9.565999999999999, 44.13999999999999], [9.559999999999999, 44.13999999999999], [9.559999999999999, 44.144499999999994]]]}, "properties": {"id": "r19c5", "zone": "Punta Mesco", "band": "largo"}}, {"type": "Feature", "geometry": {"type": "Polygon", "coordinates": [[[9.565999999999999, 44.144499999999994], [9.572, 44.144499999999994], [9.572, 44.13999999999999], [9.565999999999999, 44.13999999999999], [9.565999999999999, 44.144499999999994]]]}, "properties": {"id": "r19c6", "zone": "Punta Mesco", "band": "largo"}}, {"type": "Feature", "geometry": {"type": "Polygon", "coordinates": [[[9.572, 44.144499999999994], [9.578, 44.144499999999994], [9.578, 44.13999999999999], [9.572, 44.13999999999999], [9.572, 44.144499999999994]]]}, "properties": {"id": "r19c7", "zone": "Punta Mesco", "band": "largo"}}, {"type": "Feature", "geometry": {"type": "Polygon", "coordinates": [[[9.578, 44.144499999999994], [9.584, 44.144499999999994], [9.584, 44.13999999999999], [9.578, 44.13999999999999], [9.578, 44.144499999999994]]]}, "properties": {"id": "r19c8", "zone": "Punta Mesco", "band": "largo"}}, {"type": "Feature", "geometry": {"type": "Polygon", "coordinates": [[[9.584, 44.144499999999994], [9.59, 44.144499999999994], [9.59, 44.13999999999999], [9.584, 44.13999999999999], [9.584, 44.144499999999994]]]}, "properties": {"id": "r19c9", "zone": "Punta Mesco", "band": "largo"}}, {"type": "Feature", "geometry": {"type": "Polygon", "coordinates": [[[9.59, 44.144499999999994], [9.596, 44.144499999999994], [9.596, 44.13999999999999], [9.59, 44.13999999999999], [9.59, 44.144499999999994]]]}, "properties": {"id": "r19c10", "zone": "Punta Mesco", "band": "sottocosta"}}, {"type": "Feature", "geometry": {"type": "Polygon", "coordinates": [[[9.596, 44.144499999999994], [9.602, 44.144499999999994], [9.602, 44.13999999999999], [9.596, 44.13999999999999], [9.596, 44.144499999999994]]]}, "properties": {"id": "r19c11", "zone": "Punta Mesco", "band": "sottocosta"}}, {"type": "Feature", "geometry": {"type": "Polygon", "coordinates": [[[9.601999999999999, 44.144499999999994], [9.607999999999999, 44.144499999999994], [9.607999999999999, 44.13999999999999], [9.601999999999999, 44.13999999999999], [9.601999999999999, 44.144499999999994]]]}, "properties": {"id": "r19c12", "zone": "Punta Mesco", "band": "sottocosta"}}, {"type": "Feature", "geometry": {"type": "Polygon", "coordinates": [[[9.607999999999999, 44.144499999999994], [9.613999999999999, 44.144499999999994], [9.613999999999999, 44.13999999999999], [9.607999999999999, 44.13999999999999], [9.607999999999999, 44.144499999999994]]]}, "properties": {"id": "r19c13", "zone": "Punta Mesco", "band": "sottocosta"}}, {"type": "Feature", "geometry": {"type": "Polygon", "coordinates": [[[9.613999999999999, 44.144499999999994], [9.62, 44.144499999999994], [9.62, 44.13999999999999], [9.613999999999999, 44.13999999999999], [9.613999999999999, 44.144499999999994]]]}, "properties": {"id": "r19c14", "zone": "Punta Mesco", "band": "riva"}}, {"type": "Feature", "geometry": {"type": "Polygon", "coordinates": [[[9.62, 44.144499999999994], [9.626, 44.144499999999994], [9.626, 44.13999999999999], [9.62, 44.13999999999999], [9.62, 44.144499999999994]]]}, "properties": {"id": "r19c15", "zone": "Punta Mesco", "band": "riva"}}, {"type": "Feature", "geometry": {"type": "Polygon", "coordinates": [[[9.644, 44.144499999999994], [9.65, 44.144499999999994], [9.65, 44.13999999999999], [9.644, 44.13999999999999], [9.644, 44.144499999999994]]]}, "properties": {"id": "r19c19", "zone": "Punta Mesco", "band": "riva"}}, {"type": "Feature", "geometry": {"type": "Polygon", "coordinates": [[[9.649999999999999, 44.144499999999994], [9.655999999999999, 44.144499999999994], [9.655999999999999, 44.13999999999999], [9.649999999999999, 44.13999999999999], [9.649999999999999, 44.144499999999994]]]}, "properties": {"id": "r19c20", "zone": "Monterosso", "band": "riva"}}, {"type": "Feature", "geometry": {"type": "Polygon", "coordinates": [[[9.655999999999999, 44.144499999999994], [9.661999999999999, 44.144499999999994], [9.661999999999999, 44.13999999999999], [9.655999999999999, 44.13999999999999], [9.655999999999999, 44.144499999999994]]]}, "properties": {"id": "r19c21", "zone": "Monterosso", "band": "riva"}}, {"type": "Feature", "geometry": {"type": "Polygon", "coordinates": [[[9.661999999999999, 44.144499999999994], [9.668, 44.144499999999994], [9.668, 44.13999999999999], [9.661999999999999, 44.13999999999999], [9.661999999999999, 44.144499999999994]]]}, "properties": {"id": "r19c22", "zone": "Monterosso", "band": "riva"}}, {"type": "Feature", "geometry": {"type": "Polygon", "coordinates": [[[9.548, 44.13999999999999], [9.554, 44.13999999999999], [9.554, 44.13549999999999], [9.548, 44.13549999999999], [9.548, 44.13999999999999]]]}, "properties": {"id": "r20c3", "zone": "Punta Mesco", "band": "largo"}}, {"type": "Feature", "geometry": {"type": "Polygon", "coordinates": [[[9.553999999999998, 44.13999999999999], [9.559999999999999, 44.13999999999999], [9.559999999999999, 44.13549999999999], [9.553999999999998, 44.13549999999999], [9.553999999999998, 44.13999999999999]]]}, "properties": {"id": "r20c4", "zone": "Punta Mesco", "band": "largo"}}, {"type": "Feature", "geometry": {"type": "Polygon", "coordinates": [[[9.559999999999999, 44.13999999999999], [9.565999999999999, 44.13999999999999], [9.565999999999999, 44.13549999999999], [9.559999999999999, 44.13549999999999], [9.559999999999999, 44.13999999999999]]]}, "properties": {"id": "r20c5", "zone": "Punta Mesco", "band": "largo"}}, {"type": "Feature", "geometry": {"type": "Polygon", "coordinates": [[[9.565999999999999, 44.13999999999999], [9.572, 44.13999999999999], [9.572, 44.13549999999999], [9.565999999999999, 44.13549999999999], [9.565999999999999, 44.13999999999999]]]}, "properties": {"id": "r20c6", "zone": "Punta Mesco", "band": "largo"}}, {"type": "Feature", "geometry": {"type": "Polygon", "coordinates": [[[9.572, 44.13999999999999], [9.578, 44.13999999999999], [9.578, 44.13549999999999], [9.572, 44.13549999999999], [9.572, 44.13999999999999]]]}, "properties": {"id": "r20c7", "zone": "Punta Mesco", "band": "largo"}}, {"type": "Feature", "geometry": {"type": "Polygon", "coordinates": [[[9.578, 44.13999999999999], [9.584, 44.13999999999999], [9.584, 44.13549999999999], [9.578, 44.13549999999999], [9.578, 44.13999999999999]]]}, "properties": {"id": "r20c8", "zone": "Punta Mesco", "band": "largo"}}, {"type": "Feature", "geometry": {"type": "Polygon", "coordinates": [[[9.584, 44.13999999999999], [9.59, 44.13999999999999], [9.59, 44.13549999999999], [9.584, 44.13549999999999], [9.584, 44.13999999999999]]]}, "properties": {"id": "r20c9", "zone": "Punta Mesco", "band": "largo"}}, {"type": "Feature", "geometry": {"type": "Polygon", "coordinates": [[[9.59, 44.13999999999999], [9.596, 44.13999999999999], [9.596, 44.13549999999999], [9.59, 44.13549999999999], [9.59, 44.13999999999999]]]}, "properties": {"id": "r20c10", "zone": "Punta Mesco", "band": "largo"}}, {"type": "Feature", "geometry": {"type": "Polygon", "coordinates": [[[9.596, 44.13999999999999], [9.602, 44.13999999999999], [9.602, 44.13549999999999], [9.596, 44.13549999999999], [9.596, 44.13999999999999]]]}, "properties": {"id": "r20c11", "zone": "Punta Mesco", "band": "largo"}}, {"type": "Feature", "geometry": {"type": "Polygon", "coordinates": [[[9.601999999999999, 44.13999999999999], [9.607999999999999, 44.13999999999999], [9.607999999999999, 44.13549999999999], [9.601999999999999, 44.13549999999999], [9.601999999999999, 44.13999999999999]]]}, "properties": {"id": "r20c12", "zone": "Punta Mesco", "band": "sottocosta"}}, {"type": "Feature", "geometry": {"type": "Polygon", "coordinates": [[[9.607999999999999, 44.13999999999999], [9.613999999999999, 44.13999999999999], [9.613999999999999, 44.13549999999999], [9.607999999999999, 44.13549999999999], [9.607999999999999, 44.13999999999999]]]}, "properties": {"id": "r20c13", "zone": "Punta Mesco", "band": "sottocosta"}}, {"type": "Feature", "geometry": {"type": "Polygon", "coordinates": [[[9.613999999999999, 44.13999999999999], [9.62, 44.13999999999999], [9.62, 44.13549999999999], [9.613999999999999, 44.13549999999999], [9.613999999999999, 44.13999999999999]]]}, "properties": {"id": "r20c14", "zone": "Punta Mesco", "band": "riva"}}, {"type": "Feature", "geometry": {"type": "Polygon", "coordinates": [[[9.62, 44.13999999999999], [9.626, 44.13999999999999], [9.626, 44.13549999999999], [9.62, 44.13549999999999], [9.62, 44.13999999999999]]]}, "properties": {"id": "r20c15", "zone": "Punta Mesco", "band": "riva"}}, {"type": "Feature", "geometry": {"type": "Polygon", "coordinates": [[[9.626, 44.13999999999999], [9.632, 44.13999999999999], [9.632, 44.13549999999999], [9.626, 44.13549999999999], [9.626, 44.13999999999999]]]}, "properties": {"id": "r20c16", "zone": "Punta Mesco", "band": "riva"}}, {"type": "Feature", "geometry": {"type": "Polygon", "coordinates": [[[9.638, 44.13999999999999], [9.644, 44.13999999999999], [9.644, 44.13549999999999], [9.638, 44.13549999999999], [9.638, 44.13999999999999]]]}, "properties": {"id": "r20c18", "zone": "Punta Mesco", "band": "riva"}}, {"type": "Feature", "geometry": {"type": "Polygon", "coordinates": [[[9.644, 44.13999999999999], [9.65, 44.13999999999999], [9.65, 44.13549999999999], [9.644, 44.13549999999999], [9.644, 44.13999999999999]]]}, "properties": {"id": "r20c19", "zone": "Punta Mesco", "band": "riva"}}, {"type": "Feature", "geometry": {"type": "Polygon", "coordinates": [[[9.649999999999999, 44.13999999999999], [9.655999999999999, 44.13999999999999], [9.655999999999999, 44.13549999999999], [9.649999999999999, 44.13549999999999], [9.649999999999999, 44.13999999999999]]]}, "properties": {"id": "r20c20", "zone": "Monterosso", "band": "sottocosta"}}, {"type": "Feature", "geometry": {"type": "Polygon", "coordinates": [[[9.655999999999999, 44.13999999999999], [9.661999999999999, 44.13999999999999], [9.661999999999999, 44.13549999999999], [9.655999999999999, 44.13549999999999], [9.655999999999999, 44.13999999999999]]]}, "properties": {"id": "r20c21", "zone": "Monterosso", "band": "sottocosta"}}, {"type": "Feature", "geometry": {"type": "Polygon", "coordinates": [[[9.661999999999999, 44.13999999999999], [9.668, 44.13999999999999], [9.668, 44.13549999999999], [9.661999999999999, 44.13549999999999], [9.661999999999999, 44.13999999999999]]]}, "properties": {"id": "r20c22", "zone": "Monterosso", "band": "riva"}}, {"type": "Feature", "geometry": {"type": "Polygon", "coordinates": [[[9.668, 44.13999999999999], [9.674, 44.13999999999999], [9.674, 44.13549999999999], [9.668, 44.13549999999999], [9.668, 44.13999999999999]]]}, "properties": {"id": "r20c23", "zone": "Monterosso", "band": "riva"}}, {"type": "Feature", "geometry": {"type": "Polygon", "coordinates": [[[9.674, 44.13999999999999], [9.68, 44.13999999999999], [9.68, 44.13549999999999], [9.674, 44.13549999999999], [9.674, 44.13999999999999]]]}, "properties": {"id": "r20c24", "zone": "Vernazza", "band": "riva"}}, {"type": "Feature", "geometry": {"type": "Polygon", "coordinates": [[[9.559999999999999, 44.1355], [9.565999999999999, 44.1355], [9.565999999999999, 44.131], [9.559999999999999, 44.131], [9.559999999999999, 44.1355]]]}, "properties": {"id": "r21c5", "zone": "Punta Mesco", "band": "largo"}}, {"type": "Feature", "geometry": {"type": "Polygon", "coordinates": [[[9.565999999999999, 44.1355], [9.572, 44.1355], [9.572, 44.131], [9.565999999999999, 44.131], [9.565999999999999, 44.1355]]]}, "properties": {"id": "r21c6", "zone": "Punta Mesco", "band": "largo"}}, {"type": "Feature", "geometry": {"type": "Polygon", "coordinates": [[[9.572, 44.1355], [9.578, 44.1355], [9.578, 44.131], [9.572, 44.131], [9.572, 44.1355]]]}, "properties": {"id": "r21c7", "zone": "Punta Mesco", "band": "largo"}}, {"type": "Feature", "geometry": {"type": "Polygon", "coordinates": [[[9.578, 44.1355], [9.584, 44.1355], [9.584, 44.131], [9.578, 44.131], [9.578, 44.1355]]]}, "properties": {"id": "r21c8", "zone": "Punta Mesco", "band": "largo"}}, {"type": "Feature", "geometry": {"type": "Polygon", "coordinates": [[[9.584, 44.1355], [9.59, 44.1355], [9.59, 44.131], [9.584, 44.131], [9.584, 44.1355]]]}, "properties": {"id": "r21c9", "zone": "Punta Mesco", "band": "largo"}}, {"type": "Feature", "geometry": {"type": "Polygon", "coordinates": [[[9.59, 44.1355], [9.596, 44.1355], [9.596, 44.131], [9.59, 44.131], [9.59, 44.1355]]]}, "properties": {"id": "r21c10", "zone": "Punta Mesco", "band": "largo"}}, {"type": "Feature", "geometry": {"type": "Polygon", "coordinates": [[[9.596, 44.1355], [9.602, 44.1355], [9.602, 44.131], [9.596, 44.131], [9.596, 44.1355]]]}, "properties": {"id": "r21c11", "zone": "Punta Mesco", "band": "largo"}}, {"type": "Feature", "geometry": {"type": "Polygon", "coordinates": [[[9.601999999999999, 44.1355], [9.607999999999999, 44.1355], [9.607999999999999, 44.131], [9.601999999999999, 44.131], [9.601999999999999, 44.1355]]]}, "properties": {"id": "r21c12", "zone": "Punta Mesco", "band": "sottocosta"}}, {"type": "Feature", "geometry": {"type": "Polygon", "coordinates": [[[9.607999999999999, 44.1355], [9.613999999999999, 44.1355], [9.613999999999999, 44.131], [9.607999999999999, 44.131], [9.607999999999999, 44.1355]]]}, "properties": {"id": "r21c13", "zone": "Punta Mesco", "band": "sottocosta"}}, {"type": "Feature", "geometry": {"type": "Polygon", "coordinates": [[[9.613999999999999, 44.1355], [9.62, 44.1355], [9.62, 44.131], [9.613999999999999, 44.131], [9.613999999999999, 44.1355]]]}, "properties": {"id": "r21c14", "zone": "Punta Mesco", "band": "sottocosta"}}, {"type": "Feature", "geometry": {"type": "Polygon", "coordinates": [[[9.62, 44.1355], [9.626, 44.1355], [9.626, 44.131], [9.62, 44.131], [9.62, 44.1355]]]}, "properties": {"id": "r21c15", "zone": "Punta Mesco", "band": "riva"}}, {"type": "Feature", "geometry": {"type": "Polygon", "coordinates": [[[9.626, 44.1355], [9.632, 44.1355], [9.632, 44.131], [9.626, 44.131], [9.626, 44.1355]]]}, "properties": {"id": "r21c16", "zone": "Punta Mesco", "band": "riva"}}, {"type": "Feature", "geometry": {"type": "Polygon", "coordinates": [[[9.632, 44.1355], [9.638, 44.1355], [9.638, 44.131], [9.632, 44.131], [9.632, 44.1355]]]}, "properties": {"id": "r21c17", "zone": "Punta Mesco", "band": "riva"}}, {"type": "Feature", "geometry": {"type": "Polygon", "coordinates": [[[9.638, 44.1355], [9.644, 44.1355], [9.644, 44.131], [9.638, 44.131], [9.638, 44.1355]]]}, "properties": {"id": "r21c18", "zone": "Punta Mesco", "band": "riva"}}, {"type": "Feature", "geometry": {"type": "Polygon", "coordinates": [[[9.644, 44.1355], [9.65, 44.1355], [9.65, 44.131], [9.644, 44.131], [9.644, 44.1355]]]}, "properties": {"id": "r21c19", "zone": "Punta Mesco", "band": "sottocosta"}}, {"type": "Feature", "geometry": {"type": "Polygon", "coordinates": [[[9.649999999999999, 44.1355], [9.655999999999999, 44.1355], [9.655999999999999, 44.131], [9.649999999999999, 44.131], [9.649999999999999, 44.1355]]]}, "properties": {"id": "r21c20", "zone": "Monterosso", "band": "sottocosta"}}, {"type": "Feature", "geometry": {"type": "Polygon", "coordinates": [[[9.655999999999999, 44.1355], [9.661999999999999, 44.1355], [9.661999999999999, 44.131], [9.655999999999999, 44.131], [9.655999999999999, 44.1355]]]}, "properties": {"id": "r21c21", "zone": "Monterosso", "band": "sottocosta"}}, {"type": "Feature", "geometry": {"type": "Polygon", "coordinates": [[[9.661999999999999, 44.1355], [9.668, 44.1355], [9.668, 44.131], [9.661999999999999, 44.131], [9.661999999999999, 44.1355]]]}, "properties": {"id": "r21c22", "zone": "Monterosso", "band": "sottocosta"}}, {"type": "Feature", "geometry": {"type": "Polygon", "coordinates": [[[9.668, 44.1355], [9.674, 44.1355], [9.674, 44.131], [9.668, 44.131], [9.668, 44.1355]]]}, "properties": {"id": "r21c23", "zone": "Monterosso", "band": "sottocosta"}}, {"type": "Feature", "geometry": {"type": "Polygon", "coordinates": [[[9.674, 44.1355], [9.68, 44.1355], [9.68, 44.131], [9.674, 44.131], [9.674, 44.1355]]]}, "properties": {"id": "r21c24", "zone": "Vernazza", "band": "riva"}}, {"type": "Feature", "geometry": {"type": "Polygon", "coordinates": [[[9.68, 44.1355], [9.686, 44.1355], [9.686, 44.131], [9.68, 44.131], [9.68, 44.1355]]]}, "properties": {"id": "r21c25", "zone": "Vernazza", "band": "riva"}}, {"type": "Feature", "geometry": {"type": "Polygon", "coordinates": [[[9.565999999999999, 44.131], [9.572, 44.131], [9.572, 44.1265], [9.565999999999999, 44.1265], [9.565999999999999, 44.131]]]}, "properties": {"id": "r22c6", "zone": "Punta Mesco", "band": "largo"}}, {"type": "Feature", "geometry": {"type": "Polygon", "coordinates": [[[9.572, 44.131], [9.578, 44.131], [9.578, 44.1265], [9.572, 44.1265], [9.572, 44.131]]]}, "properties": {"id": "r22c7", "zone": "Punta Mesco", "band": "largo"}}, {"type": "Feature", "geometry": {"type": "Polygon", "coordinates": [[[9.578, 44.131], [9.584, 44.131], [9.584, 44.1265], [9.578, 44.1265], [9.578, 44.131]]]}, "properties": {"id": "r22c8", "zone": "Punta Mesco", "band": "largo"}}, {"type": "Feature", "geometry": {"type": "Polygon", "coordinates": [[[9.584, 44.131], [9.59, 44.131], [9.59, 44.1265], [9.584, 44.1265], [9.584, 44.131]]]}, "properties": {"id": "r22c9", "zone": "Punta Mesco", "band": "largo"}}, {"type": "Feature", "geometry": {"type": "Polygon", "coordinates": [[[9.59, 44.131], [9.596, 44.131], [9.596, 44.1265], [9.59, 44.1265], [9.59, 44.131]]]}, "properties": {"id": "r22c10", "zone": "Punta Mesco", "band": "largo"}}, {"type": "Feature", "geometry": {"type": "Polygon", "coordinates": [[[9.596, 44.131], [9.602, 44.131], [9.602, 44.1265], [9.596, 44.1265], [9.596, 44.131]]]}, "properties": {"id": "r22c11", "zone": "Punta Mesco", "band": "largo"}}, {"type": "Feature", "geometry": {"type": "Polygon", "coordinates": [[[9.601999999999999, 44.131], [9.607999999999999, 44.131], [9.607999999999999, 44.1265], [9.601999999999999, 44.1265], [9.601999999999999, 44.131]]]}, "properties": {"id": "r22c12", "zone": "Punta Mesco", "band": "largo"}}, {"type": "Feature", "geometry": {"type": "Polygon", "coordinates": [[[9.607999999999999, 44.131], [9.613999999999999, 44.131], [9.613999999999999, 44.1265], [9.607999999999999, 44.1265], [9.607999999999999, 44.131]]]}, "properties": {"id": "r22c13", "zone": "Punta Mesco", "band": "sottocosta"}}, {"type": "Feature", "geometry": {"type": "Polygon", "coordinates": [[[9.613999999999999, 44.131], [9.62, 44.131], [9.62, 44.1265], [9.613999999999999, 44.1265], [9.613999999999999, 44.131]]]}, "properties": {"id": "r22c14", "zone": "Punta Mesco", "band": "sottocosta"}}, {"type": "Feature", "geometry": {"type": "Polygon", "coordinates": [[[9.62, 44.131], [9.626, 44.131], [9.626, 44.1265], [9.62, 44.1265], [9.62, 44.131]]]}, "properties": {"id": "r22c15", "zone": "Punta Mesco", "band": "sottocosta"}}, {"type": "Feature", "geometry": {"type": "Polygon", "coordinates": [[[9.626, 44.131], [9.632, 44.131], [9.632, 44.1265], [9.626, 44.1265], [9.626, 44.131]]]}, "properties": {"id": "r22c16", "zone": "Punta Mesco", "band": "riva"}}, {"type": "Feature", "geometry": {"type": "Polygon", "coordinates": [[[9.632, 44.131], [9.638, 44.131], [9.638, 44.1265], [9.632, 44.1265], [9.632, 44.131]]]}, "properties": {"id": "r22c17", "zone": "Punta Mesco", "band": "riva"}}, {"type": "Feature", "geometry": {"type": "Polygon", "coordinates": [[[9.638, 44.131], [9.644, 44.131], [9.644, 44.1265], [9.638, 44.1265], [9.638, 44.131]]]}, "properties": {"id": "r22c18", "zone": "Punta Mesco", "band": "riva"}}, {"type": "Feature", "geometry": {"type": "Polygon", "coordinates": [[[9.644, 44.131], [9.65, 44.131], [9.65, 44.1265], [9.644, 44.1265], [9.644, 44.131]]]}, "properties": {"id": "r22c19", "zone": "Punta Mesco", "band": "sottocosta"}}, {"type": "Feature", "geometry": {"type": "Polygon", "coordinates": [[[9.649999999999999, 44.131], [9.655999999999999, 44.131], [9.655999999999999, 44.1265], [9.649999999999999, 44.1265], [9.649999999999999, 44.131]]]}, "properties": {"id": "r22c20", "zone": "Monterosso", "band": "sottocosta"}}, {"type": "Feature", "geometry": {"type": "Polygon", "coordinates": [[[9.655999999999999, 44.131], [9.661999999999999, 44.131], [9.661999999999999, 44.1265], [9.655999999999999, 44.1265], [9.655999999999999, 44.131]]]}, "properties": {"id": "r22c21", "zone": "Monterosso", "band": "sottocosta"}}, {"type": "Feature", "geometry": {"type": "Polygon", "coordinates": [[[9.661999999999999, 44.131], [9.668, 44.131], [9.668, 44.1265], [9.661999999999999, 44.1265], [9.661999999999999, 44.131]]]}, "properties": {"id": "r22c22", "zone": "Monterosso", "band": "sottocosta"}}, {"type": "Feature", "geometry": {"type": "Polygon", "coordinates": [[[9.668, 44.131], [9.674, 44.131], [9.674, 44.1265], [9.668, 44.1265], [9.668, 44.131]]]}, "properties": {"id": "r22c23", "zone": "Monterosso", "band": "sottocosta"}}, {"type": "Feature", "geometry": {"type": "Polygon", "coordinates": [[[9.674, 44.131], [9.68, 44.131], [9.68, 44.1265], [9.674, 44.1265], [9.674, 44.131]]]}, "properties": {"id": "r22c24", "zone": "Vernazza", "band": "sottocosta"}}, {"type": "Feature", "geometry": {"type": "Polygon", "coordinates": [[[9.68, 44.131], [9.686, 44.131], [9.686, 44.1265], [9.68, 44.1265], [9.68, 44.131]]]}, "properties": {"id": "r22c25", "zone": "Vernazza", "band": "riva"}}, {"type": "Feature", "geometry": {"type": "Polygon", "coordinates": [[[9.686, 44.131], [9.692, 44.131], [9.692, 44.1265], [9.686, 44.1265], [9.686, 44.131]]]}, "properties": {"id": "r22c26", "zone": "Vernazza", "band": "riva"}}, {"type": "Feature", "geometry": {"type": "Polygon", "coordinates": [[[9.572, 44.1265], [9.578, 44.1265], [9.578, 44.122], [9.572, 44.122], [9.572, 44.1265]]]}, "properties": {"id": "r23c7", "zone": "Punta Mesco", "band": "largo"}}, {"type": "Feature", "geometry": {"type": "Polygon", "coordinates": [[[9.578, 44.1265], [9.584, 44.1265], [9.584, 44.122], [9.578, 44.122], [9.578, 44.1265]]]}, "properties": {"id": "r23c8", "zone": "Punta Mesco", "band": "largo"}}, {"type": "Feature", "geometry": {"type": "Polygon", "coordinates": [[[9.584, 44.1265], [9.59, 44.1265], [9.59, 44.122], [9.584, 44.122], [9.584, 44.1265]]]}, "properties": {"id": "r23c9", "zone": "Punta Mesco", "band": "largo"}}, {"type": "Feature", "geometry": {"type": "Polygon", "coordinates": [[[9.59, 44.1265], [9.596, 44.1265], [9.596, 44.122], [9.59, 44.122], [9.59, 44.1265]]]}, "properties": {"id": "r23c10", "zone": "Punta Mesco", "band": "largo"}}, {"type": "Feature", "geometry": {"type": "Polygon", "coordinates": [[[9.596, 44.1265], [9.602, 44.1265], [9.602, 44.122], [9.596, 44.122], [9.596, 44.1265]]]}, "properties": {"id": "r23c11", "zone": "Punta Mesco", "band": "largo"}}, {"type": "Feature", "geometry": {"type": "Polygon", "coordinates": [[[9.601999999999999, 44.1265], [9.607999999999999, 44.1265], [9.607999999999999, 44.122], [9.601999999999999, 44.122], [9.601999999999999, 44.1265]]]}, "properties": {"id": "r23c12", "zone": "Punta Mesco", "band": "largo"}}, {"type": "Feature", "geometry": {"type": "Polygon", "coordinates": [[[9.607999999999999, 44.1265], [9.613999999999999, 44.1265], [9.613999999999999, 44.122], [9.607999999999999, 44.122], [9.607999999999999, 44.1265]]]}, "properties": {"id": "r23c13", "zone": "Punta Mesco", "band": "largo"}}, {"type": "Feature", "geometry": {"type": "Polygon", "coordinates": [[[9.613999999999999, 44.1265], [9.62, 44.1265], [9.62, 44.122], [9.613999999999999, 44.122], [9.613999999999999, 44.1265]]]}, "properties": {"id": "r23c14", "zone": "Punta Mesco", "band": "sottocosta"}}, {"type": "Feature", "geometry": {"type": "Polygon", "coordinates": [[[9.62, 44.1265], [9.626, 44.1265], [9.626, 44.122], [9.62, 44.122], [9.62, 44.1265]]]}, "properties": {"id": "r23c15", "zone": "Punta Mesco", "band": "sottocosta"}}, {"type": "Feature", "geometry": {"type": "Polygon", "coordinates": [[[9.626, 44.1265], [9.632, 44.1265], [9.632, 44.122], [9.626, 44.122], [9.626, 44.1265]]]}, "properties": {"id": "r23c16", "zone": "Punta Mesco", "band": "sottocosta"}}, {"type": "Feature", "geometry": {"type": "Polygon", "coordinates": [[[9.632, 44.1265], [9.638, 44.1265], [9.638, 44.122], [9.632, 44.122], [9.632, 44.1265]]]}, "properties": {"id": "r23c17", "zone": "Punta Mesco", "band": "sottocosta"}}, {"type": "Feature", "geometry": {"type": "Polygon", "coordinates": [[[9.638, 44.1265], [9.644, 44.1265], [9.644, 44.122], [9.638, 44.122], [9.638, 44.1265]]]}, "properties": {"id": "r23c18", "zone": "Punta Mesco", "band": "sottocosta"}}, {"type": "Feature", "geometry": {"type": "Polygon", "coordinates": [[[9.644, 44.1265], [9.65, 44.1265], [9.65, 44.122], [9.644, 44.122], [9.644, 44.1265]]]}, "properties": {"id": "r23c19", "zone": "Punta Mesco", "band": "sottocosta"}}, {"type": "Feature", "geometry": {"type": "Polygon", "coordinates": [[[9.649999999999999, 44.1265], [9.655999999999999, 44.1265], [9.655999999999999, 44.122], [9.649999999999999, 44.122], [9.649999999999999, 44.1265]]]}, "properties": {"id": "r23c20", "zone": "Monterosso", "band": "sottocosta"}}, {"type": "Feature", "geometry": {"type": "Polygon", "coordinates": [[[9.655999999999999, 44.1265], [9.661999999999999, 44.1265], [9.661999999999999, 44.122], [9.655999999999999, 44.122], [9.655999999999999, 44.1265]]]}, "properties": {"id": "r23c21", "zone": "Monterosso", "band": "largo"}}, {"type": "Feature", "geometry": {"type": "Polygon", "coordinates": [[[9.661999999999999, 44.1265], [9.668, 44.1265], [9.668, 44.122], [9.661999999999999, 44.122], [9.661999999999999, 44.1265]]]}, "properties": {"id": "r23c22", "zone": "Monterosso", "band": "sottocosta"}}, {"type": "Feature", "geometry": {"type": "Polygon", "coordinates": [[[9.668, 44.1265], [9.674, 44.1265], [9.674, 44.122], [9.668, 44.122], [9.668, 44.1265]]]}, "properties": {"id": "r23c23", "zone": "Monterosso", "band": "sottocosta"}}, {"type": "Feature", "geometry": {"type": "Polygon", "coordinates": [[[9.674, 44.1265], [9.68, 44.1265], [9.68, 44.122], [9.674, 44.122], [9.674, 44.1265]]]}, "properties": {"id": "r23c24", "zone": "Vernazza", "band": "sottocosta"}}, {"type": "Feature", "geometry": {"type": "Polygon", "coordinates": [[[9.68, 44.1265], [9.686, 44.1265], [9.686, 44.122], [9.68, 44.122], [9.68, 44.1265]]]}, "properties": {"id": "r23c25", "zone": "Vernazza", "band": "sottocosta"}}, {"type": "Feature", "geometry": {"type": "Polygon", "coordinates": [[[9.686, 44.1265], [9.692, 44.1265], [9.692, 44.122], [9.686, 44.122], [9.686, 44.1265]]]}, "properties": {"id": "r23c26", "zone": "Vernazza", "band": "riva"}}, {"type": "Feature", "geometry": {"type": "Polygon", "coordinates": [[[9.692, 44.1265], [9.698, 44.1265], [9.698, 44.122], [9.692, 44.122], [9.692, 44.1265]]]}, "properties": {"id": "r23c27", "zone": "Vernazza", "band": "riva"}}, {"type": "Feature", "geometry": {"type": "Polygon", "coordinates": [[[9.697999999999999, 44.1265], [9.703999999999999, 44.1265], [9.703999999999999, 44.122], [9.697999999999999, 44.122], [9.697999999999999, 44.1265]]]}, "properties": {"id": "r23c28", "zone": "Corniglia", "band": "riva"}}, {"type": "Feature", "geometry": {"type": "Polygon", "coordinates": [[[9.572, 44.122], [9.578, 44.122], [9.578, 44.1175], [9.572, 44.1175], [9.572, 44.122]]]}, "properties": {"id": "r24c7", "zone": "Punta Mesco", "band": "largo"}}, {"type": "Feature", "geometry": {"type": "Polygon", "coordinates": [[[9.578, 44.122], [9.584, 44.122], [9.584, 44.1175], [9.578, 44.1175], [9.578, 44.122]]]}, "properties": {"id": "r24c8", "zone": "Punta Mesco", "band": "largo"}}, {"type": "Feature", "geometry": {"type": "Polygon", "coordinates": [[[9.584, 44.122], [9.59, 44.122], [9.59, 44.1175], [9.584, 44.1175], [9.584, 44.122]]]}, "properties": {"id": "r24c9", "zone": "Punta Mesco", "band": "largo"}}, {"type": "Feature", "geometry": {"type": "Polygon", "coordinates": [[[9.59, 44.122], [9.596, 44.122], [9.596, 44.1175], [9.59, 44.1175], [9.59, 44.122]]]}, "properties": {"id": "r24c10", "zone": "Punta Mesco", "band": "largo"}}, {"type": "Feature", "geometry": {"type": "Polygon", "coordinates": [[[9.596, 44.122], [9.602, 44.122], [9.602, 44.1175], [9.596, 44.1175], [9.596, 44.122]]]}, "properties": {"id": "r24c11", "zone": "Punta Mesco", "band": "largo"}}, {"type": "Feature", "geometry": {"type": "Polygon", "coordinates": [[[9.601999999999999, 44.122], [9.607999999999999, 44.122], [9.607999999999999, 44.1175], [9.601999999999999, 44.1175], [9.601999999999999, 44.122]]]}, "properties": {"id": "r24c12", "zone": "Punta Mesco", "band": "largo"}}, {"type": "Feature", "geometry": {"type": "Polygon", "coordinates": [[[9.607999999999999, 44.122], [9.613999999999999, 44.122], [9.613999999999999, 44.1175], [9.607999999999999, 44.1175], [9.607999999999999, 44.122]]]}, "properties": {"id": "r24c13", "zone": "Punta Mesco", "band": "largo"}}, {"type": "Feature", "geometry": {"type": "Polygon", "coordinates": [[[9.613999999999999, 44.122], [9.62, 44.122], [9.62, 44.1175], [9.613999999999999, 44.1175], [9.613999999999999, 44.122]]]}, "properties": {"id": "r24c14", "zone": "Punta Mesco", "band": "largo"}}, {"type": "Feature", "geometry": {"type": "Polygon", "coordinates": [[[9.62, 44.122], [9.626, 44.122], [9.626, 44.1175], [9.62, 44.1175], [9.62, 44.122]]]}, "properties": {"id": "r24c15", "zone": "Punta Mesco", "band": "sottocosta"}}, {"type": "Feature", "geometry": {"type": "Polygon", "coordinates": [[[9.626, 44.122], [9.632, 44.122], [9.632, 44.1175], [9.626, 44.1175], [9.626, 44.122]]]}, "properties": {"id": "r24c16", "zone": "Punta Mesco", "band": "sottocosta"}}, {"type": "Feature", "geometry": {"type": "Polygon", "coordinates": [[[9.632, 44.122], [9.638, 44.122], [9.638, 44.1175], [9.632, 44.1175], [9.632, 44.122]]]}, "properties": {"id": "r24c17", "zone": "Punta Mesco", "band": "sottocosta"}}, {"type": "Feature", "geometry": {"type": "Polygon", "coordinates": [[[9.638, 44.122], [9.644, 44.122], [9.644, 44.1175], [9.638, 44.1175], [9.638, 44.122]]]}, "properties": {"id": "r24c18", "zone": "Punta Mesco", "band": "sottocosta"}}, {"type": "Feature", "geometry": {"type": "Polygon", "coordinates": [[[9.644, 44.122], [9.65, 44.122], [9.65, 44.1175], [9.644, 44.1175], [9.644, 44.122]]]}, "properties": {"id": "r24c19", "zone": "Punta Mesco", "band": "sottocosta"}}, {"type": "Feature", "geometry": {"type": "Polygon", "coordinates": [[[9.649999999999999, 44.122], [9.655999999999999, 44.122], [9.655999999999999, 44.1175], [9.649999999999999, 44.1175], [9.649999999999999, 44.122]]]}, "properties": {"id": "r24c20", "zone": "Monterosso", "band": "largo"}}, {"type": "Feature", "geometry": {"type": "Polygon", "coordinates": [[[9.655999999999999, 44.122], [9.661999999999999, 44.122], [9.661999999999999, 44.1175], [9.655999999999999, 44.1175], [9.655999999999999, 44.122]]]}, "properties": {"id": "r24c21", "zone": "Monterosso", "band": "largo"}}, {"type": "Feature", "geometry": {"type": "Polygon", "coordinates": [[[9.661999999999999, 44.122], [9.668, 44.122], [9.668, 44.1175], [9.661999999999999, 44.1175], [9.661999999999999, 44.122]]]}, "properties": {"id": "r24c22", "zone": "Monterosso", "band": "largo"}}, {"type": "Feature", "geometry": {"type": "Polygon", "coordinates": [[[9.668, 44.122], [9.674, 44.122], [9.674, 44.1175], [9.668, 44.1175], [9.668, 44.122]]]}, "properties": {"id": "r24c23", "zone": "Monterosso", "band": "sottocosta"}}, {"type": "Feature", "geometry": {"type": "Polygon", "coordinates": [[[9.674, 44.122], [9.68, 44.122], [9.68, 44.1175], [9.674, 44.1175], [9.674, 44.122]]]}, "properties": {"id": "r24c24", "zone": "Vernazza", "band": "sottocosta"}}, {"type": "Feature", "geometry": {"type": "Polygon", "coordinates": [[[9.68, 44.122], [9.686, 44.122], [9.686, 44.1175], [9.68, 44.1175], [9.68, 44.122]]]}, "properties": {"id": "r24c25", "zone": "Vernazza", "band": "sottocosta"}}, {"type": "Feature", "geometry": {"type": "Polygon", "coordinates": [[[9.686, 44.122], [9.692, 44.122], [9.692, 44.1175], [9.686, 44.1175], [9.686, 44.122]]]}, "properties": {"id": "r24c26", "zone": "Vernazza", "band": "sottocosta"}}, {"type": "Feature", "geometry": {"type": "Polygon", "coordinates": [[[9.692, 44.122], [9.698, 44.122], [9.698, 44.1175], [9.692, 44.1175], [9.692, 44.122]]]}, "properties": {"id": "r24c27", "zone": "Vernazza", "band": "sottocosta"}}, {"type": "Feature", "geometry": {"type": "Polygon", "coordinates": [[[9.697999999999999, 44.122], [9.703999999999999, 44.122], [9.703999999999999, 44.1175], [9.697999999999999, 44.1175], [9.697999999999999, 44.122]]]}, "properties": {"id": "r24c28", "zone": "Corniglia", "band": "riva"}}, {"type": "Feature", "geometry": {"type": "Polygon", "coordinates": [[[9.703999999999999, 44.122], [9.709999999999999, 44.122], [9.709999999999999, 44.1175], [9.703999999999999, 44.1175], [9.703999999999999, 44.122]]]}, "properties": {"id": "r24c29", "zone": "Corniglia", "band": "riva"}}, {"type": "Feature", "geometry": {"type": "Polygon", "coordinates": [[[9.578, 44.1175], [9.584, 44.1175], [9.584, 44.113], [9.578, 44.113], [9.578, 44.1175]]]}, "properties": {"id": "r25c8", "zone": "Punta Mesco", "band": "largo"}}, {"type": "Feature", "geometry": {"type": "Polygon", "coordinates": [[[9.584, 44.1175], [9.59, 44.1175], [9.59, 44.113], [9.584, 44.113], [9.584, 44.1175]]]}, "properties": {"id": "r25c9", "zone": "Punta Mesco", "band": "largo"}}, {"type": "Feature", "geometry": {"type": "Polygon", "coordinates": [[[9.59, 44.1175], [9.596, 44.1175], [9.596, 44.113], [9.59, 44.113], [9.59, 44.1175]]]}, "properties": {"id": "r25c10", "zone": "Punta Mesco", "band": "largo"}}, {"type": "Feature", "geometry": {"type": "Polygon", "coordinates": [[[9.596, 44.1175], [9.602, 44.1175], [9.602, 44.113], [9.596, 44.113], [9.596, 44.1175]]]}, "properties": {"id": "r25c11", "zone": "Punta Mesco", "band": "largo"}}, {"type": "Feature", "geometry": {"type": "Polygon", "coordinates": [[[9.601999999999999, 44.1175], [9.607999999999999, 44.1175], [9.607999999999999, 44.113], [9.601999999999999, 44.113], [9.601999999999999, 44.1175]]]}, "properties": {"id": "r25c12", "zone": "Punta Mesco", "band": "largo"}}, {"type": "Feature", "geometry": {"type": "Polygon", "coordinates": [[[9.607999999999999, 44.1175], [9.613999999999999, 44.1175], [9.613999999999999, 44.113], [9.607999999999999, 44.113], [9.607999999999999, 44.1175]]]}, "properties": {"id": "r25c13", "zone": "Punta Mesco", "band": "largo"}}, {"type": "Feature", "geometry": {"type": "Polygon", "coordinates": [[[9.613999999999999, 44.1175], [9.62, 44.1175], [9.62, 44.113], [9.613999999999999, 44.113], [9.613999999999999, 44.1175]]]}, "properties": {"id": "r25c14", "zone": "Punta Mesco", "band": "largo"}}, {"type": "Feature", "geometry": {"type": "Polygon", "coordinates": [[[9.62, 44.1175], [9.626, 44.1175], [9.626, 44.113], [9.62, 44.113], [9.62, 44.1175]]]}, "properties": {"id": "r25c15", "zone": "Punta Mesco", "band": "largo"}}, {"type": "Feature", "geometry": {"type": "Polygon", "coordinates": [[[9.626, 44.1175], [9.632, 44.1175], [9.632, 44.113], [9.626, 44.113], [9.626, 44.1175]]]}, "properties": {"id": "r25c16", "zone": "Punta Mesco", "band": "sottocosta"}}, {"type": "Feature", "geometry": {"type": "Polygon", "coordinates": [[[9.632, 44.1175], [9.638, 44.1175], [9.638, 44.113], [9.632, 44.113], [9.632, 44.1175]]]}, "properties": {"id": "r25c17", "zone": "Punta Mesco", "band": "sottocosta"}}, {"type": "Feature", "geometry": {"type": "Polygon", "coordinates": [[[9.638, 44.1175], [9.644, 44.1175], [9.644, 44.113], [9.638, 44.113], [9.638, 44.1175]]]}, "properties": {"id": "r25c18", "zone": "Punta Mesco", "band": "sottocosta"}}, {"type": "Feature", "geometry": {"type": "Polygon", "coordinates": [[[9.644, 44.1175], [9.65, 44.1175], [9.65, 44.113], [9.644, 44.113], [9.644, 44.1175]]]}, "properties": {"id": "r25c19", "zone": "Punta Mesco", "band": "sottocosta"}}, {"type": "Feature", "geometry": {"type": "Polygon", "coordinates": [[[9.649999999999999, 44.1175], [9.655999999999999, 44.1175], [9.655999999999999, 44.113], [9.649999999999999, 44.113], [9.649999999999999, 44.1175]]]}, "properties": {"id": "r25c20", "zone": "Monterosso", "band": "largo"}}, {"type": "Feature", "geometry": {"type": "Polygon", "coordinates": [[[9.655999999999999, 44.1175], [9.661999999999999, 44.1175], [9.661999999999999, 44.113], [9.655999999999999, 44.113], [9.655999999999999, 44.1175]]]}, "properties": {"id": "r25c21", "zone": "Monterosso", "band": "largo"}}, {"type": "Feature", "geometry": {"type": "Polygon", "coordinates": [[[9.661999999999999, 44.1175], [9.668, 44.1175], [9.668, 44.113], [9.661999999999999, 44.113], [9.661999999999999, 44.1175]]]}, "properties": {"id": "r25c22", "zone": "Monterosso", "band": "largo"}}, {"type": "Feature", "geometry": {"type": "Polygon", "coordinates": [[[9.668, 44.1175], [9.674, 44.1175], [9.674, 44.113], [9.668, 44.113], [9.668, 44.1175]]]}, "properties": {"id": "r25c23", "zone": "Monterosso", "band": "largo"}}, {"type": "Feature", "geometry": {"type": "Polygon", "coordinates": [[[9.674, 44.1175], [9.68, 44.1175], [9.68, 44.113], [9.674, 44.113], [9.674, 44.1175]]]}, "properties": {"id": "r25c24", "zone": "Vernazza", "band": "largo"}}, {"type": "Feature", "geometry": {"type": "Polygon", "coordinates": [[[9.68, 44.1175], [9.686, 44.1175], [9.686, 44.113], [9.68, 44.113], [9.68, 44.1175]]]}, "properties": {"id": "r25c25", "zone": "Vernazza", "band": "sottocosta"}}, {"type": "Feature", "geometry": {"type": "Polygon", "coordinates": [[[9.686, 44.1175], [9.692, 44.1175], [9.692, 44.113], [9.686, 44.113], [9.686, 44.1175]]]}, "properties": {"id": "r25c26", "zone": "Vernazza", "band": "sottocosta"}}, {"type": "Feature", "geometry": {"type": "Polygon", "coordinates": [[[9.692, 44.1175], [9.698, 44.1175], [9.698, 44.113], [9.692, 44.113], [9.692, 44.1175]]]}, "properties": {"id": "r25c27", "zone": "Vernazza", "band": "sottocosta"}}, {"type": "Feature", "geometry": {"type": "Polygon", "coordinates": [[[9.697999999999999, 44.1175], [9.703999999999999, 44.1175], [9.703999999999999, 44.113], [9.697999999999999, 44.113], [9.697999999999999, 44.1175]]]}, "properties": {"id": "r25c28", "zone": "Corniglia", "band": "riva"}}, {"type": "Feature", "geometry": {"type": "Polygon", "coordinates": [[[9.703999999999999, 44.1175], [9.709999999999999, 44.1175], [9.709999999999999, 44.113], [9.703999999999999, 44.113], [9.703999999999999, 44.1175]]]}, "properties": {"id": "r25c29", "zone": "Corniglia", "band": "riva"}}, {"type": "Feature", "geometry": {"type": "Polygon", "coordinates": [[[9.709999999999999, 44.1175], [9.716, 44.1175], [9.716, 44.113], [9.709999999999999, 44.113], [9.709999999999999, 44.1175]]]}, "properties": {"id": "r25c30", "zone": "Corniglia", "band": "riva"}}, {"type": "Feature", "geometry": {"type": "Polygon", "coordinates": [[[9.716, 44.1175], [9.722, 44.1175], [9.722, 44.113], [9.716, 44.113], [9.716, 44.1175]]]}, "properties": {"id": "r25c31", "zone": "Corniglia", "band": "riva"}}, {"type": "Feature", "geometry": {"type": "Polygon", "coordinates": [[[9.584, 44.113], [9.59, 44.113], [9.59, 44.1085], [9.584, 44.1085], [9.584, 44.113]]]}, "properties": {"id": "r26c9", "zone": "Punta Mesco", "band": "largo"}}, {"type": "Feature", "geometry": {"type": "Polygon", "coordinates": [[[9.59, 44.113], [9.596, 44.113], [9.596, 44.1085], [9.59, 44.1085], [9.59, 44.113]]]}, "properties": {"id": "r26c10", "zone": "Punta Mesco", "band": "largo"}}, {"type": "Feature", "geometry": {"type": "Polygon", "coordinates": [[[9.596, 44.113], [9.602, 44.113], [9.602, 44.1085], [9.596, 44.1085], [9.596, 44.113]]]}, "properties": {"id": "r26c11", "zone": "Punta Mesco", "band": "largo"}}, {"type": "Feature", "geometry": {"type": "Polygon", "coordinates": [[[9.601999999999999, 44.113], [9.607999999999999, 44.113], [9.607999999999999, 44.1085], [9.601999999999999, 44.1085], [9.601999999999999, 44.113]]]}, "properties": {"id": "r26c12", "zone": "Punta Mesco", "band": "largo"}}, {"type": "Feature", "geometry": {"type": "Polygon", "coordinates": [[[9.607999999999999, 44.113], [9.613999999999999, 44.113], [9.613999999999999, 44.1085], [9.607999999999999, 44.1085], [9.607999999999999, 44.113]]]}, "properties": {"id": "r26c13", "zone": "Punta Mesco", "band": "largo"}}, {"type": "Feature", "geometry": {"type": "Polygon", "coordinates": [[[9.613999999999999, 44.113], [9.62, 44.113], [9.62, 44.1085], [9.613999999999999, 44.1085], [9.613999999999999, 44.113]]]}, "properties": {"id": "r26c14", "zone": "Punta Mesco", "band": "largo"}}, {"type": "Feature", "geometry": {"type": "Polygon", "coordinates": [[[9.62, 44.113], [9.626, 44.113], [9.626, 44.1085], [9.62, 44.1085], [9.62, 44.113]]]}, "properties": {"id": "r26c15", "zone": "Punta Mesco", "band": "largo"}}, {"type": "Feature", "geometry": {"type": "Polygon", "coordinates": [[[9.626, 44.113], [9.632, 44.113], [9.632, 44.1085], [9.626, 44.1085], [9.626, 44.113]]]}, "properties": {"id": "r26c16", "zone": "Punta Mesco", "band": "largo"}}, {"type": "Feature", "geometry": {"type": "Polygon", "coordinates": [[[9.632, 44.113], [9.638, 44.113], [9.638, 44.1085], [9.632, 44.1085], [9.632, 44.113]]]}, "properties": {"id": "r26c17", "zone": "Punta Mesco", "band": "largo"}}, {"type": "Feature", "geometry": {"type": "Polygon", "coordinates": [[[9.638, 44.113], [9.644, 44.113], [9.644, 44.1085], [9.638, 44.1085], [9.638, 44.113]]]}, "properties": {"id": "r26c18", "zone": "Punta Mesco", "band": "largo"}}, {"type": "Feature", "geometry": {"type": "Polygon", "coordinates": [[[9.644, 44.113], [9.65, 44.113], [9.65, 44.1085], [9.644, 44.1085], [9.644, 44.113]]]}, "properties": {"id": "r26c19", "zone": "Punta Mesco", "band": "largo"}}, {"type": "Feature", "geometry": {"type": "Polygon", "coordinates": [[[9.649999999999999, 44.113], [9.655999999999999, 44.113], [9.655999999999999, 44.1085], [9.649999999999999, 44.1085], [9.649999999999999, 44.113]]]}, "properties": {"id": "r26c20", "zone": "Monterosso", "band": "largo"}}, {"type": "Feature", "geometry": {"type": "Polygon", "coordinates": [[[9.655999999999999, 44.113], [9.661999999999999, 44.113], [9.661999999999999, 44.1085], [9.655999999999999, 44.1085], [9.655999999999999, 44.113]]]}, "properties": {"id": "r26c21", "zone": "Monterosso", "band": "largo"}}, {"type": "Feature", "geometry": {"type": "Polygon", "coordinates": [[[9.661999999999999, 44.113], [9.668, 44.113], [9.668, 44.1085], [9.661999999999999, 44.1085], [9.661999999999999, 44.113]]]}, "properties": {"id": "r26c22", "zone": "Monterosso", "band": "largo"}}, {"type": "Feature", "geometry": {"type": "Polygon", "coordinates": [[[9.668, 44.113], [9.674, 44.113], [9.674, 44.1085], [9.668, 44.1085], [9.668, 44.113]]]}, "properties": {"id": "r26c23", "zone": "Monterosso", "band": "largo"}}, {"type": "Feature", "geometry": {"type": "Polygon", "coordinates": [[[9.674, 44.113], [9.68, 44.113], [9.68, 44.1085], [9.674, 44.1085], [9.674, 44.113]]]}, "properties": {"id": "r26c24", "zone": "Vernazza", "band": "largo"}}, {"type": "Feature", "geometry": {"type": "Polygon", "coordinates": [[[9.68, 44.113], [9.686, 44.113], [9.686, 44.1085], [9.68, 44.1085], [9.68, 44.113]]]}, "properties": {"id": "r26c25", "zone": "Vernazza", "band": "largo"}}, {"type": "Feature", "geometry": {"type": "Polygon", "coordinates": [[[9.686, 44.113], [9.692, 44.113], [9.692, 44.1085], [9.686, 44.1085], [9.686, 44.113]]]}, "properties": {"id": "r26c26", "zone": "Vernazza", "band": "sottocosta"}}, {"type": "Feature", "geometry": {"type": "Polygon", "coordinates": [[[9.692, 44.113], [9.698, 44.113], [9.698, 44.1085], [9.692, 44.1085], [9.692, 44.113]]]}, "properties": {"id": "r26c27", "zone": "Vernazza", "band": "sottocosta"}}, {"type": "Feature", "geometry": {"type": "Polygon", "coordinates": [[[9.697999999999999, 44.113], [9.703999999999999, 44.113], [9.703999999999999, 44.1085], [9.697999999999999, 44.1085], [9.697999999999999, 44.113]]]}, "properties": {"id": "r26c28", "zone": "Corniglia", "band": "sottocosta"}}, {"type": "Feature", "geometry": {"type": "Polygon", "coordinates": [[[9.703999999999999, 44.113], [9.709999999999999, 44.113], [9.709999999999999, 44.1085], [9.703999999999999, 44.1085], [9.703999999999999, 44.113]]]}, "properties": {"id": "r26c29", "zone": "Corniglia", "band": "sottocosta"}}, {"type": "Feature", "geometry": {"type": "Polygon", "coordinates": [[[9.709999999999999, 44.113], [9.716, 44.113], [9.716, 44.1085], [9.709999999999999, 44.1085], [9.709999999999999, 44.113]]]}, "properties": {"id": "r26c30", "zone": "Corniglia", "band": "sottocosta"}}, {"type": "Feature", "geometry": {"type": "Polygon", "coordinates": [[[9.716, 44.113], [9.722, 44.113], [9.722, 44.1085], [9.716, 44.1085], [9.716, 44.113]]]}, "properties": {"id": "r26c31", "zone": "Corniglia", "band": "riva"}}, {"type": "Feature", "geometry": {"type": "Polygon", "coordinates": [[[9.722, 44.113], [9.728, 44.113], [9.728, 44.1085], [9.722, 44.1085], [9.722, 44.113]]]}, "properties": {"id": "r26c32", "zone": "Manarola", "band": "riva"}}, {"type": "Feature", "geometry": {"type": "Polygon", "coordinates": [[[9.59, 44.1085], [9.596, 44.1085], [9.596, 44.104], [9.59, 44.104], [9.59, 44.1085]]]}, "properties": {"id": "r27c10", "zone": "Punta Mesco", "band": "largo"}}, {"type": "Feature", "geometry": {"type": "Polygon", "coordinates": [[[9.596, 44.1085], [9.602, 44.1085], [9.602, 44.104], [9.596, 44.104], [9.596, 44.1085]]]}, "properties": {"id": "r27c11", "zone": "Punta Mesco", "band": "largo"}}, {"type": "Feature", "geometry": {"type": "Polygon", "coordinates": [[[9.601999999999999, 44.1085], [9.607999999999999, 44.1085], [9.607999999999999, 44.104], [9.601999999999999, 44.104], [9.601999999999999, 44.1085]]]}, "properties": {"id": "r27c12", "zone": "Punta Mesco", "band": "largo"}}, {"type": "Feature", "geometry": {"type": "Polygon", "coordinates": [[[9.607999999999999, 44.1085], [9.613999999999999, 44.1085], [9.613999999999999, 44.104], [9.607999999999999, 44.104], [9.607999999999999, 44.1085]]]}, "properties": {"id": "r27c13", "zone": "Punta Mesco", "band": "largo"}}, {"type": "Feature", "geometry": {"type": "Polygon", "coordinates": [[[9.613999999999999, 44.1085], [9.62, 44.1085], [9.62, 44.104], [9.613999999999999, 44.104], [9.613999999999999, 44.1085]]]}, "properties": {"id": "r27c14", "zone": "Punta Mesco", "band": "largo"}}, {"type": "Feature", "geometry": {"type": "Polygon", "coordinates": [[[9.62, 44.1085], [9.626, 44.1085], [9.626, 44.104], [9.62, 44.104], [9.62, 44.1085]]]}, "properties": {"id": "r27c15", "zone": "Punta Mesco", "band": "largo"}}, {"type": "Feature", "geometry": {"type": "Polygon", "coordinates": [[[9.626, 44.1085], [9.632, 44.1085], [9.632, 44.104], [9.626, 44.104], [9.626, 44.1085]]]}, "properties": {"id": "r27c16", "zone": "Punta Mesco", "band": "largo"}}, {"type": "Feature", "geometry": {"type": "Polygon", "coordinates": [[[9.632, 44.1085], [9.638, 44.1085], [9.638, 44.104], [9.632, 44.104], [9.632, 44.1085]]]}, "properties": {"id": "r27c17", "zone": "Punta Mesco", "band": "largo"}}, {"type": "Feature", "geometry": {"type": "Polygon", "coordinates": [[[9.638, 44.1085], [9.644, 44.1085], [9.644, 44.104], [9.638, 44.104], [9.638, 44.1085]]]}, "properties": {"id": "r27c18", "zone": "Punta Mesco", "band": "largo"}}, {"type": "Feature", "geometry": {"type": "Polygon", "coordinates": [[[9.644, 44.1085], [9.65, 44.1085], [9.65, 44.104], [9.644, 44.104], [9.644, 44.1085]]]}, "properties": {"id": "r27c19", "zone": "Punta Mesco", "band": "largo"}}, {"type": "Feature", "geometry": {"type": "Polygon", "coordinates": [[[9.649999999999999, 44.1085], [9.655999999999999, 44.1085], [9.655999999999999, 44.104], [9.649999999999999, 44.104], [9.649999999999999, 44.1085]]]}, "properties": {"id": "r27c20", "zone": "Monterosso", "band": "largo"}}, {"type": "Feature", "geometry": {"type": "Polygon", "coordinates": [[[9.655999999999999, 44.1085], [9.661999999999999, 44.1085], [9.661999999999999, 44.104], [9.655999999999999, 44.104], [9.655999999999999, 44.1085]]]}, "properties": {"id": "r27c21", "zone": "Monterosso", "band": "largo"}}, {"type": "Feature", "geometry": {"type": "Polygon", "coordinates": [[[9.661999999999999, 44.1085], [9.668, 44.1085], [9.668, 44.104], [9.661999999999999, 44.104], [9.661999999999999, 44.1085]]]}, "properties": {"id": "r27c22", "zone": "Monterosso", "band": "largo"}}, {"type": "Feature", "geometry": {"type": "Polygon", "coordinates": [[[9.668, 44.1085], [9.674, 44.1085], [9.674, 44.104], [9.668, 44.104], [9.668, 44.1085]]]}, "properties": {"id": "r27c23", "zone": "Monterosso", "band": "largo"}}, {"type": "Feature", "geometry": {"type": "Polygon", "coordinates": [[[9.674, 44.1085], [9.68, 44.1085], [9.68, 44.104], [9.674, 44.104], [9.674, 44.1085]]]}, "properties": {"id": "r27c24", "zone": "Vernazza", "band": "largo"}}, {"type": "Feature", "geometry": {"type": "Polygon", "coordinates": [[[9.68, 44.1085], [9.686, 44.1085], [9.686, 44.104], [9.68, 44.104], [9.68, 44.1085]]]}, "properties": {"id": "r27c25", "zone": "Vernazza", "band": "largo"}}, {"type": "Feature", "geometry": {"type": "Polygon", "coordinates": [[[9.686, 44.1085], [9.692, 44.1085], [9.692, 44.104], [9.686, 44.104], [9.686, 44.1085]]]}, "properties": {"id": "r27c26", "zone": "Vernazza", "band": "largo"}}, {"type": "Feature", "geometry": {"type": "Polygon", "coordinates": [[[9.692, 44.1085], [9.698, 44.1085], [9.698, 44.104], [9.692, 44.104], [9.692, 44.1085]]]}, "properties": {"id": "r27c27", "zone": "Vernazza", "band": "sottocosta"}}, {"type": "Feature", "geometry": {"type": "Polygon", "coordinates": [[[9.697999999999999, 44.1085], [9.703999999999999, 44.1085], [9.703999999999999, 44.104], [9.697999999999999, 44.104], [9.697999999999999, 44.1085]]]}, "properties": {"id": "r27c28", "zone": "Corniglia", "band": "sottocosta"}}, {"type": "Feature", "geometry": {"type": "Polygon", "coordinates": [[[9.703999999999999, 44.1085], [9.709999999999999, 44.1085], [9.709999999999999, 44.104], [9.703999999999999, 44.104], [9.703999999999999, 44.1085]]]}, "properties": {"id": "r27c29", "zone": "Corniglia", "band": "sottocosta"}}, {"type": "Feature", "geometry": {"type": "Polygon", "coordinates": [[[9.709999999999999, 44.1085], [9.716, 44.1085], [9.716, 44.104], [9.709999999999999, 44.104], [9.709999999999999, 44.1085]]]}, "properties": {"id": "r27c30", "zone": "Corniglia", "band": "sottocosta"}}, {"type": "Feature", "geometry": {"type": "Polygon", "coordinates": [[[9.716, 44.1085], [9.722, 44.1085], [9.722, 44.104], [9.716, 44.104], [9.716, 44.1085]]]}, "properties": {"id": "r27c31", "zone": "Corniglia", "band": "sottocosta"}}, {"type": "Feature", "geometry": {"type": "Polygon", "coordinates": [[[9.722, 44.1085], [9.728, 44.1085], [9.728, 44.104], [9.722, 44.104], [9.722, 44.1085]]]}, "properties": {"id": "r27c32", "zone": "Manarola", "band": "riva"}}, {"type": "Feature", "geometry": {"type": "Polygon", "coordinates": [[[9.596, 44.104], [9.602, 44.104], [9.602, 44.0995], [9.596, 44.0995], [9.596, 44.104]]]}, "properties": {"id": "r28c11", "zone": "Punta Mesco", "band": "largo"}}, {"type": "Feature", "geometry": {"type": "Polygon", "coordinates": [[[9.601999999999999, 44.104], [9.607999999999999, 44.104], [9.607999999999999, 44.0995], [9.601999999999999, 44.0995], [9.601999999999999, 44.104]]]}, "properties": {"id": "r28c12", "zone": "Punta Mesco", "band": "largo"}}, {"type": "Feature", "geometry": {"type": "Polygon", "coordinates": [[[9.607999999999999, 44.104], [9.613999999999999, 44.104], [9.613999999999999, 44.0995], [9.607999999999999, 44.0995], [9.607999999999999, 44.104]]]}, "properties": {"id": "r28c13", "zone": "Punta Mesco", "band": "largo"}}, {"type": "Feature", "geometry": {"type": "Polygon", "coordinates": [[[9.613999999999999, 44.104], [9.62, 44.104], [9.62, 44.0995], [9.613999999999999, 44.0995], [9.613999999999999, 44.104]]]}, "properties": {"id": "r28c14", "zone": "Punta Mesco", "band": "largo"}}, {"type": "Feature", "geometry": {"type": "Polygon", "coordinates": [[[9.62, 44.104], [9.626, 44.104], [9.626, 44.0995], [9.62, 44.0995], [9.62, 44.104]]]}, "properties": {"id": "r28c15", "zone": "Punta Mesco", "band": "largo"}}, {"type": "Feature", "geometry": {"type": "Polygon", "coordinates": [[[9.626, 44.104], [9.632, 44.104], [9.632, 44.0995], [9.626, 44.0995], [9.626, 44.104]]]}, "properties": {"id": "r28c16", "zone": "Punta Mesco", "band": "largo"}}, {"type": "Feature", "geometry": {"type": "Polygon", "coordinates": [[[9.632, 44.104], [9.638, 44.104], [9.638, 44.0995], [9.632, 44.0995], [9.632, 44.104]]]}, "properties": {"id": "r28c17", "zone": "Punta Mesco", "band": "largo"}}, {"type": "Feature", "geometry": {"type": "Polygon", "coordinates": [[[9.638, 44.104], [9.644, 44.104], [9.644, 44.0995], [9.638, 44.0995], [9.638, 44.104]]]}, "properties": {"id": "r28c18", "zone": "Punta Mesco", "band": "largo"}}, {"type": "Feature", "geometry": {"type": "Polygon", "coordinates": [[[9.644, 44.104], [9.65, 44.104], [9.65, 44.0995], [9.644, 44.0995], [9.644, 44.104]]]}, "properties": {"id": "r28c19", "zone": "Punta Mesco", "band": "largo"}}, {"type": "Feature", "geometry": {"type": "Polygon", "coordinates": [[[9.649999999999999, 44.104], [9.655999999999999, 44.104], [9.655999999999999, 44.0995], [9.649999999999999, 44.0995], [9.649999999999999, 44.104]]]}, "properties": {"id": "r28c20", "zone": "Monterosso", "band": "largo"}}, {"type": "Feature", "geometry": {"type": "Polygon", "coordinates": [[[9.655999999999999, 44.104], [9.661999999999999, 44.104], [9.661999999999999, 44.0995], [9.655999999999999, 44.0995], [9.655999999999999, 44.104]]]}, "properties": {"id": "r28c21", "zone": "Monterosso", "band": "largo"}}, {"type": "Feature", "geometry": {"type": "Polygon", "coordinates": [[[9.661999999999999, 44.104], [9.668, 44.104], [9.668, 44.0995], [9.661999999999999, 44.0995], [9.661999999999999, 44.104]]]}, "properties": {"id": "r28c22", "zone": "Monterosso", "band": "largo"}}, {"type": "Feature", "geometry": {"type": "Polygon", "coordinates": [[[9.668, 44.104], [9.674, 44.104], [9.674, 44.0995], [9.668, 44.0995], [9.668, 44.104]]]}, "properties": {"id": "r28c23", "zone": "Monterosso", "band": "largo"}}, {"type": "Feature", "geometry": {"type": "Polygon", "coordinates": [[[9.674, 44.104], [9.68, 44.104], [9.68, 44.0995], [9.674, 44.0995], [9.674, 44.104]]]}, "properties": {"id": "r28c24", "zone": "Vernazza", "band": "largo"}}, {"type": "Feature", "geometry": {"type": "Polygon", "coordinates": [[[9.68, 44.104], [9.686, 44.104], [9.686, 44.0995], [9.68, 44.0995], [9.68, 44.104]]]}, "properties": {"id": "r28c25", "zone": "Vernazza", "band": "largo"}}, {"type": "Feature", "geometry": {"type": "Polygon", "coordinates": [[[9.686, 44.104], [9.692, 44.104], [9.692, 44.0995], [9.686, 44.0995], [9.686, 44.104]]]}, "properties": {"id": "r28c26", "zone": "Vernazza", "band": "largo"}}, {"type": "Feature", "geometry": {"type": "Polygon", "coordinates": [[[9.692, 44.104], [9.698, 44.104], [9.698, 44.0995], [9.692, 44.0995], [9.692, 44.104]]]}, "properties": {"id": "r28c27", "zone": "Vernazza", "band": "largo"}}, {"type": "Feature", "geometry": {"type": "Polygon", "coordinates": [[[9.697999999999999, 44.104], [9.703999999999999, 44.104], [9.703999999999999, 44.0995], [9.697999999999999, 44.0995], [9.697999999999999, 44.104]]]}, "properties": {"id": "r28c28", "zone": "Corniglia", "band": "largo"}}, {"type": "Feature", "geometry": {"type": "Polygon", "coordinates": [[[9.703999999999999, 44.104], [9.709999999999999, 44.104], [9.709999999999999, 44.0995], [9.703999999999999, 44.0995], [9.703999999999999, 44.104]]]}, "properties": {"id": "r28c29", "zone": "Corniglia", "band": "sottocosta"}}, {"type": "Feature", "geometry": {"type": "Polygon", "coordinates": [[[9.709999999999999, 44.104], [9.716, 44.104], [9.716, 44.0995], [9.709999999999999, 44.0995], [9.709999999999999, 44.104]]]}, "properties": {"id": "r28c30", "zone": "Corniglia", "band": "sottocosta"}}, {"type": "Feature", "geometry": {"type": "Polygon", "coordinates": [[[9.716, 44.104], [9.722, 44.104], [9.722, 44.0995], [9.716, 44.0995], [9.716, 44.104]]]}, "properties": {"id": "r28c31", "zone": "Corniglia", "band": "sottocosta"}}, {"type": "Feature", "geometry": {"type": "Polygon", "coordinates": [[[9.722, 44.104], [9.728, 44.104], [9.728, 44.0995], [9.722, 44.0995], [9.722, 44.104]]]}, "properties": {"id": "r28c32", "zone": "Manarola", "band": "riva"}}, {"type": "Feature", "geometry": {"type": "Polygon", "coordinates": [[[9.728, 44.104], [9.734, 44.104], [9.734, 44.0995], [9.728, 44.0995], [9.728, 44.104]]]}, "properties": {"id": "r28c33", "zone": "Manarola", "band": "riva"}}, {"type": "Feature", "geometry": {"type": "Polygon", "coordinates": [[[9.601999999999999, 44.0995], [9.607999999999999, 44.0995], [9.607999999999999, 44.095], [9.601999999999999, 44.095], [9.601999999999999, 44.0995]]]}, "properties": {"id": "r29c12", "zone": "Punta Mesco", "band": "largo"}}, {"type": "Feature", "geometry": {"type": "Polygon", "coordinates": [[[9.607999999999999, 44.0995], [9.613999999999999, 44.0995], [9.613999999999999, 44.095], [9.607999999999999, 44.095], [9.607999999999999, 44.0995]]]}, "properties": {"id": "r29c13", "zone": "Punta Mesco", "band": "largo"}}, {"type": "Feature", "geometry": {"type": "Polygon", "coordinates": [[[9.613999999999999, 44.0995], [9.62, 44.0995], [9.62, 44.095], [9.613999999999999, 44.095], [9.613999999999999, 44.0995]]]}, "properties": {"id": "r29c14", "zone": "Punta Mesco", "band": "largo"}}, {"type": "Feature", "geometry": {"type": "Polygon", "coordinates": [[[9.62, 44.0995], [9.626, 44.0995], [9.626, 44.095], [9.62, 44.095], [9.62, 44.0995]]]}, "properties": {"id": "r29c15", "zone": "Punta Mesco", "band": "largo"}}, {"type": "Feature", "geometry": {"type": "Polygon", "coordinates": [[[9.626, 44.0995], [9.632, 44.0995], [9.632, 44.095], [9.626, 44.095], [9.626, 44.0995]]]}, "properties": {"id": "r29c16", "zone": "Punta Mesco", "band": "largo"}}, {"type": "Feature", "geometry": {"type": "Polygon", "coordinates": [[[9.632, 44.0995], [9.638, 44.0995], [9.638, 44.095], [9.632, 44.095], [9.632, 44.0995]]]}, "properties": {"id": "r29c17", "zone": "Punta Mesco", "band": "largo"}}, {"type": "Feature", "geometry": {"type": "Polygon", "coordinates": [[[9.638, 44.0995], [9.644, 44.0995], [9.644, 44.095], [9.638, 44.095], [9.638, 44.0995]]]}, "properties": {"id": "r29c18", "zone": "Punta Mesco", "band": "largo"}}, {"type": "Feature", "geometry": {"type": "Polygon", "coordinates": [[[9.644, 44.0995], [9.65, 44.0995], [9.65, 44.095], [9.644, 44.095], [9.644, 44.0995]]]}, "properties": {"id": "r29c19", "zone": "Punta Mesco", "band": "largo"}}, {"type": "Feature", "geometry": {"type": "Polygon", "coordinates": [[[9.649999999999999, 44.0995], [9.655999999999999, 44.0995], [9.655999999999999, 44.095], [9.649999999999999, 44.095], [9.649999999999999, 44.0995]]]}, "properties": {"id": "r29c20", "zone": "Monterosso", "band": "largo"}}, {"type": "Feature", "geometry": {"type": "Polygon", "coordinates": [[[9.655999999999999, 44.0995], [9.661999999999999, 44.0995], [9.661999999999999, 44.095], [9.655999999999999, 44.095], [9.655999999999999, 44.0995]]]}, "properties": {"id": "r29c21", "zone": "Monterosso", "band": "largo"}}, {"type": "Feature", "geometry": {"type": "Polygon", "coordinates": [[[9.661999999999999, 44.0995], [9.668, 44.0995], [9.668, 44.095], [9.661999999999999, 44.095], [9.661999999999999, 44.0995]]]}, "properties": {"id": "r29c22", "zone": "Monterosso", "band": "largo"}}, {"type": "Feature", "geometry": {"type": "Polygon", "coordinates": [[[9.668, 44.0995], [9.674, 44.0995], [9.674, 44.095], [9.668, 44.095], [9.668, 44.0995]]]}, "properties": {"id": "r29c23", "zone": "Monterosso", "band": "largo"}}, {"type": "Feature", "geometry": {"type": "Polygon", "coordinates": [[[9.674, 44.0995], [9.68, 44.0995], [9.68, 44.095], [9.674, 44.095], [9.674, 44.0995]]]}, "properties": {"id": "r29c24", "zone": "Vernazza", "band": "largo"}}, {"type": "Feature", "geometry": {"type": "Polygon", "coordinates": [[[9.68, 44.0995], [9.686, 44.0995], [9.686, 44.095], [9.68, 44.095], [9.68, 44.0995]]]}, "properties": {"id": "r29c25", "zone": "Vernazza", "band": "largo"}}, {"type": "Feature", "geometry": {"type": "Polygon", "coordinates": [[[9.686, 44.0995], [9.692, 44.0995], [9.692, 44.095], [9.686, 44.095], [9.686, 44.0995]]]}, "properties": {"id": "r29c26", "zone": "Vernazza", "band": "largo"}}, {"type": "Feature", "geometry": {"type": "Polygon", "coordinates": [[[9.692, 44.0995], [9.698, 44.0995], [9.698, 44.095], [9.692, 44.095], [9.692, 44.0995]]]}, "properties": {"id": "r29c27", "zone": "Vernazza", "band": "largo"}}, {"type": "Feature", "geometry": {"type": "Polygon", "coordinates": [[[9.697999999999999, 44.0995], [9.703999999999999, 44.0995], [9.703999999999999, 44.095], [9.697999999999999, 44.095], [9.697999999999999, 44.0995]]]}, "properties": {"id": "r29c28", "zone": "Corniglia", "band": "largo"}}, {"type": "Feature", "geometry": {"type": "Polygon", "coordinates": [[[9.703999999999999, 44.0995], [9.709999999999999, 44.0995], [9.709999999999999, 44.095], [9.703999999999999, 44.095], [9.703999999999999, 44.0995]]]}, "properties": {"id": "r29c29", "zone": "Corniglia", "band": "largo"}}, {"type": "Feature", "geometry": {"type": "Polygon", "coordinates": [[[9.709999999999999, 44.0995], [9.716, 44.0995], [9.716, 44.095], [9.709999999999999, 44.095], [9.709999999999999, 44.0995]]]}, "properties": {"id": "r29c30", "zone": "Corniglia", "band": "sottocosta"}}, {"type": "Feature", "geometry": {"type": "Polygon", "coordinates": [[[9.716, 44.0995], [9.722, 44.0995], [9.722, 44.095], [9.716, 44.095], [9.716, 44.0995]]]}, "properties": {"id": "r29c31", "zone": "Corniglia", "band": "sottocosta"}}, {"type": "Feature", "geometry": {"type": "Polygon", "coordinates": [[[9.722, 44.0995], [9.728, 44.0995], [9.728, 44.095], [9.722, 44.095], [9.722, 44.0995]]]}, "properties": {"id": "r29c32", "zone": "Manarola", "band": "sottocosta"}}, {"type": "Feature", "geometry": {"type": "Polygon", "coordinates": [[[9.728, 44.0995], [9.734, 44.0995], [9.734, 44.095], [9.728, 44.095], [9.728, 44.0995]]]}, "properties": {"id": "r29c33", "zone": "Manarola", "band": "riva"}}, {"type": "Feature", "geometry": {"type": "Polygon", "coordinates": [[[9.734, 44.0995], [9.74, 44.0995], [9.74, 44.095], [9.734, 44.095], [9.734, 44.0995]]]}, "properties": {"id": "r29c34", "zone": "Riomaggiore", "band": "riva"}}, {"type": "Feature", "geometry": {"type": "Polygon", "coordinates": [[[9.607999999999999, 44.095], [9.613999999999999, 44.095], [9.613999999999999, 44.0905], [9.607999999999999, 44.0905], [9.607999999999999, 44.095]]]}, "properties": {"id": "r30c13", "zone": "Punta Mesco", "band": "largo"}}, {"type": "Feature", "geometry": {"type": "Polygon", "coordinates": [[[9.613999999999999, 44.095], [9.62, 44.095], [9.62, 44.0905], [9.613999999999999, 44.0905], [9.613999999999999, 44.095]]]}, "properties": {"id": "r30c14", "zone": "Punta Mesco", "band": "largo"}}, {"type": "Feature", "geometry": {"type": "Polygon", "coordinates": [[[9.62, 44.095], [9.626, 44.095], [9.626, 44.0905], [9.62, 44.0905], [9.62, 44.095]]]}, "properties": {"id": "r30c15", "zone": "Punta Mesco", "band": "largo"}}, {"type": "Feature", "geometry": {"type": "Polygon", "coordinates": [[[9.626, 44.095], [9.632, 44.095], [9.632, 44.0905], [9.626, 44.0905], [9.626, 44.095]]]}, "properties": {"id": "r30c16", "zone": "Punta Mesco", "band": "largo"}}, {"type": "Feature", "geometry": {"type": "Polygon", "coordinates": [[[9.632, 44.095], [9.638, 44.095], [9.638, 44.0905], [9.632, 44.0905], [9.632, 44.095]]]}, "properties": {"id": "r30c17", "zone": "Punta Mesco", "band": "largo"}}, {"type": "Feature", "geometry": {"type": "Polygon", "coordinates": [[[9.638, 44.095], [9.644, 44.095], [9.644, 44.0905], [9.638, 44.0905], [9.638, 44.095]]]}, "properties": {"id": "r30c18", "zone": "Punta Mesco", "band": "largo"}}, {"type": "Feature", "geometry": {"type": "Polygon", "coordinates": [[[9.644, 44.095], [9.65, 44.095], [9.65, 44.0905], [9.644, 44.0905], [9.644, 44.095]]]}, "properties": {"id": "r30c19", "zone": "Punta Mesco", "band": "largo"}}, {"type": "Feature", "geometry": {"type": "Polygon", "coordinates": [[[9.649999999999999, 44.095], [9.655999999999999, 44.095], [9.655999999999999, 44.0905], [9.649999999999999, 44.0905], [9.649999999999999, 44.095]]]}, "properties": {"id": "r30c20", "zone": "Monterosso", "band": "largo"}}, {"type": "Feature", "geometry": {"type": "Polygon", "coordinates": [[[9.655999999999999, 44.095], [9.661999999999999, 44.095], [9.661999999999999, 44.0905], [9.655999999999999, 44.0905], [9.655999999999999, 44.095]]]}, "properties": {"id": "r30c21", "zone": "Monterosso", "band": "largo"}}, {"type": "Feature", "geometry": {"type": "Polygon", "coordinates": [[[9.661999999999999, 44.095], [9.668, 44.095], [9.668, 44.0905], [9.661999999999999, 44.0905], [9.661999999999999, 44.095]]]}, "properties": {"id": "r30c22", "zone": "Monterosso", "band": "largo"}}, {"type": "Feature", "geometry": {"type": "Polygon", "coordinates": [[[9.668, 44.095], [9.674, 44.095], [9.674, 44.0905], [9.668, 44.0905], [9.668, 44.095]]]}, "properties": {"id": "r30c23", "zone": "Monterosso", "band": "largo"}}, {"type": "Feature", "geometry": {"type": "Polygon", "coordinates": [[[9.674, 44.095], [9.68, 44.095], [9.68, 44.0905], [9.674, 44.0905], [9.674, 44.095]]]}, "properties": {"id": "r30c24", "zone": "Vernazza", "band": "largo"}}, {"type": "Feature", "geometry": {"type": "Polygon", "coordinates": [[[9.68, 44.095], [9.686, 44.095], [9.686, 44.0905], [9.68, 44.0905], [9.68, 44.095]]]}, "properties": {"id": "r30c25", "zone": "Vernazza", "band": "largo"}}, {"type": "Feature", "geometry": {"type": "Polygon", "coordinates": [[[9.686, 44.095], [9.692, 44.095], [9.692, 44.0905], [9.686, 44.0905], [9.686, 44.095]]]}, "properties": {"id": "r30c26", "zone": "Vernazza", "band": "largo"}}, {"type": "Feature", "geometry": {"type": "Polygon", "coordinates": [[[9.692, 44.095], [9.698, 44.095], [9.698, 44.0905], [9.692, 44.0905], [9.692, 44.095]]]}, "properties": {"id": "r30c27", "zone": "Vernazza", "band": "largo"}}, {"type": "Feature", "geometry": {"type": "Polygon", "coordinates": [[[9.697999999999999, 44.095], [9.703999999999999, 44.095], [9.703999999999999, 44.0905], [9.697999999999999, 44.0905], [9.697999999999999, 44.095]]]}, "properties": {"id": "r30c28", "zone": "Corniglia", "band": "largo"}}, {"type": "Feature", "geometry": {"type": "Polygon", "coordinates": [[[9.703999999999999, 44.095], [9.709999999999999, 44.095], [9.709999999999999, 44.0905], [9.703999999999999, 44.0905], [9.703999999999999, 44.095]]]}, "properties": {"id": "r30c29", "zone": "Corniglia", "band": "largo"}}, {"type": "Feature", "geometry": {"type": "Polygon", "coordinates": [[[9.709999999999999, 44.095], [9.716, 44.095], [9.716, 44.0905], [9.709999999999999, 44.0905], [9.709999999999999, 44.095]]]}, "properties": {"id": "r30c30", "zone": "Corniglia", "band": "largo"}}, {"type": "Feature", "geometry": {"type": "Polygon", "coordinates": [[[9.716, 44.095], [9.722, 44.095], [9.722, 44.0905], [9.716, 44.0905], [9.716, 44.095]]]}, "properties": {"id": "r30c31", "zone": "Corniglia", "band": "sottocosta"}}, {"type": "Feature", "geometry": {"type": "Polygon", "coordinates": [[[9.722, 44.095], [9.728, 44.095], [9.728, 44.0905], [9.722, 44.0905], [9.722, 44.095]]]}, "properties": {"id": "r30c32", "zone": "Manarola", "band": "sottocosta"}}, {"type": "Feature", "geometry": {"type": "Polygon", "coordinates": [[[9.728, 44.095], [9.734, 44.095], [9.734, 44.0905], [9.728, 44.0905], [9.728, 44.095]]]}, "properties": {"id": "r30c33", "zone": "Manarola", "band": "sottocosta"}}, {"type": "Feature", "geometry": {"type": "Polygon", "coordinates": [[[9.734, 44.095], [9.74, 44.095], [9.74, 44.0905], [9.734, 44.0905], [9.734, 44.095]]]}, "properties": {"id": "r30c34", "zone": "Riomaggiore", "band": "riva"}}, {"type": "Feature", "geometry": {"type": "Polygon", "coordinates": [[[9.74, 44.095], [9.746, 44.095], [9.746, 44.0905], [9.74, 44.0905], [9.74, 44.095]]]}, "properties": {"id": "r30c35", "zone": "Riomaggiore", "band": "riva"}}, {"type": "Feature", "geometry": {"type": "Polygon", "coordinates": [[[9.613999999999999, 44.0905], [9.62, 44.0905], [9.62, 44.086], [9.613999999999999, 44.086], [9.613999999999999, 44.0905]]]}, "properties": {"id": "r31c14", "zone": "Punta Mesco", "band": "largo"}}, {"type": "Feature", "geometry": {"type": "Polygon", "coordinates": [[[9.62, 44.0905], [9.626, 44.0905], [9.626, 44.086], [9.62, 44.086], [9.62, 44.0905]]]}, "properties": {"id": "r31c15", "zone": "Punta Mesco", "band": "largo"}}, {"type": "Feature", "geometry": {"type": "Polygon", "coordinates": [[[9.626, 44.0905], [9.632, 44.0905], [9.632, 44.086], [9.626, 44.086], [9.626, 44.0905]]]}, "properties": {"id": "r31c16", "zone": "Punta Mesco", "band": "largo"}}, {"type": "Feature", "geometry": {"type": "Polygon", "coordinates": [[[9.632, 44.0905], [9.638, 44.0905], [9.638, 44.086], [9.632, 44.086], [9.632, 44.0905]]]}, "properties": {"id": "r31c17", "zone": "Punta Mesco", "band": "largo"}}, {"type": "Feature", "geometry": {"type": "Polygon", "coordinates": [[[9.638, 44.0905], [9.644, 44.0905], [9.644, 44.086], [9.638, 44.086], [9.638, 44.0905]]]}, "properties": {"id": "r31c18", "zone": "Punta Mesco", "band": "largo"}}, {"type": "Feature", "geometry": {"type": "Polygon", "coordinates": [[[9.644, 44.0905], [9.65, 44.0905], [9.65, 44.086], [9.644, 44.086], [9.644, 44.0905]]]}, "properties": {"id": "r31c19", "zone": "Punta Mesco", "band": "largo"}}, {"type": "Feature", "geometry": {"type": "Polygon", "coordinates": [[[9.649999999999999, 44.0905], [9.655999999999999, 44.0905], [9.655999999999999, 44.086], [9.649999999999999, 44.086], [9.649999999999999, 44.0905]]]}, "properties": {"id": "r31c20", "zone": "Monterosso", "band": "largo"}}, {"type": "Feature", "geometry": {"type": "Polygon", "coordinates": [[[9.668, 44.0905], [9.674, 44.0905], [9.674, 44.086], [9.668, 44.086], [9.668, 44.0905]]]}, "properties": {"id": "r31c23", "zone": "Monterosso", "band": "largo"}}, {"type": "Feature", "geometry": {"type": "Polygon", "coordinates": [[[9.674, 44.0905], [9.68, 44.0905], [9.68, 44.086], [9.674, 44.086], [9.674, 44.0905]]]}, "properties": {"id": "r31c24", "zone": "Vernazza", "band": "largo"}}, {"type": "Feature", "geometry": {"type": "Polygon", "coordinates": [[[9.68, 44.0905], [9.686, 44.0905], [9.686, 44.086], [9.68, 44.086], [9.68, 44.0905]]]}, "properties": {"id": "r31c25", "zone": "Vernazza", "band": "largo"}}, {"type": "Feature", "geometry": {"type": "Polygon", "coordinates": [[[9.686, 44.0905], [9.692, 44.0905], [9.692, 44.086], [9.686, 44.086], [9.686, 44.0905]]]}, "properties": {"id": "r31c26", "zone": "Vernazza", "band": "largo"}}, {"type": "Feature", "geometry": {"type": "Polygon", "coordinates": [[[9.692, 44.0905], [9.698, 44.0905], [9.698, 44.086], [9.692, 44.086], [9.692, 44.0905]]]}, "properties": {"id": "r31c27", "zone": "Vernazza", "band": "largo"}}, {"type": "Feature", "geometry": {"type": "Polygon", "coordinates": [[[9.697999999999999, 44.0905], [9.703999999999999, 44.0905], [9.703999999999999, 44.086], [9.697999999999999, 44.086], [9.697999999999999, 44.0905]]]}, "properties": {"id": "r31c28", "zone": "Corniglia", "band": "largo"}}, {"type": "Feature", "geometry": {"type": "Polygon", "coordinates": [[[9.703999999999999, 44.0905], [9.709999999999999, 44.0905], [9.709999999999999, 44.086], [9.703999999999999, 44.086], [9.703999999999999, 44.0905]]]}, "properties": {"id": "r31c29", "zone": "Corniglia", "band": "largo"}}, {"type": "Feature", "geometry": {"type": "Polygon", "coordinates": [[[9.709999999999999, 44.0905], [9.716, 44.0905], [9.716, 44.086], [9.709999999999999, 44.086], [9.709999999999999, 44.0905]]]}, "properties": {"id": "r31c30", "zone": "Corniglia", "band": "largo"}}, {"type": "Feature", "geometry": {"type": "Polygon", "coordinates": [[[9.716, 44.0905], [9.722, 44.0905], [9.722, 44.086], [9.716, 44.086], [9.716, 44.0905]]]}, "properties": {"id": "r31c31", "zone": "Corniglia", "band": "largo"}}, {"type": "Feature", "geometry": {"type": "Polygon", "coordinates": [[[9.722, 44.0905], [9.728, 44.0905], [9.728, 44.086], [9.722, 44.086], [9.722, 44.0905]]]}, "properties": {"id": "r31c32", "zone": "Manarola", "band": "sottocosta"}}, {"type": "Feature", "geometry": {"type": "Polygon", "coordinates": [[[9.728, 44.0905], [9.734, 44.0905], [9.734, 44.086], [9.728, 44.086], [9.728, 44.0905]]]}, "properties": {"id": "r31c33", "zone": "Manarola", "band": "sottocosta"}}, {"type": "Feature", "geometry": {"type": "Polygon", "coordinates": [[[9.734, 44.0905], [9.74, 44.0905], [9.74, 44.086], [9.734, 44.086], [9.734, 44.0905]]]}, "properties": {"id": "r31c34", "zone": "Riomaggiore", "band": "riva"}}, {"type": "Feature", "geometry": {"type": "Polygon", "coordinates": [[[9.74, 44.0905], [9.746, 44.0905], [9.746, 44.086], [9.74, 44.086], [9.74, 44.0905]]]}, "properties": {"id": "r31c35", "zone": "Riomaggiore", "band": "riva"}}, {"type": "Feature", "geometry": {"type": "Polygon", "coordinates": [[[9.745999999999999, 44.0905], [9.751999999999999, 44.0905], [9.751999999999999, 44.086], [9.745999999999999, 44.086], [9.745999999999999, 44.0905]]]}, "properties": {"id": "r31c36", "zone": "Riomaggiore", "band": "riva"}}, {"type": "Feature", "geometry": {"type": "Polygon", "coordinates": [[[9.751999999999999, 44.0905], [9.758, 44.0905], [9.758, 44.086], [9.751999999999999, 44.086], [9.751999999999999, 44.0905]]]}, "properties": {"id": "r31c37", "zone": "Riomaggiore", "band": "riva"}}, {"type": "Feature", "geometry": {"type": "Polygon", "coordinates": [[[9.674, 44.086], [9.68, 44.086], [9.68, 44.0815], [9.674, 44.0815], [9.674, 44.086]]]}, "properties": {"id": "r32c24", "zone": "Vernazza", "band": "largo"}}, {"type": "Feature", "geometry": {"type": "Polygon", "coordinates": [[[9.68, 44.086], [9.686, 44.086], [9.686, 44.0815], [9.68, 44.0815], [9.68, 44.086]]]}, "properties": {"id": "r32c25", "zone": "Vernazza", "band": "largo"}}, {"type": "Feature", "geometry": {"type": "Polygon", "coordinates": [[[9.686, 44.086], [9.692, 44.086], [9.692, 44.0815], [9.686, 44.0815], [9.686, 44.086]]]}, "properties": {"id": "r32c26", "zone": "Vernazza", "band": "largo"}}, {"type": "Feature", "geometry": {"type": "Polygon", "coordinates": [[[9.692, 44.086], [9.698, 44.086], [9.698, 44.0815], [9.692, 44.0815], [9.692, 44.086]]]}, "properties": {"id": "r32c27", "zone": "Vernazza", "band": "largo"}}, {"type": "Feature", "geometry": {"type": "Polygon", "coordinates": [[[9.697999999999999, 44.086], [9.703999999999999, 44.086], [9.703999999999999, 44.0815], [9.697999999999999, 44.0815], [9.697999999999999, 44.086]]]}, "properties": {"id": "r32c28", "zone": "Corniglia", "band": "largo"}}, {"type": "Feature", "geometry": {"type": "Polygon", "coordinates": [[[9.703999999999999, 44.086], [9.709999999999999, 44.086], [9.709999999999999, 44.0815], [9.703999999999999, 44.0815], [9.703999999999999, 44.086]]]}, "properties": {"id": "r32c29", "zone": "Corniglia", "band": "largo"}}, {"type": "Feature", "geometry": {"type": "Polygon", "coordinates": [[[9.709999999999999, 44.086], [9.716, 44.086], [9.716, 44.0815], [9.709999999999999, 44.0815], [9.709999999999999, 44.086]]]}, "properties": {"id": "r32c30", "zone": "Corniglia", "band": "largo"}}, {"type": "Feature", "geometry": {"type": "Polygon", "coordinates": [[[9.716, 44.086], [9.722, 44.086], [9.722, 44.0815], [9.716, 44.0815], [9.716, 44.086]]]}, "properties": {"id": "r32c31", "zone": "Corniglia", "band": "largo"}}, {"type": "Feature", "geometry": {"type": "Polygon", "coordinates": [[[9.722, 44.086], [9.728, 44.086], [9.728, 44.0815], [9.722, 44.0815], [9.722, 44.086]]]}, "properties": {"id": "r32c32", "zone": "Manarola", "band": "sottocosta"}}, {"type": "Feature", "geometry": {"type": "Polygon", "coordinates": [[[9.728, 44.086], [9.734, 44.086], [9.734, 44.0815], [9.728, 44.0815], [9.728, 44.086]]]}, "properties": {"id": "r32c33", "zone": "Manarola", "band": "sottocosta"}}, {"type": "Feature", "geometry": {"type": "Polygon", "coordinates": [[[9.734, 44.086], [9.74, 44.086], [9.74, 44.0815], [9.734, 44.0815], [9.734, 44.086]]]}, "properties": {"id": "r32c34", "zone": "Riomaggiore", "band": "sottocosta"}}, {"type": "Feature", "geometry": {"type": "Polygon", "coordinates": [[[9.74, 44.086], [9.746, 44.086], [9.746, 44.0815], [9.74, 44.0815], [9.74, 44.086]]]}, "properties": {"id": "r32c35", "zone": "Riomaggiore", "band": "sottocosta"}}, {"type": "Feature", "geometry": {"type": "Polygon", "coordinates": [[[9.745999999999999, 44.086], [9.751999999999999, 44.086], [9.751999999999999, 44.0815], [9.745999999999999, 44.0815], [9.745999999999999, 44.086]]]}, "properties": {"id": "r32c36", "zone": "Riomaggiore", "band": "sottocosta"}}, {"type": "Feature", "geometry": {"type": "Polygon", "coordinates": [[[9.751999999999999, 44.086], [9.758, 44.086], [9.758, 44.0815], [9.751999999999999, 44.0815], [9.751999999999999, 44.086]]]}, "properties": {"id": "r32c37", "zone": "Riomaggiore", "band": "riva"}}, {"type": "Feature", "geometry": {"type": "Polygon", "coordinates": [[[9.758, 44.086], [9.764, 44.086], [9.764, 44.0815], [9.758, 44.0815], [9.758, 44.086]]]}, "properties": {"id": "r32c38", "zone": "Riomaggiore", "band": "riva"}}, {"type": "Feature", "geometry": {"type": "Polygon", "coordinates": [[[9.68, 44.0815], [9.686, 44.0815], [9.686, 44.077], [9.68, 44.077], [9.68, 44.0815]]]}, "properties": {"id": "r33c25", "zone": "Vernazza", "band": "largo"}}, {"type": "Feature", "geometry": {"type": "Polygon", "coordinates": [[[9.686, 44.0815], [9.692, 44.0815], [9.692, 44.077], [9.686, 44.077], [9.686, 44.0815]]]}, "properties": {"id": "r33c26", "zone": "Vernazza", "band": "largo"}}, {"type": "Feature", "geometry": {"type": "Polygon", "coordinates": [[[9.692, 44.0815], [9.698, 44.0815], [9.698, 44.077], [9.692, 44.077], [9.692, 44.0815]]]}, "properties": {"id": "r33c27", "zone": "Vernazza", "band": "largo"}}, {"type": "Feature", "geometry": {"type": "Polygon", "coordinates": [[[9.697999999999999, 44.0815], [9.703999999999999, 44.0815], [9.703999999999999, 44.077], [9.697999999999999, 44.077], [9.697999999999999, 44.0815]]]}, "properties": {"id": "r33c28", "zone": "Corniglia", "band": "largo"}}, {"type": "Feature", "geometry": {"type": "Polygon", "coordinates": [[[9.703999999999999, 44.0815], [9.709999999999999, 44.0815], [9.709999999999999, 44.077], [9.703999999999999, 44.077], [9.703999999999999, 44.0815]]]}, "properties": {"id": "r33c29", "zone": "Corniglia", "band": "largo"}}, {"type": "Feature", "geometry": {"type": "Polygon", "coordinates": [[[9.709999999999999, 44.0815], [9.716, 44.0815], [9.716, 44.077], [9.709999999999999, 44.077], [9.709999999999999, 44.0815]]]}, "properties": {"id": "r33c30", "zone": "Corniglia", "band": "largo"}}, {"type": "Feature", "geometry": {"type": "Polygon", "coordinates": [[[9.716, 44.0815], [9.722, 44.0815], [9.722, 44.077], [9.716, 44.077], [9.716, 44.0815]]]}, "properties": {"id": "r33c31", "zone": "Corniglia", "band": "largo"}}, {"type": "Feature", "geometry": {"type": "Polygon", "coordinates": [[[9.722, 44.0815], [9.728, 44.0815], [9.728, 44.077], [9.722, 44.077], [9.722, 44.0815]]]}, "properties": {"id": "r33c32", "zone": "Manarola", "band": "largo"}}, {"type": "Feature", "geometry": {"type": "Polygon", "coordinates": [[[9.728, 44.0815], [9.734, 44.0815], [9.734, 44.077], [9.728, 44.077], [9.728, 44.0815]]]}, "properties": {"id": "r33c33", "zone": "Manarola", "band": "sottocosta"}}, {"type": "Feature", "geometry": {"type": "Polygon", "coordinates": [[[9.734, 44.0815], [9.74, 44.0815], [9.74, 44.077], [9.734, 44.077], [9.734, 44.0815]]]}, "properties": {"id": "r33c34", "zone": "Riomaggiore", "band": "sottocosta"}}, {"type": "Feature", "geometry": {"type": "Polygon", "coordinates": [[[9.74, 44.0815], [9.746, 44.0815], [9.746, 44.077], [9.74, 44.077], [9.74, 44.0815]]]}, "properties": {"id": "r33c35", "zone": "Riomaggiore", "band": "sottocosta"}}, {"type": "Feature", "geometry": {"type": "Polygon", "coordinates": [[[9.745999999999999, 44.0815], [9.751999999999999, 44.0815], [9.751999999999999, 44.077], [9.745999999999999, 44.077], [9.745999999999999, 44.0815]]]}, "properties": {"id": "r33c36", "zone": "Riomaggiore", "band": "sottocosta"}}, {"type": "Feature", "geometry": {"type": "Polygon", "coordinates": [[[9.751999999999999, 44.0815], [9.758, 44.0815], [9.758, 44.077], [9.751999999999999, 44.077], [9.751999999999999, 44.0815]]]}, "properties": {"id": "r33c37", "zone": "Riomaggiore", "band": "sottocosta"}}, {"type": "Feature", "geometry": {"type": "Polygon", "coordinates": [[[9.758, 44.0815], [9.764, 44.0815], [9.764, 44.077], [9.758, 44.077], [9.758, 44.0815]]]}, "properties": {"id": "r33c38", "zone": "Riomaggiore", "band": "riva"}}, {"type": "Feature", "geometry": {"type": "Polygon", "coordinates": [[[9.764, 44.0815], [9.77, 44.0815], [9.77, 44.077], [9.764, 44.077], [9.764, 44.0815]]]}, "properties": {"id": "r33c39", "zone": "Riomaggiore", "band": "riva"}}, {"type": "Feature", "geometry": {"type": "Polygon", "coordinates": [[[9.77, 44.0815], [9.776, 44.0815], [9.776, 44.077], [9.77, 44.077], [9.77, 44.0815]]]}, "properties": {"id": "r33c40", "zone": "Riomaggiore", "band": "riva"}}, {"type": "Feature", "geometry": {"type": "Polygon", "coordinates": [[[9.692, 44.077], [9.698, 44.077], [9.698, 44.0725], [9.692, 44.0725], [9.692, 44.077]]]}, "properties": {"id": "r34c27", "zone": "Vernazza", "band": "largo"}}, {"type": "Feature", "geometry": {"type": "Polygon", "coordinates": [[[9.697999999999999, 44.077], [9.703999999999999, 44.077], [9.703999999999999, 44.0725], [9.697999999999999, 44.0725], [9.697999999999999, 44.077]]]}, "properties": {"id": "r34c28", "zone": "Corniglia", "band": "largo"}}, {"type": "Feature", "geometry": {"type": "Polygon", "coordinates": [[[9.703999999999999, 44.077], [9.709999999999999, 44.077], [9.709999999999999, 44.0725], [9.703999999999999, 44.0725], [9.703999999999999, 44.077]]]}, "properties": {"id": "r34c29", "zone": "Corniglia", "band": "largo"}}, {"type": "Feature", "geometry": {"type": "Polygon", "coordinates": [[[9.709999999999999, 44.077], [9.716, 44.077], [9.716, 44.0725], [9.709999999999999, 44.0725], [9.709999999999999, 44.077]]]}, "properties": {"id": "r34c30", "zone": "Corniglia", "band": "largo"}}, {"type": "Feature", "geometry": {"type": "Polygon", "coordinates": [[[9.716, 44.077], [9.722, 44.077], [9.722, 44.0725], [9.716, 44.0725], [9.716, 44.077]]]}, "properties": {"id": "r34c31", "zone": "Corniglia", "band": "largo"}}, {"type": "Feature", "geometry": {"type": "Polygon", "coordinates": [[[9.722, 44.077], [9.728, 44.077], [9.728, 44.0725], [9.722, 44.0725], [9.722, 44.077]]]}, "properties": {"id": "r34c32", "zone": "Manarola", "band": "largo"}}, {"type": "Feature", "geometry": {"type": "Polygon", "coordinates": [[[9.728, 44.077], [9.734, 44.077], [9.734, 44.0725], [9.728, 44.0725], [9.728, 44.077]]]}, "properties": {"id": "r34c33", "zone": "Manarola", "band": "largo"}}, {"type": "Feature", "geometry": {"type": "Polygon", "coordinates": [[[9.734, 44.077], [9.74, 44.077], [9.74, 44.0725], [9.734, 44.0725], [9.734, 44.077]]]}, "properties": {"id": "r34c34", "zone": "Riomaggiore", "band": "sottocosta"}}, {"type": "Feature", "geometry": {"type": "Polygon", "coordinates": [[[9.74, 44.077], [9.746, 44.077], [9.746, 44.0725], [9.74, 44.0725], [9.74, 44.077]]]}, "properties": {"id": "r34c35", "zone": "Riomaggiore", "band": "sottocosta"}}, {"type": "Feature", "geometry": {"type": "Polygon", "coordinates": [[[9.745999999999999, 44.077], [9.751999999999999, 44.077], [9.751999999999999, 44.0725], [9.745999999999999, 44.0725], [9.745999999999999, 44.077]]]}, "properties": {"id": "r34c36", "zone": "Riomaggiore", "band": "sottocosta"}}, {"type": "Feature", "geometry": {"type": "Polygon", "coordinates": [[[9.751999999999999, 44.077], [9.758, 44.077], [9.758, 44.0725], [9.751999999999999, 44.0725], [9.751999999999999, 44.077]]]}, "properties": {"id": "r34c37", "zone": "Riomaggiore", "band": "sottocosta"}}, {"type": "Feature", "geometry": {"type": "Polygon", "coordinates": [[[9.758, 44.077], [9.764, 44.077], [9.764, 44.0725], [9.758, 44.0725], [9.758, 44.077]]]}, "properties": {"id": "r34c38", "zone": "Riomaggiore", "band": "sottocosta"}}, {"type": "Feature", "geometry": {"type": "Polygon", "coordinates": [[[9.764, 44.077], [9.77, 44.077], [9.77, 44.0725], [9.764, 44.0725], [9.764, 44.077]]]}, "properties": {"id": "r34c39", "zone": "Riomaggiore", "band": "sottocosta"}}, {"type": "Feature", "geometry": {"type": "Polygon", "coordinates": [[[9.77, 44.077], [9.776, 44.077], [9.776, 44.0725], [9.77, 44.0725], [9.77, 44.077]]]}, "properties": {"id": "r34c40", "zone": "Riomaggiore", "band": "riva"}}, {"type": "Feature", "geometry": {"type": "Polygon", "coordinates": [[[9.776, 44.077], [9.782, 44.077], [9.782, 44.0725], [9.776, 44.0725], [9.776, 44.077]]]}, "properties": {"id": "r34c41", "zone": "Riomaggiore", "band": "riva"}}, {"type": "Feature", "geometry": {"type": "Polygon", "coordinates": [[[9.697999999999999, 44.0725], [9.703999999999999, 44.0725], [9.703999999999999, 44.068], [9.697999999999999, 44.068], [9.697999999999999, 44.0725]]]}, "properties": {"id": "r35c28", "zone": "Corniglia", "band": "largo"}}, {"type": "Feature", "geometry": {"type": "Polygon", "coordinates": [[[9.703999999999999, 44.0725], [9.709999999999999, 44.0725], [9.709999999999999, 44.068], [9.703999999999999, 44.068], [9.703999999999999, 44.0725]]]}, "properties": {"id": "r35c29", "zone": "Corniglia", "band": "largo"}}, {"type": "Feature", "geometry": {"type": "Polygon", "coordinates": [[[9.709999999999999, 44.0725], [9.716, 44.0725], [9.716, 44.068], [9.709999999999999, 44.068], [9.709999999999999, 44.0725]]]}, "properties": {"id": "r35c30", "zone": "Corniglia", "band": "largo"}}, {"type": "Feature", "geometry": {"type": "Polygon", "coordinates": [[[9.716, 44.0725], [9.722, 44.0725], [9.722, 44.068], [9.716, 44.068], [9.716, 44.0725]]]}, "properties": {"id": "r35c31", "zone": "Corniglia", "band": "largo"}}, {"type": "Feature", "geometry": {"type": "Polygon", "coordinates": [[[9.722, 44.0725], [9.728, 44.0725], [9.728, 44.068], [9.722, 44.068], [9.722, 44.0725]]]}, "properties": {"id": "r35c32", "zone": "Manarola", "band": "largo"}}, {"type": "Feature", "geometry": {"type": "Polygon", "coordinates": [[[9.728, 44.0725], [9.734, 44.0725], [9.734, 44.068], [9.728, 44.068], [9.728, 44.0725]]]}, "properties": {"id": "r35c33", "zone": "Manarola", "band": "largo"}}, {"type": "Feature", "geometry": {"type": "Polygon", "coordinates": [[[9.734, 44.0725], [9.74, 44.0725], [9.74, 44.068], [9.734, 44.068], [9.734, 44.0725]]]}, "properties": {"id": "r35c34", "zone": "Riomaggiore", "band": "largo"}}, {"type": "Feature", "geometry": {"type": "Polygon", "coordinates": [[[9.74, 44.0725], [9.746, 44.0725], [9.746, 44.068], [9.74, 44.068], [9.74, 44.0725]]]}, "properties": {"id": "r35c35", "zone": "Riomaggiore", "band": "largo"}}, {"type": "Feature", "geometry": {"type": "Polygon", "coordinates": [[[9.745999999999999, 44.0725], [9.751999999999999, 44.0725], [9.751999999999999, 44.068], [9.745999999999999, 44.068], [9.745999999999999, 44.0725]]]}, "properties": {"id": "r35c36", "zone": "Riomaggiore", "band": "sottocosta"}}, {"type": "Feature", "geometry": {"type": "Polygon", "coordinates": [[[9.751999999999999, 44.0725], [9.758, 44.0725], [9.758, 44.068], [9.751999999999999, 44.068], [9.751999999999999, 44.0725]]]}, "properties": {"id": "r35c37", "zone": "Riomaggiore", "band": "sottocosta"}}, {"type": "Feature", "geometry": {"type": "Polygon", "coordinates": [[[9.758, 44.0725], [9.764, 44.0725], [9.764, 44.068], [9.758, 44.068], [9.758, 44.0725]]]}, "properties": {"id": "r35c38", "zone": "Riomaggiore", "band": "sottocosta"}}, {"type": "Feature", "geometry": {"type": "Polygon", "coordinates": [[[9.764, 44.0725], [9.77, 44.0725], [9.77, 44.068], [9.764, 44.068], [9.764, 44.0725]]]}, "properties": {"id": "r35c39", "zone": "Riomaggiore", "band": "sottocosta"}}, {"type": "Feature", "geometry": {"type": "Polygon", "coordinates": [[[9.77, 44.0725], [9.776, 44.0725], [9.776, 44.068], [9.77, 44.068], [9.77, 44.0725]]]}, "properties": {"id": "r35c40", "zone": "Riomaggiore", "band": "riva"}}, {"type": "Feature", "geometry": {"type": "Polygon", "coordinates": [[[9.776, 44.0725], [9.782, 44.0725], [9.782, 44.068], [9.776, 44.068], [9.776, 44.0725]]]}, "properties": {"id": "r35c41", "zone": "Riomaggiore", "band": "riva"}}, {"type": "Feature", "geometry": {"type": "Polygon", "coordinates": [[[9.782, 44.0725], [9.788, 44.0725], [9.788, 44.068], [9.782, 44.068], [9.782, 44.0725]]]}, "properties": {"id": "r35c42", "zone": "Riomaggiore", "band": "riva"}}, {"type": "Feature", "geometry": {"type": "Polygon", "coordinates": [[[9.788, 44.0725], [9.794, 44.0725], [9.794, 44.068], [9.788, 44.068], [9.788, 44.0725]]]}, "properties": {"id": "r35c43", "zone": "Riomaggiore", "band": "riva"}}, {"type": "Feature", "geometry": {"type": "Polygon", "coordinates": [[[9.697999999999999, 44.068], [9.703999999999999, 44.068], [9.703999999999999, 44.0635], [9.697999999999999, 44.0635], [9.697999999999999, 44.068]]]}, "properties": {"id": "r36c28", "zone": "Corniglia", "band": "largo"}}, {"type": "Feature", "geometry": {"type": "Polygon", "coordinates": [[[9.703999999999999, 44.068], [9.709999999999999, 44.068], [9.709999999999999, 44.0635], [9.703999999999999, 44.0635], [9.703999999999999, 44.068]]]}, "properties": {"id": "r36c29", "zone": "Corniglia", "band": "largo"}}, {"type": "Feature", "geometry": {"type": "Polygon", "coordinates": [[[9.709999999999999, 44.068], [9.716, 44.068], [9.716, 44.0635], [9.709999999999999, 44.0635], [9.709999999999999, 44.068]]]}, "properties": {"id": "r36c30", "zone": "Corniglia", "band": "largo"}}, {"type": "Feature", "geometry": {"type": "Polygon", "coordinates": [[[9.716, 44.068], [9.722, 44.068], [9.722, 44.0635], [9.716, 44.0635], [9.716, 44.068]]]}, "properties": {"id": "r36c31", "zone": "Corniglia", "band": "largo"}}, {"type": "Feature", "geometry": {"type": "Polygon", "coordinates": [[[9.722, 44.068], [9.728, 44.068], [9.728, 44.0635], [9.722, 44.0635], [9.722, 44.068]]]}, "properties": {"id": "r36c32", "zone": "Manarola", "band": "largo"}}, {"type": "Feature", "geometry": {"type": "Polygon", "coordinates": [[[9.728, 44.068], [9.734, 44.068], [9.734, 44.0635], [9.728, 44.0635], [9.728, 44.068]]]}, "properties": {"id": "r36c33", "zone": "Manarola", "band": "largo"}}, {"type": "Feature", "geometry": {"type": "Polygon", "coordinates": [[[9.734, 44.068], [9.74, 44.068], [9.74, 44.0635], [9.734, 44.0635], [9.734, 44.068]]]}, "properties": {"id": "r36c34", "zone": "Riomaggiore", "band": "largo"}}, {"type": "Feature", "geometry": {"type": "Polygon", "coordinates": [[[9.74, 44.068], [9.746, 44.068], [9.746, 44.0635], [9.74, 44.0635], [9.74, 44.068]]]}, "properties": {"id": "r36c35", "zone": "Riomaggiore", "band": "largo"}}, {"type": "Feature", "geometry": {"type": "Polygon", "coordinates": [[[9.745999999999999, 44.068], [9.751999999999999, 44.068], [9.751999999999999, 44.0635], [9.745999999999999, 44.0635], [9.745999999999999, 44.068]]]}, "properties": {"id": "r36c36", "zone": "Riomaggiore", "band": "largo"}}, {"type": "Feature", "geometry": {"type": "Polygon", "coordinates": [[[9.751999999999999, 44.068], [9.758, 44.068], [9.758, 44.0635], [9.751999999999999, 44.0635], [9.751999999999999, 44.068]]]}, "properties": {"id": "r36c37", "zone": "Riomaggiore", "band": "largo"}}, {"type": "Feature", "geometry": {"type": "Polygon", "coordinates": [[[9.758, 44.068], [9.764, 44.068], [9.764, 44.0635], [9.758, 44.0635], [9.758, 44.068]]]}, "properties": {"id": "r36c38", "zone": "Riomaggiore", "band": "sottocosta"}}, {"type": "Feature", "geometry": {"type": "Polygon", "coordinates": [[[9.764, 44.068], [9.77, 44.068], [9.77, 44.0635], [9.764, 44.0635], [9.764, 44.068]]]}, "properties": {"id": "r36c39", "zone": "Riomaggiore", "band": "sottocosta"}}, {"type": "Feature", "geometry": {"type": "Polygon", "coordinates": [[[9.77, 44.068], [9.776, 44.068], [9.776, 44.0635], [9.77, 44.0635], [9.77, 44.068]]]}, "properties": {"id": "r36c40", "zone": "Riomaggiore", "band": "sottocosta"}}, {"type": "Feature", "geometry": {"type": "Polygon", "coordinates": [[[9.776, 44.068], [9.782, 44.068], [9.782, 44.0635], [9.776, 44.0635], [9.776, 44.068]]]}, "properties": {"id": "r36c41", "zone": "Riomaggiore", "band": "sottocosta"}}, {"type": "Feature", "geometry": {"type": "Polygon", "coordinates": [[[9.782, 44.068], [9.788, 44.068], [9.788, 44.0635], [9.782, 44.0635], [9.782, 44.068]]]}, "properties": {"id": "r36c42", "zone": "Riomaggiore", "band": "sottocosta"}}, {"type": "Feature", "geometry": {"type": "Polygon", "coordinates": [[[9.788, 44.068], [9.794, 44.068], [9.794, 44.0635], [9.788, 44.0635], [9.788, 44.068]]]}, "properties": {"id": "r36c43", "zone": "Riomaggiore", "band": "riva"}}, {"type": "Feature", "geometry": {"type": "Polygon", "coordinates": [[[9.793999999999999, 44.068], [9.799999999999999, 44.068], [9.799999999999999, 44.0635], [9.793999999999999, 44.0635], [9.793999999999999, 44.068]]]}, "properties": {"id": "r36c44", "zone": "Riomaggiore", "band": "riva"}}, {"type": "Feature", "geometry": {"type": "Polygon", "coordinates": [[[9.703999999999999, 44.0635], [9.709999999999999, 44.0635], [9.709999999999999, 44.059], [9.703999999999999, 44.059], [9.703999999999999, 44.0635]]]}, "properties": {"id": "r37c29", "zone": "Corniglia", "band": "largo"}}, {"type": "Feature", "geometry": {"type": "Polygon", "coordinates": [[[9.709999999999999, 44.0635], [9.716, 44.0635], [9.716, 44.059], [9.709999999999999, 44.059], [9.709999999999999, 44.0635]]]}, "properties": {"id": "r37c30", "zone": "Corniglia", "band": "largo"}}, {"type": "Feature", "geometry": {"type": "Polygon", "coordinates": [[[9.716, 44.0635], [9.722, 44.0635], [9.722, 44.059], [9.716, 44.059], [9.716, 44.0635]]]}, "properties": {"id": "r37c31", "zone": "Corniglia", "band": "largo"}}, {"type": "Feature", "geometry": {"type": "Polygon", "coordinates": [[[9.722, 44.0635], [9.728, 44.0635], [9.728, 44.059], [9.722, 44.059], [9.722, 44.0635]]]}, "properties": {"id": "r37c32", "zone": "Manarola", "band": "largo"}}, {"type": "Feature", "geometry": {"type": "Polygon", "coordinates": [[[9.728, 44.0635], [9.734, 44.0635], [9.734, 44.059], [9.728, 44.059], [9.728, 44.0635]]]}, "properties": {"id": "r37c33", "zone": "Manarola", "band": "largo"}}, {"type": "Feature", "geometry": {"type": "Polygon", "coordinates": [[[9.734, 44.0635], [9.74, 44.0635], [9.74, 44.059], [9.734, 44.059], [9.734, 44.0635]]]}, "properties": {"id": "r37c34", "zone": "Riomaggiore", "band": "largo"}}, {"type": "Feature", "geometry": {"type": "Polygon", "coordinates": [[[9.74, 44.0635], [9.746, 44.0635], [9.746, 44.059], [9.74, 44.059], [9.74, 44.0635]]]}, "properties": {"id": "r37c35", "zone": "Riomaggiore", "band": "largo"}}, {"type": "Feature", "geometry": {"type": "Polygon", "coordinates": [[[9.745999999999999, 44.0635], [9.751999999999999, 44.0635], [9.751999999999999, 44.059], [9.745999999999999, 44.059], [9.745999999999999, 44.0635]]]}, "properties": {"id": "r37c36", "zone": "Riomaggiore", "band": "largo"}}, {"type": "Feature", "geometry": {"type": "Polygon", "coordinates": [[[9.751999999999999, 44.0635], [9.758, 44.0635], [9.758, 44.059], [9.751999999999999, 44.059], [9.751999999999999, 44.0635]]]}, "properties": {"id": "r37c37", "zone": "Riomaggiore", "band": "largo"}}, {"type": "Feature", "geometry": {"type": "Polygon", "coordinates": [[[9.758, 44.0635], [9.764, 44.0635], [9.764, 44.059], [9.758, 44.059], [9.758, 44.0635]]]}, "properties": {"id": "r37c38", "zone": "Riomaggiore", "band": "largo"}}, {"type": "Feature", "geometry": {"type": "Polygon", "coordinates": [[[9.764, 44.0635], [9.77, 44.0635], [9.77, 44.059], [9.764, 44.059], [9.764, 44.0635]]]}, "properties": {"id": "r37c39", "zone": "Riomaggiore", "band": "sottocosta"}}, {"type": "Feature", "geometry": {"type": "Polygon", "coordinates": [[[9.77, 44.0635], [9.776, 44.0635], [9.776, 44.059], [9.77, 44.059], [9.77, 44.0635]]]}, "properties": {"id": "r37c40", "zone": "Riomaggiore", "band": "sottocosta"}}, {"type": "Feature", "geometry": {"type": "Polygon", "coordinates": [[[9.776, 44.0635], [9.782, 44.0635], [9.782, 44.059], [9.776, 44.059], [9.776, 44.0635]]]}, "properties": {"id": "r37c41", "zone": "Riomaggiore", "band": "sottocosta"}}, {"type": "Feature", "geometry": {"type": "Polygon", "coordinates": [[[9.782, 44.0635], [9.788, 44.0635], [9.788, 44.059], [9.782, 44.059], [9.782, 44.0635]]]}, "properties": {"id": "r37c42", "zone": "Riomaggiore", "band": "sottocosta"}}, {"type": "Feature", "geometry": {"type": "Polygon", "coordinates": [[[9.788, 44.0635], [9.794, 44.0635], [9.794, 44.059], [9.788, 44.059], [9.788, 44.0635]]]}, "properties": {"id": "r37c43", "zone": "Riomaggiore", "band": "sottocosta"}}, {"type": "Feature", "geometry": {"type": "Polygon", "coordinates": [[[9.793999999999999, 44.0635], [9.799999999999999, 44.0635], [9.799999999999999, 44.059], [9.793999999999999, 44.059], [9.793999999999999, 44.0635]]]}, "properties": {"id": "r37c44", "zone": "Riomaggiore", "band": "riva"}}, {"type": "Feature", "geometry": {"type": "Polygon", "coordinates": [[[9.799999999999999, 44.0635], [9.806, 44.0635], [9.806, 44.059], [9.799999999999999, 44.059], [9.799999999999999, 44.0635]]]}, "properties": {"id": "r37c45", "zone": "Riomaggiore", "band": "riva"}}, {"type": "Feature", "geometry": {"type": "Polygon", "coordinates": [[[9.806, 44.0635], [9.812, 44.0635], [9.812, 44.059], [9.806, 44.059], [9.806, 44.0635]]]}, "properties": {"id": "r37c46", "zone": "Riomaggiore", "band": "riva"}}, {"type": "Feature", "geometry": {"type": "Polygon", "coordinates": [[[9.812, 44.0635], [9.818, 44.0635], [9.818, 44.059], [9.812, 44.059], [9.812, 44.0635]]]}, "properties": {"id": "r37c47", "zone": "Riomaggiore", "band": "riva"}}, {"type": "Feature", "geometry": {"type": "Polygon", "coordinates": [[[9.709999999999999, 44.059], [9.716, 44.059], [9.716, 44.0545], [9.709999999999999, 44.0545], [9.709999999999999, 44.059]]]}, "properties": {"id": "r38c30", "zone": "Corniglia", "band": "largo"}}, {"type": "Feature", "geometry": {"type": "Polygon", "coordinates": [[[9.716, 44.059], [9.722, 44.059], [9.722, 44.0545], [9.716, 44.0545], [9.716, 44.059]]]}, "properties": {"id": "r38c31", "zone": "Corniglia", "band": "largo"}}, {"type": "Feature", "geometry": {"type": "Polygon", "coordinates": [[[9.722, 44.059], [9.728, 44.059], [9.728, 44.0545], [9.722, 44.0545], [9.722, 44.059]]]}, "properties": {"id": "r38c32", "zone": "Manarola", "band": "largo"}}, {"type": "Feature", "geometry": {"type": "Polygon", "coordinates": [[[9.728, 44.059], [9.734, 44.059], [9.734, 44.0545], [9.728, 44.0545], [9.728, 44.059]]]}, "properties": {"id": "r38c33", "zone": "Manarola", "band": "largo"}}, {"type": "Feature", "geometry": {"type": "Polygon", "coordinates": [[[9.734, 44.059], [9.74, 44.059], [9.74, 44.0545], [9.734, 44.0545], [9.734, 44.059]]]}, "properties": {"id": "r38c34", "zone": "Riomaggiore", "band": "largo"}}, {"type": "Feature", "geometry": {"type": "Polygon", "coordinates": [[[9.74, 44.059], [9.746, 44.059], [9.746, 44.0545], [9.74, 44.0545], [9.74, 44.059]]]}, "properties": {"id": "r38c35", "zone": "Riomaggiore", "band": "largo"}}, {"type": "Feature", "geometry": {"type": "Polygon", "coordinates": [[[9.745999999999999, 44.059], [9.751999999999999, 44.059], [9.751999999999999, 44.0545], [9.745999999999999, 44.0545], [9.745999999999999, 44.059]]]}, "properties": {"id": "r38c36", "zone": "Riomaggiore", "band": "largo"}}, {"type": "Feature", "geometry": {"type": "Polygon", "coordinates": [[[9.751999999999999, 44.059], [9.758, 44.059], [9.758, 44.0545], [9.751999999999999, 44.0545], [9.751999999999999, 44.059]]]}, "properties": {"id": "r38c37", "zone": "Riomaggiore", "band": "largo"}}, {"type": "Feature", "geometry": {"type": "Polygon", "coordinates": [[[9.758, 44.059], [9.764, 44.059], [9.764, 44.0545], [9.758, 44.0545], [9.758, 44.059]]]}, "properties": {"id": "r38c38", "zone": "Riomaggiore", "band": "largo"}}, {"type": "Feature", "geometry": {"type": "Polygon", "coordinates": [[[9.764, 44.059], [9.77, 44.059], [9.77, 44.0545], [9.764, 44.0545], [9.764, 44.059]]]}, "properties": {"id": "r38c39", "zone": "Riomaggiore", "band": "largo"}}, {"type": "Feature", "geometry": {"type": "Polygon", "coordinates": [[[9.77, 44.059], [9.776, 44.059], [9.776, 44.0545], [9.77, 44.0545], [9.77, 44.059]]]}, "properties": {"id": "r38c40", "zone": "Riomaggiore", "band": "sottocosta"}}, {"type": "Feature", "geometry": {"type": "Polygon", "coordinates": [[[9.776, 44.059], [9.782, 44.059], [9.782, 44.0545], [9.776, 44.0545], [9.776, 44.059]]]}, "properties": {"id": "r38c41", "zone": "Riomaggiore", "band": "sottocosta"}}, {"type": "Feature", "geometry": {"type": "Polygon", "coordinates": [[[9.782, 44.059], [9.788, 44.059], [9.788, 44.0545], [9.782, 44.0545], [9.782, 44.059]]]}, "properties": {"id": "r38c42", "zone": "Riomaggiore", "band": "sottocosta"}}, {"type": "Feature", "geometry": {"type": "Polygon", "coordinates": [[[9.788, 44.059], [9.794, 44.059], [9.794, 44.0545], [9.788, 44.0545], [9.788, 44.059]]]}, "properties": {"id": "r38c43", "zone": "Riomaggiore", "band": "sottocosta"}}, {"type": "Feature", "geometry": {"type": "Polygon", "coordinates": [[[9.793999999999999, 44.059], [9.799999999999999, 44.059], [9.799999999999999, 44.0545], [9.793999999999999, 44.0545], [9.793999999999999, 44.059]]]}, "properties": {"id": "r38c44", "zone": "Riomaggiore", "band": "sottocosta"}}, {"type": "Feature", "geometry": {"type": "Polygon", "coordinates": [[[9.799999999999999, 44.059], [9.806, 44.059], [9.806, 44.0545], [9.799999999999999, 44.0545], [9.799999999999999, 44.059]]]}, "properties": {"id": "r38c45", "zone": "Riomaggiore", "band": "sottocosta"}}, {"type": "Feature", "geometry": {"type": "Polygon", "coordinates": [[[9.806, 44.059], [9.812, 44.059], [9.812, 44.0545], [9.806, 44.0545], [9.806, 44.059]]]}, "properties": {"id": "r38c46", "zone": "Riomaggiore", "band": "riva"}}, {"type": "Feature", "geometry": {"type": "Polygon", "coordinates": [[[9.812, 44.059], [9.818, 44.059], [9.818, 44.0545], [9.812, 44.0545], [9.812, 44.059]]]}, "properties": {"id": "r38c47", "zone": "Riomaggiore", "band": "riva"}}, {"type": "Feature", "geometry": {"type": "Polygon", "coordinates": [[[9.818, 44.059], [9.824, 44.059], [9.824, 44.0545], [9.818, 44.0545], [9.818, 44.059]]]}, "properties": {"id": "r38c48", "zone": "Riomaggiore", "band": "riva"}}, {"type": "Feature", "geometry": {"type": "Polygon", "coordinates": [[[9.709999999999999, 44.0545], [9.716, 44.0545], [9.716, 44.05], [9.709999999999999, 44.05], [9.709999999999999, 44.0545]]]}, "properties": {"id": "r39c30", "zone": "Corniglia", "band": "largo"}}, {"type": "Feature", "geometry": {"type": "Polygon", "coordinates": [[[9.716, 44.0545], [9.722, 44.0545], [9.722, 44.05], [9.716, 44.05], [9.716, 44.0545]]]}, "properties": {"id": "r39c31", "zone": "Corniglia", "band": "largo"}}, {"type": "Feature", "geometry": {"type": "Polygon", "coordinates": [[[9.722, 44.0545], [9.728, 44.0545], [9.728, 44.05], [9.722, 44.05], [9.722, 44.0545]]]}, "properties": {"id": "r39c32", "zone": "Manarola", "band": "largo"}}, {"type": "Feature", "geometry": {"type": "Polygon", "coordinates": [[[9.728, 44.0545], [9.734, 44.0545], [9.734, 44.05], [9.728, 44.05], [9.728, 44.0545]]]}, "properties": {"id": "r39c33", "zone": "Manarola", "band": "largo"}}, {"type": "Feature", "geometry": {"type": "Polygon", "coordinates": [[[9.734, 44.0545], [9.74, 44.0545], [9.74, 44.05], [9.734, 44.05], [9.734, 44.0545]]]}, "properties": {"id": "r39c34", "zone": "Riomaggiore", "band": "largo"}}, {"type": "Feature", "geometry": {"type": "Polygon", "coordinates": [[[9.74, 44.0545], [9.746, 44.0545], [9.746, 44.05], [9.74, 44.05], [9.74, 44.0545]]]}, "properties": {"id": "r39c35", "zone": "Riomaggiore", "band": "largo"}}, {"type": "Feature", "geometry": {"type": "Polygon", "coordinates": [[[9.745999999999999, 44.0545], [9.751999999999999, 44.0545], [9.751999999999999, 44.05], [9.745999999999999, 44.05], [9.745999999999999, 44.0545]]]}, "properties": {"id": "r39c36", "zone": "Riomaggiore", "band": "largo"}}, {"type": "Feature", "geometry": {"type": "Polygon", "coordinates": [[[9.751999999999999, 44.0545], [9.758, 44.0545], [9.758, 44.05], [9.751999999999999, 44.05], [9.751999999999999, 44.0545]]]}, "properties": {"id": "r39c37", "zone": "Riomaggiore", "band": "largo"}}, {"type": "Feature", "geometry": {"type": "Polygon", "coordinates": [[[9.758, 44.0545], [9.764, 44.0545], [9.764, 44.05], [9.758, 44.05], [9.758, 44.0545]]]}, "properties": {"id": "r39c38", "zone": "Riomaggiore", "band": "largo"}}, {"type": "Feature", "geometry": {"type": "Polygon", "coordinates": [[[9.764, 44.0545], [9.77, 44.0545], [9.77, 44.05], [9.764, 44.05], [9.764, 44.0545]]]}, "properties": {"id": "r39c39", "zone": "Riomaggiore", "band": "largo"}}, {"type": "Feature", "geometry": {"type": "Polygon", "coordinates": [[[9.77, 44.0545], [9.776, 44.0545], [9.776, 44.05], [9.77, 44.05], [9.77, 44.0545]]]}, "properties": {"id": "r39c40", "zone": "Riomaggiore", "band": "largo"}}, {"type": "Feature", "geometry": {"type": "Polygon", "coordinates": [[[9.776, 44.0545], [9.782, 44.0545], [9.782, 44.05], [9.776, 44.05], [9.776, 44.0545]]]}, "properties": {"id": "r39c41", "zone": "Riomaggiore", "band": "largo"}}, {"type": "Feature", "geometry": {"type": "Polygon", "coordinates": [[[9.782, 44.0545], [9.788, 44.0545], [9.788, 44.05], [9.782, 44.05], [9.782, 44.0545]]]}, "properties": {"id": "r39c42", "zone": "Riomaggiore", "band": "sottocosta"}}, {"type": "Feature", "geometry": {"type": "Polygon", "coordinates": [[[9.788, 44.0545], [9.794, 44.0545], [9.794, 44.05], [9.788, 44.05], [9.788, 44.0545]]]}, "properties": {"id": "r39c43", "zone": "Riomaggiore", "band": "sottocosta"}}, {"type": "Feature", "geometry": {"type": "Polygon", "coordinates": [[[9.793999999999999, 44.0545], [9.799999999999999, 44.0545], [9.799999999999999, 44.05], [9.793999999999999, 44.05], [9.793999999999999, 44.0545]]]}, "properties": {"id": "r39c44", "zone": "Riomaggiore", "band": "sottocosta"}}, {"type": "Feature", "geometry": {"type": "Polygon", "coordinates": [[[9.799999999999999, 44.0545], [9.806, 44.0545], [9.806, 44.05], [9.799999999999999, 44.05], [9.799999999999999, 44.0545]]]}, "properties": {"id": "r39c45", "zone": "Riomaggiore", "band": "sottocosta"}}, {"type": "Feature", "geometry": {"type": "Polygon", "coordinates": [[[9.806, 44.0545], [9.812, 44.0545], [9.812, 44.05], [9.806, 44.05], [9.806, 44.0545]]]}, "properties": {"id": "r39c46", "zone": "Riomaggiore", "band": "sottocosta"}}, {"type": "Feature", "geometry": {"type": "Polygon", "coordinates": [[[9.812, 44.0545], [9.818, 44.0545], [9.818, 44.05], [9.812, 44.05], [9.812, 44.0545]]]}, "properties": {"id": "r39c47", "zone": "Riomaggiore", "band": "sottocosta"}}, {"type": "Feature", "geometry": {"type": "Polygon", "coordinates": [[[9.818, 44.0545], [9.824, 44.0545], [9.824, 44.05], [9.818, 44.05], [9.818, 44.0545]]]}, "properties": {"id": "r39c48", "zone": "Riomaggiore", "band": "sottocosta"}}, {"type": "Feature", "geometry": {"type": "Polygon", "coordinates": [[[9.722, 44.05], [9.728, 44.05], [9.728, 44.0455], [9.722, 44.0455], [9.722, 44.05]]]}, "properties": {"id": "r40c32", "zone": "Manarola", "band": "largo"}}, {"type": "Feature", "geometry": {"type": "Polygon", "coordinates": [[[9.728, 44.05], [9.734, 44.05], [9.734, 44.0455], [9.728, 44.0455], [9.728, 44.05]]]}, "properties": {"id": "r40c33", "zone": "Manarola", "band": "largo"}}, {"type": "Feature", "geometry": {"type": "Polygon", "coordinates": [[[9.734, 44.05], [9.74, 44.05], [9.74, 44.0455], [9.734, 44.0455], [9.734, 44.05]]]}, "properties": {"id": "r40c34", "zone": "Riomaggiore", "band": "largo"}}, {"type": "Feature", "geometry": {"type": "Polygon", "coordinates": [[[9.74, 44.05], [9.746, 44.05], [9.746, 44.0455], [9.74, 44.0455], [9.74, 44.05]]]}, "properties": {"id": "r40c35", "zone": "Riomaggiore", "band": "largo"}}, {"type": "Feature", "geometry": {"type": "Polygon", "coordinates": [[[9.745999999999999, 44.05], [9.751999999999999, 44.05], [9.751999999999999, 44.0455], [9.745999999999999, 44.0455], [9.745999999999999, 44.05]]]}, "properties": {"id": "r40c36", "zone": "Riomaggiore", "band": "largo"}}, {"type": "Feature", "geometry": {"type": "Polygon", "coordinates": [[[9.751999999999999, 44.05], [9.758, 44.05], [9.758, 44.0455], [9.751999999999999, 44.0455], [9.751999999999999, 44.05]]]}, "properties": {"id": "r40c37", "zone": "Riomaggiore", "band": "largo"}}, {"type": "Feature", "geometry": {"type": "Polygon", "coordinates": [[[9.758, 44.05], [9.764, 44.05], [9.764, 44.0455], [9.758, 44.0455], [9.758, 44.05]]]}, "properties": {"id": "r40c38", "zone": "Riomaggiore", "band": "largo"}}, {"type": "Feature", "geometry": {"type": "Polygon", "coordinates": [[[9.764, 44.05], [9.77, 44.05], [9.77, 44.0455], [9.764, 44.0455], [9.764, 44.05]]]}, "properties": {"id": "r40c39", "zone": "Riomaggiore", "band": "largo"}}, {"type": "Feature", "geometry": {"type": "Polygon", "coordinates": [[[9.77, 44.05], [9.776, 44.05], [9.776, 44.0455], [9.77, 44.0455], [9.77, 44.05]]]}, "properties": {"id": "r40c40", "zone": "Riomaggiore", "band": "largo"}}, {"type": "Feature", "geometry": {"type": "Polygon", "coordinates": [[[9.776, 44.05], [9.782, 44.05], [9.782, 44.0455], [9.776, 44.0455], [9.776, 44.05]]]}, "properties": {"id": "r40c41", "zone": "Riomaggiore", "band": "largo"}}, {"type": "Feature", "geometry": {"type": "Polygon", "coordinates": [[[9.782, 44.05], [9.788, 44.05], [9.788, 44.0455], [9.782, 44.0455], [9.782, 44.05]]]}, "properties": {"id": "r40c42", "zone": "Riomaggiore", "band": "largo"}}, {"type": "Feature", "geometry": {"type": "Polygon", "coordinates": [[[9.788, 44.05], [9.794, 44.05], [9.794, 44.0455], [9.788, 44.0455], [9.788, 44.05]]]}, "properties": {"id": "r40c43", "zone": "Riomaggiore", "band": "largo"}}, {"type": "Feature", "geometry": {"type": "Polygon", "coordinates": [[[9.793999999999999, 44.05], [9.799999999999999, 44.05], [9.799999999999999, 44.0455], [9.793999999999999, 44.0455], [9.793999999999999, 44.05]]]}, "properties": {"id": "r40c44", "zone": "Riomaggiore", "band": "sottocosta"}}, {"type": "Feature", "geometry": {"type": "Polygon", "coordinates": [[[9.799999999999999, 44.05], [9.806, 44.05], [9.806, 44.0455], [9.799999999999999, 44.0455], [9.799999999999999, 44.05]]]}, "properties": {"id": "r40c45", "zone": "Riomaggiore", "band": "sottocosta"}}, {"type": "Feature", "geometry": {"type": "Polygon", "coordinates": [[[9.806, 44.05], [9.812, 44.05], [9.812, 44.0455], [9.806, 44.0455], [9.806, 44.05]]]}, "properties": {"id": "r40c46", "zone": "Riomaggiore", "band": "sottocosta"}}, {"type": "Feature", "geometry": {"type": "Polygon", "coordinates": [[[9.812, 44.05], [9.818, 44.05], [9.818, 44.0455], [9.812, 44.0455], [9.812, 44.05]]]}, "properties": {"id": "r40c47", "zone": "Riomaggiore", "band": "sottocosta"}}, {"type": "Feature", "geometry": {"type": "Polygon", "coordinates": [[[9.818, 44.05], [9.824, 44.05], [9.824, 44.0455], [9.818, 44.0455], [9.818, 44.05]]]}, "properties": {"id": "r40c48", "zone": "Riomaggiore", "band": "sottocosta"}}, {"type": "Feature", "geometry": {"type": "Polygon", "coordinates": [[[9.734, 44.0455], [9.74, 44.0455], [9.74, 44.041], [9.734, 44.041], [9.734, 44.0455]]]}, "properties": {"id": "r41c34", "zone": "Riomaggiore", "band": "largo"}}, {"type": "Feature", "geometry": {"type": "Polygon", "coordinates": [[[9.74, 44.0455], [9.746, 44.0455], [9.746, 44.041], [9.74, 44.041], [9.74, 44.0455]]]}, "properties": {"id": "r41c35", "zone": "Riomaggiore", "band": "largo"}}, {"type": "Feature", "geometry": {"type": "Polygon", "coordinates": [[[9.745999999999999, 44.0455], [9.751999999999999, 44.0455], [9.751999999999999, 44.041], [9.745999999999999, 44.041], [9.745999999999999, 44.0455]]]}, "properties": {"id": "r41c36", "zone": "Riomaggiore", "band": "largo"}}, {"type": "Feature", "geometry": {"type": "Polygon", "coordinates": [[[9.751999999999999, 44.0455], [9.758, 44.0455], [9.758, 44.041], [9.751999999999999, 44.041], [9.751999999999999, 44.0455]]]}, "properties": {"id": "r41c37", "zone": "Riomaggiore", "band": "largo"}}, {"type": "Feature", "geometry": {"type": "Polygon", "coordinates": [[[9.758, 44.0455], [9.764, 44.0455], [9.764, 44.041], [9.758, 44.041], [9.758, 44.0455]]]}, "properties": {"id": "r41c38", "zone": "Riomaggiore", "band": "largo"}}, {"type": "Feature", "geometry": {"type": "Polygon", "coordinates": [[[9.764, 44.0455], [9.77, 44.0455], [9.77, 44.041], [9.764, 44.041], [9.764, 44.0455]]]}, "properties": {"id": "r41c39", "zone": "Riomaggiore", "band": "largo"}}, {"type": "Feature", "geometry": {"type": "Polygon", "coordinates": [[[9.77, 44.0455], [9.776, 44.0455], [9.776, 44.041], [9.77, 44.041], [9.77, 44.0455]]]}, "properties": {"id": "r41c40", "zone": "Riomaggiore", "band": "largo"}}, {"type": "Feature", "geometry": {"type": "Polygon", "coordinates": [[[9.776, 44.0455], [9.782, 44.0455], [9.782, 44.041], [9.776, 44.041], [9.776, 44.0455]]]}, "properties": {"id": "r41c41", "zone": "Riomaggiore", "band": "largo"}}, {"type": "Feature", "geometry": {"type": "Polygon", "coordinates": [[[9.782, 44.0455], [9.788, 44.0455], [9.788, 44.041], [9.782, 44.041], [9.782, 44.0455]]]}, "properties": {"id": "r41c42", "zone": "Riomaggiore", "band": "largo"}}, {"type": "Feature", "geometry": {"type": "Polygon", "coordinates": [[[9.788, 44.0455], [9.794, 44.0455], [9.794, 44.041], [9.788, 44.041], [9.788, 44.0455]]]}, "properties": {"id": "r41c43", "zone": "Riomaggiore", "band": "largo"}}, {"type": "Feature", "geometry": {"type": "Polygon", "coordinates": [[[9.793999999999999, 44.0455], [9.799999999999999, 44.0455], [9.799999999999999, 44.041], [9.793999999999999, 44.041], [9.793999999999999, 44.0455]]]}, "properties": {"id": "r41c44", "zone": "Riomaggiore", "band": "largo"}}, {"type": "Feature", "geometry": {"type": "Polygon", "coordinates": [[[9.799999999999999, 44.0455], [9.806, 44.0455], [9.806, 44.041], [9.799999999999999, 44.041], [9.799999999999999, 44.0455]]]}, "properties": {"id": "r41c45", "zone": "Riomaggiore", "band": "largo"}}, {"type": "Feature", "geometry": {"type": "Polygon", "coordinates": [[[9.806, 44.0455], [9.812, 44.0455], [9.812, 44.041], [9.806, 44.041], [9.806, 44.0455]]]}, "properties": {"id": "r41c46", "zone": "Riomaggiore", "band": "largo"}}, {"type": "Feature", "geometry": {"type": "Polygon", "coordinates": [[[9.812, 44.0455], [9.818, 44.0455], [9.818, 44.041], [9.812, 44.041], [9.812, 44.0455]]]}, "properties": {"id": "r41c47", "zone": "Riomaggiore", "band": "sottocosta"}}, {"type": "Feature", "geometry": {"type": "Polygon", "coordinates": [[[9.818, 44.0455], [9.824, 44.0455], [9.824, 44.041], [9.818, 44.041], [9.818, 44.0455]]]}, "properties": {"id": "r41c48", "zone": "Riomaggiore", "band": "sottocosta"}}, {"type": "Feature", "geometry": {"type": "Polygon", "coordinates": [[[9.745999999999999, 44.041], [9.751999999999999, 44.041], [9.751999999999999, 44.0365], [9.745999999999999, 44.0365], [9.745999999999999, 44.041]]]}, "properties": {"id": "r42c36", "zone": "Riomaggiore", "band": "largo"}}, {"type": "Feature", "geometry": {"type": "Polygon", "coordinates": [[[9.751999999999999, 44.041], [9.758, 44.041], [9.758, 44.0365], [9.751999999999999, 44.0365], [9.751999999999999, 44.041]]]}, "properties": {"id": "r42c37", "zone": "Riomaggiore", "band": "largo"}}, {"type": "Feature", "geometry": {"type": "Polygon", "coordinates": [[[9.758, 44.041], [9.764, 44.041], [9.764, 44.0365], [9.758, 44.0365], [9.758, 44.041]]]}, "properties": {"id": "r42c38", "zone": "Riomaggiore", "band": "largo"}}, {"type": "Feature", "geometry": {"type": "Polygon", "coordinates": [[[9.764, 44.041], [9.77, 44.041], [9.77, 44.0365], [9.764, 44.0365], [9.764, 44.041]]]}, "properties": {"id": "r42c39", "zone": "Riomaggiore", "band": "largo"}}, {"type": "Feature", "geometry": {"type": "Polygon", "coordinates": [[[9.77, 44.041], [9.776, 44.041], [9.776, 44.0365], [9.77, 44.0365], [9.77, 44.041]]]}, "properties": {"id": "r42c40", "zone": "Riomaggiore", "band": "largo"}}, {"type": "Feature", "geometry": {"type": "Polygon", "coordinates": [[[9.776, 44.041], [9.782, 44.041], [9.782, 44.0365], [9.776, 44.0365], [9.776, 44.041]]]}, "properties": {"id": "r42c41", "zone": "Riomaggiore", "band": "largo"}}, {"type": "Feature", "geometry": {"type": "Polygon", "coordinates": [[[9.782, 44.041], [9.788, 44.041], [9.788, 44.0365], [9.782, 44.0365], [9.782, 44.041]]]}, "properties": {"id": "r42c42", "zone": "Riomaggiore", "band": "largo"}}, {"type": "Feature", "geometry": {"type": "Polygon", "coordinates": [[[9.788, 44.041], [9.794, 44.041], [9.794, 44.0365], [9.788, 44.0365], [9.788, 44.041]]]}, "properties": {"id": "r42c43", "zone": "Riomaggiore", "band": "largo"}}, {"type": "Feature", "geometry": {"type": "Polygon", "coordinates": [[[9.793999999999999, 44.041], [9.799999999999999, 44.041], [9.799999999999999, 44.0365], [9.793999999999999, 44.0365], [9.793999999999999, 44.041]]]}, "properties": {"id": "r42c44", "zone": "Riomaggiore", "band": "largo"}}, {"type": "Feature", "geometry": {"type": "Polygon", "coordinates": [[[9.799999999999999, 44.041], [9.806, 44.041], [9.806, 44.0365], [9.799999999999999, 44.0365], [9.799999999999999, 44.041]]]}, "properties": {"id": "r42c45", "zone": "Riomaggiore", "band": "largo"}}, {"type": "Feature", "geometry": {"type": "Polygon", "coordinates": [[[9.806, 44.041], [9.812, 44.041], [9.812, 44.0365], [9.806, 44.0365], [9.806, 44.041]]]}, "properties": {"id": "r42c46", "zone": "Riomaggiore", "band": "largo"}}, {"type": "Feature", "geometry": {"type": "Polygon", "coordinates": [[[9.812, 44.041], [9.818, 44.041], [9.818, 44.0365], [9.812, 44.0365], [9.812, 44.041]]]}, "properties": {"id": "r42c47", "zone": "Riomaggiore", "band": "largo"}}, {"type": "Feature", "geometry": {"type": "Polygon", "coordinates": [[[9.818, 44.041], [9.824, 44.041], [9.824, 44.0365], [9.818, 44.0365], [9.818, 44.041]]]}, "properties": {"id": "r42c48", "zone": "Riomaggiore", "band": "largo"}}]}